professor_name,school_name,department_name,local_name,state_name,year_since_first_review,star_rating,take_again,diff_index,tag_professor,num_student,post_date,name_onlines,student_star,student_difficult,attence,for_credits,would_take_agains,grades,stu_tags,help_useful,help_not_useful,comments
Marjorie  Delbaere,University of Saskatchewan,Marketing department, Saskatoon, SK,8,4.5,N/A,2.4,Caring (2)  Gives good feedback (2)  GROUP PROJECTS (2)  Respected (1)  SO MANY PAPERS (1)  Amazing lectures (1),8,04/18/2017,COMM352,5.0,3.0,Not Mandatory,Yes,Yes,Not,CARING  AMAZING LECTURES  GIVES GOOD FEEDBACK,0,0,She is by far the best prof I have ever had. She really cares about her students and makes everything very interesting. If you are taking a marketing class I highly recommend her. Not only you will love the class but also take away something from it that you can use for real life.
Marjorie  Delbaere,University of Saskatchewan,Marketing department, Saskatoon, SK,8,4.5,N/A,2.4,Caring (2)  Gives good feedback (2)  GROUP PROJECTS (2)  Respected (1)  SO MANY PAPERS (1)  Amazing lectures (1),8,12/16/2014,COMM352,3.5,3.0,N/A,Yes,N/A,N/A,GIVES GOOD FEEDBACK  CARING  GROUP PROJECTS,1,0,"Fun class, lots of random work. Definitely don\'t bother buying the textbook. Group work isn\'t the best. Must know your terms and models for her exams."
Marjorie  Delbaere,University of Saskatchewan,Marketing department, Saskatoon, SK,8,4.5,N/A,2.4,Caring (2)  Gives good feedback (2)  GROUP PROJECTS (2)  Respected (1)  SO MANY PAPERS (1)  Amazing lectures (1),8,12/07/2014,COMM352,4.0,3.0,Not Mandatory,Yes,N/A,B,SO MANY PAPERS  RESPECTED  GROUP PROJECTS,0,0,"Great prof. She knows her stuff and asks frequently for feedback. Group paper is crazy long, so get an early start."
Marjorie  Delbaere,University of Saskatchewan,Marketing department, Saskatoon, SK,8,4.5,N/A,2.4,Caring (2)  Gives good feedback (2)  GROUP PROJECTS (2)  Respected (1)  SO MANY PAPERS (1)  Amazing lectures (1),8,05/23/2013,COMM354,5.0,3.0,N/A,N/A,N/A,N/A,,0,0,"Marjorie is Amazing! She is extremely smart and teaches the class great. She engages with the class and includes the class in examples. If you pay attention and study you will do great, she is also extremely helpful!"
Marjorie  Delbaere,University of Saskatchewan,Marketing department, Saskatoon, SK,8,4.5,N/A,2.4,Caring (2)  Gives good feedback (2)  GROUP PROJECTS (2)  Respected (1)  SO MANY PAPERS (1)  Amazing lectures (1),8,05/23/2013,COMM352,5.0,3.0,N/A,N/A,N/A,N/A,,0,0,Marjorie is by far the best Marketing Prof. in Edwards. She makes the classes extremely interesting and fun. She is also very helpful. She knows her stuff.
Marjorie  Delbaere,University of Saskatchewan,Marketing department, Saskatoon, SK,8,4.5,N/A,2.4,Caring (2)  Gives good feedback (2)  GROUP PROJECTS (2)  Respected (1)  SO MANY PAPERS (1)  Amazing lectures (1),8,08/16/2010,COMM354,3.5,2.0,N/A,N/A,N/A,N/A,,0,0,"Marjorie is so nice! Good instructor. Makes class fun. Exams are relatively easy, but you still need to study and attend class. Took as commerce elective and did well. She is approachable and will always take the time to help you out."
Marjorie  Delbaere,University of Saskatchewan,Marketing department, Saskatoon, SK,8,4.5,N/A,2.4,Caring (2)  Gives good feedback (2)  GROUP PROJECTS (2)  Respected (1)  SO MANY PAPERS (1)  Amazing lectures (1),8,05/14/2009,COMM354,5.0,1.0,N/A,N/A,N/A,N/A,,0,0,"One of the few good profs in Edwards. Always happy to be there and ready to teach and help. Marks were good for everyone and lectures were made fun with funny (not marked) clicker questions, jeopardy and videos. If you get the chance, take a class with her, it will be well worth your time and will boost your grade"
Marjorie  Delbaere,University of Saskatchewan,Marketing department, Saskatoon, SK,8,4.5,N/A,2.4,Caring (2)  Gives good feedback (2)  GROUP PROJECTS (2)  Respected (1)  SO MANY PAPERS (1)  Amazing lectures (1),8,01/26/2009,COMM354,5.0,1.0,N/A,N/A,N/A,N/A,,0,0,"She is very helpful and generous ... got a 95% on my term paper that probably woulda been a 70 from any other prof. Take this class with her, you\'ll come out with an 80 for sure"
