professor_name,school_name,department_name,local_name,state_name,year_since_first_review,star_rating,take_again,diff_index,tag_professor,num_student,post_date,name_onlines,student_star,student_difficult,attence,for_credits,would_take_agains,grades,stu_tags,help_useful,help_not_useful,comments
Macarena  Gomez-Barris,University of Southern California,Sociology department, Los Angeles, CA,7,3.1,N/A,4.4,Get ready to read (3)  LECTURE HEAVY (1)  Inspirational (1)  LOTS OF HOMEWORK (1)  Skip class? You won\'t pass. (1),7,05/16/2016,AMST135,2.5,5.0,N/A,Yes,N/A,B+,INSPIRATIONAL  GET READY TO READ  LECTURE HEAVY,0,0,"To explain why students have trouble w/the class, she says frequently that this is tough material to learn, but really it\'s because her lectures are cluttered and she doesn\'t explain the basics. I got a good grade 1/2 bc I follow a lot of social justice blogs on tumblr and 1/2 bc I\'m good at BSing. Great subject and instructor, poor execution"
Macarena  Gomez-Barris,University of Southern California,Sociology department, Los Angeles, CA,7,3.1,N/A,4.4,Get ready to read (3)  LECTURE HEAVY (1)  Inspirational (1)  LOTS OF HOMEWORK (1)  Skip class? You won\'t pass. (1),7,04/04/2016,AMST135,3.0,3.0,Not Mandatory,Yes,N/A,A,GET READY TO READ,0,0,She is very passionate about what she teaches and the lectures show her excitement. No computers allowed in her lectures unless you sit in the front. Take the class with friends so you can share notes on the reading. If I did not have a good TA I would not be doing well it he class.
Macarena  Gomez-Barris,University of Southern California,Sociology department, Los Angeles, CA,7,3.1,N/A,4.4,Get ready to read (3)  LECTURE HEAVY (1)  Inspirational (1)  LOTS OF HOMEWORK (1)  Skip class? You won\'t pass. (1),7,02/15/2016,AMST135,2.5,5.0,Mandatory,Yes,N/A,N/A,LOTS OF HOMEWORK  SKIP CLASS? YOU WON\'T PASS.  GET READY TO READ,0,0,"She teaches the class as if we were all grad students, and WE ARE NOT! She assigns a ridiculous amount of reading, and she moves quickly. Each lecture is pretty random--no common thread or logical class format at all. She\'s incredibly smart but not good at teaching undergrads. Thank god my TA is awesome."
Macarena  Gomez-Barris,University of Southern California,Sociology department, Los Angeles, CA,7,3.1,N/A,4.4,Get ready to read (3)  LECTURE HEAVY (1)  Inspirational (1)  LOTS OF HOMEWORK (1)  Skip class? You won\'t pass. (1),7,06/14/2013,AMST135,5.0,4.0,N/A,N/A,N/A,N/A,,0,0,GREAT!!! Lots of Reading but AMAZING teacher!
Macarena  Gomez-Barris,University of Southern California,Sociology department, Los Angeles, CA,7,3.1,N/A,4.4,Get ready to read (3)  LECTURE HEAVY (1)  Inspirational (1)  LOTS OF HOMEWORK (1)  Skip class? You won\'t pass. (1),7,09/10/2009,AMST135,2.0,5.0,N/A,N/A,N/A,N/A,,1,0,"She assigns so much reading that it is impossible to keep up. It seems like she doesn\'t realize students have other classes too. There are A LOT of readings every single day. In half a week, she assigned an entire novel to be read. In class she moves much too quickly for students to keep up. Very, very boring class."
Macarena  Gomez-Barris,University of Southern California,Sociology department, Los Angeles, CA,7,3.1,N/A,4.4,Get ready to read (3)  LECTURE HEAVY (1)  Inspirational (1)  LOTS OF HOMEWORK (1)  Skip class? You won\'t pass. (1),7,05/14/2009,SOC420,4.5,4.0,N/A,N/A,N/A,N/A,,1,1,No Comments
Macarena  Gomez-Barris,University of Southern California,Sociology department, Los Angeles, CA,7,3.1,N/A,4.4,Get ready to read (3)  LECTURE HEAVY (1)  Inspirational (1)  LOTS OF HOMEWORK (1)  Skip class? You won\'t pass. (1),7,04/08/2009,AMST499,2.0,5.0,N/A,N/A,N/A,N/A,,0,0,"Gomez-Barris has very strict and narrow ideas about what is valid and what is not good work and scholarship, and sad to say, this view appears to be affected by the race and gender of her students. If you line up directly with her interests, great. If not, run like the wind. She seems benevolent and interested in her students, but she is not."
