professor_name,school_name,department_name,local_name,state_name,year_since_first_review,star_rating,take_again,diff_index,tag_professor,num_student,post_date,name_onlines,student_star,student_difficult,attence,for_credits,would_take_agains,grades,stu_tags,help_useful,help_not_useful,comments
Alfred  Schademan,California State University Chico,Education department, Chico, CA,8,4.8,N/A,2.6,Amazing lectures (1)  Respected (1),5,12/27/2017,COS126,5.0,3.0,Mandatory,Yes,Yes,A,RESPECTED  AMAZING LECTURES,0,0,"Great class, great professor. Take him I recommend it."
Alfred  Schademan,California State University Chico,Education department, Chico, CA,8,4.8,N/A,2.6,Amazing lectures (1)  Respected (1),5,11/12/2010,EDCI6,5.0,4.0,N/A,N/A,N/A,N/A,,0,0,Great teacher. Great leader. Great information learned in his class. Thankful to have a great teacher.
Alfred  Schademan,California State University Chico,Education department, Chico, CA,8,4.8,N/A,2.6,Amazing lectures (1)  Respected (1),5,07/19/2010,EDUC1,4.5,2.0,N/A,N/A,N/A,N/A,,0,0,
Alfred  Schademan,California State University Chico,Education department, Chico, CA,8,4.8,N/A,2.6,Amazing lectures (1)  Respected (1),5,12/14/2009,EDTE530,5.0,1.0,N/A,N/A,N/A,N/A,,0,0,"Very, very informative and overall, great professor. He requires a lot of group work, but assignments are very easy. If you want an easy A, take his course!"
Alfred  Schademan,California State University Chico,Education department, Chico, CA,8,4.8,N/A,2.6,Amazing lectures (1)  Respected (1),5,01/27/2009,EDUC530,4.5,3.0,N/A,N/A,N/A,N/A,,0,0,"Schademan is the man! He is a totally chill guy and although attendance is pretty much required, class was usually pretty interesting everyday. What\'s also cool is that he feels that letter grades are important, but the knowledge at this point is way more valuable than the letter grade itself. I pretty much batted 1000 all semester."
