professor_name,school_name,department_name,local_name,state_name,year_since_first_review,star_rating,take_again,diff_index,tag_professor,num_student,post_date,name_onlines,student_star,student_difficult,attence,for_credits,would_take_agains,grades,stu_tags,help_useful,help_not_useful,comments
Aditi  Grover,Plymouth State University,Business department, Plymouth, NH,4,3.0,N/A,3.3,,7,12/10/2013,BU3360,3.5,4.0,N/A,N/A,N/A,N/A,,0,0,"She is very, very nice. She is confusing to understand & the class is pretty boring but she is super understanding & gives you the chance to re-submit all of your tests. If you communicate with her she will work with you, even let you take a test late if you cannot make it for some reason."
Aditi  Grover,Plymouth State University,Business department, Plymouth, NH,4,3.0,N/A,3.3,,7,05/28/2012,CBBU33,3.0,2.0,N/A,N/A,N/A,N/A,,0,0,"I took Consumer Behavior (required for my major, otherwise I wouldn\'t have taken it) with Aditi and she was very nice. Her accent is sort of difficult to understand at first, but overall, if you pay attention and attend class, it\'s not bad."
Aditi  Grover,Plymouth State University,Business department, Plymouth, NH,4,3.0,N/A,3.3,,7,04/20/2012,BU3340,4.5,3.0,N/A,N/A,N/A,N/A,,0,0,"Aditi is a very willing teacher. Overall if you put the effort in, she will reward you. Very understanding teacher, a bit hard to understand at times, but is always willing to repeat. I learned a lot from her consumer behavior class, and she is also a good advisor. Go for it!"
Aditi  Grover,Plymouth State University,Business department, Plymouth, NH,4,3.0,N/A,3.3,,7,05/16/2010,BUBU,4.5,3.0,N/A,N/A,N/A,N/A,,0,0,"I like the way she explains the material. Also, she gives good handouts which are very helpful."
Aditi  Grover,Plymouth State University,Business department, Plymouth, NH,4,3.0,N/A,3.3,,7,05/16/2010,BU2240,1.0,4.0,N/A,N/A,N/A,N/A,,0,0,She does not know how to explain what she is trying teaching. The simplest task will take her 3 classes to explain and by the end of it you\'ll wide up more confused then when you started.
Aditi  Grover,Plymouth State University,Business department, Plymouth, NH,4,3.0,N/A,3.3,,7,11/03/2009,CBCBCBCB,1.0,5.0,N/A,N/A,N/A,N/A,,0,0,SHE IS THE WORST TEACHER. YOU CANT UNDERSTAND A WORD OUT OF HER MOUTH AND SHE IS NOT CLEAR. FOLLOW SYLLABUS!
Aditi  Grover,Plymouth State University,Business department, Plymouth, NH,4,3.0,N/A,3.3,,7,10/27/2009,BU2240,3.5,2.0,N/A,N/A,N/A,N/A,,0,0,"Good Teacher, goes at a slow pace so you can understand the material. Sometimes a little to slow, tends to repeat alot. Once you are used to her accent it isnt bad. Overall pretty easy"
