professor_name,school_name,department_name,local_name,state_name,year_since_first_review,star_rating,take_again,diff_index,tag_professor,num_student,post_date,name_onlines,student_star,student_difficult,attence,for_credits,would_take_agains,grades,stu_tags,help_useful,help_not_useful,comments
Christine  Gelineau,Binghamton University (SUNY),Creative Writing department, Binghamton, NY,9,3.5,N/A,3.5,Gives good feedback (3)  Skip class? You won\'t pass. (2)  Get ready to read (2)  Caring (1)  Clear grading criteria (1)  Participation matters (1)  ACCESSIBLE OUTSIDE CLASS (1),9,01/10/2018,ENG370D,5.0,3.0,Mandatory,Yes,Yes,A,CLEAR GRADING CRITERIA  CARING  GIVES GOOD FEEDBACK,0,0,"takes effort into consideration. send her some outlines. fairly easy grader despite harsh critiques. (if I can pull it off as a first semester freshman majoring in maths, you can too)."
Christine  Gelineau,Binghamton University (SUNY),Creative Writing department, Binghamton, NY,9,3.5,N/A,3.5,Gives good feedback (3)  Skip class? You won\'t pass. (2)  Get ready to read (2)  Caring (1)  Clear grading criteria (1)  Participation matters (1)  ACCESSIBLE OUTSIDE CLASS (1),9,04/06/2017,ENG380,5.0,3.0,Mandatory,Yes,Yes,N/A,GIVES GOOD FEEDBACK  GET READY TO READ  ACCESSIBLE OUTSIDE CLASS,0,0,good prof
Christine  Gelineau,Binghamton University (SUNY),Creative Writing department, Binghamton, NY,9,3.5,N/A,3.5,Gives good feedback (3)  Skip class? You won\'t pass. (2)  Get ready to read (2)  Caring (1)  Clear grading criteria (1)  Participation matters (1)  ACCESSIBLE OUTSIDE CLASS (1),9,03/29/2017,CW360,1.0,2.0,Mandatory,Yes,No,A,SKIP CLASS? YOU WON\'T PASS.  GET READY TO READ,0,0,"This professsor is terrible. She talks over everyone, including the guest speakers and students asking questions. She is condescending and refuses to hold any proper discussions about the literature. She constantly talks about herself and her own work, in a bragging kind of way. Very rude. Expected better. She has ruined the CW department for me."
Christine  Gelineau,Binghamton University (SUNY),Creative Writing department, Binghamton, NY,9,3.5,N/A,3.5,Gives good feedback (3)  Skip class? You won\'t pass. (2)  Get ready to read (2)  Caring (1)  Clear grading criteria (1)  Participation matters (1)  ACCESSIBLE OUTSIDE CLASS (1),9,12/17/2014,370,3.0,4.0,Mandatory,Yes,N/A,B-,PARTICIPATION MATTERS  SKIP CLASS? YOU WON\'T PASS.  GIVES GOOD FEEDBACK,0,0,"The readings were difficult and a lot of it. Be prepared to invest a lot of time into the readings. I had a hard time comprehending some of the literature, but overall they were interesting. She explains the texts well and she breaks us up into small groups often to further discuss the literature. Not a bad class, just be prepared to read!"
Christine  Gelineau,Binghamton University (SUNY),Creative Writing department, Binghamton, NY,9,3.5,N/A,3.5,Gives good feedback (3)  Skip class? You won\'t pass. (2)  Get ready to read (2)  Caring (1)  Clear grading criteria (1)  Participation matters (1)  ACCESSIBLE OUTSIDE CLASS (1),9,01/20/2014,REVISINGAMER,5.0,3.0,N/A,N/A,N/A,N/A,,0,0,"Read the assignments and take notes in class, present well-organized and text-supported 3-5pg essays. Gelineau\'s a clear and interesting lecturer- I don\'t like the subject but I always enjoyed her explanations of it. She gives great feedback re: essay outlines and the Bb discussions. People who can\'t handle it give English majors a bad name!"
Christine  Gelineau,Binghamton University (SUNY),Creative Writing department, Binghamton, NY,9,3.5,N/A,3.5,Gives good feedback (3)  Skip class? You won\'t pass. (2)  Get ready to read (2)  Caring (1)  Clear grading criteria (1)  Participation matters (1)  ACCESSIBLE OUTSIDE CLASS (1),9,12/18/2012,ENG370D,3.5,4.0,N/A,N/A,N/A,N/A,,0,0,"She is a great professor, but be prepared to invest some time into this class. She assigns a lot of reading and I was overwhelmed when I didn\'t leave myself a lot of time to get work done for her class. She\'s friendly, instructive and her lectures were always interesting, if a little dry. I would recommend her class."
Christine  Gelineau,Binghamton University (SUNY),Creative Writing department, Binghamton, NY,9,3.5,N/A,3.5,Gives good feedback (3)  Skip class? You won\'t pass. (2)  Get ready to read (2)  Caring (1)  Clear grading criteria (1)  Participation matters (1)  ACCESSIBLE OUTSIDE CLASS (1),9,11/12/2012,ENG380,3.0,5.0,N/A,N/A,N/A,N/A,,1,0,"Harsh grader, dry lectures"
Christine  Gelineau,Binghamton University (SUNY),Creative Writing department, Binghamton, NY,9,3.5,N/A,3.5,Gives good feedback (3)  Skip class? You won\'t pass. (2)  Get ready to read (2)  Caring (1)  Clear grading criteria (1)  Participation matters (1)  ACCESSIBLE OUTSIDE CLASS (1),9,07/18/2009,ENG300,4.0,5.0,N/A,N/A,N/A,N/A,,1,0,"An extremely thorough and challenging teacher. She really does push her students and certainly puts in the hours. I would recommend her classes, although you must be prepared to do the reading to keep up with the volume of work she sets. However, a truly rewarding class."
Christine  Gelineau,Binghamton University (SUNY),Creative Writing department, Binghamton, NY,9,3.5,N/A,3.5,Gives good feedback (3)  Skip class? You won\'t pass. (2)  Get ready to read (2)  Caring (1)  Clear grading criteria (1)  Participation matters (1)  ACCESSIBLE OUTSIDE CLASS (1),9,07/17/2009,CW000,1.0,3.0,N/A,N/A,N/A,N/A,,0,2,"The worst professor- not only at Binghamton, but possibly in the entire world. Whoever gave this woman a job didn\'t realize that she would go mad with power. She takes herself and her awful class far too seriously. If avoiding her means jumping out of a building... well, you get the idea."
