professor_name,school_name,department_name,local_name,state_name,year_since_first_review,star_rating,take_again,diff_index,tag_professor,num_student,post_date,name_onlines,student_star,student_difficult,attence,for_credits,would_take_agains,grades,stu_tags,help_useful,help_not_useful,comments
Paul  Ahlvin,Southwestern Illinois College,Mathematics department, Belleville, IL,8,5.0,N/A,1.5,Hilarious (4)  Respected (2)  Gives good feedback (2)  Inspirational (1)  Amazing lectures (1),21,08/03/2017,MATH093,5.0,1.0,Mandatory,Yes,Yes,B,HILARIOUS  INSPIRATIONAL  GIVES GOOD FEEDBACK,1,0,Mr. Ahlvin is the best math teacher i ever had.. he takes time to make sure you know what you are doing.. he gives you everything you need to make sure you pass the test. he is very patient and caring when it comes to his students. if you don\'t pass his class its your own fault.. I wish I could have him for every math class I have to take.
Paul  Ahlvin,Southwestern Illinois College,Mathematics department, Belleville, IL,8,5.0,N/A,1.5,Hilarious (4)  Respected (2)  Gives good feedback (2)  Inspirational (1)  Amazing lectures (1),21,02/14/2017,MATH93,5.0,3.0,Mandatory,Yes,Yes,N/A,AMAZING LECTURES  HILARIOUS  RESPECTED,0,0,His sense of humor keeps the class interesting!
Paul  Ahlvin,Southwestern Illinois College,Mathematics department, Belleville, IL,8,5.0,N/A,1.5,Hilarious (4)  Respected (2)  Gives good feedback (2)  Inspirational (1)  Amazing lectures (1),21,05/19/2015,MATH93,5.0,1.0,Mandatory,N/A,Yes,A,RESPECTED  HILARIOUS,1,0,"Ahlvin was an awesome teacher. I have always liked math, but he makes the class fun with his silly humor! He explains step by step how to solve problems. He also walks around asking if anyone needs help, which I appreciate. I was hoping to have him for Math 94, however he isn\'t teaching that class this year. :( We need more teachers like him!!"
Paul  Ahlvin,Southwestern Illinois College,Mathematics department, Belleville, IL,8,5.0,N/A,1.5,Hilarious (4)  Respected (2)  Gives good feedback (2)  Inspirational (1)  Amazing lectures (1),21,10/28/2014,93,5.0,2.0,Mandatory,Yes,Yes,B,HILARIOUS  GIVES GOOD FEEDBACK,2,0,"I was paranoid because math is not my area but I received a B. Ahlvin made me confident & understand math. His humor is an bonus amenity. He does give generous homework daily, except for after test. I wanted to take him for 94 unfortunately he didn\'t teach now I\'m averaging a D. The professor definitely makes a difference."
Paul  Ahlvin,Southwestern Illinois College,Mathematics department, Belleville, IL,8,5.0,N/A,1.5,Hilarious (4)  Respected (2)  Gives good feedback (2)  Inspirational (1)  Amazing lectures (1),21,05/09/2014,MATH93,5.0,1.0,Mandatory,N/A,N/A,A,,0,0,He is a great teacher. He will explain everything piece by piece. You do a worksheet and book work for homework and it is not that bad at all.
Paul  Ahlvin,Southwestern Illinois College,Mathematics department, Belleville, IL,8,5.0,N/A,1.5,Hilarious (4)  Respected (2)  Gives good feedback (2)  Inspirational (1)  Amazing lectures (1),21,04/13/2014,MATH93,5.0,2.0,Not Mandatory,N/A,N/A,A-,,0,2,He is a great teacher!!! I hated math before having him as an instructor.... I have really grown an interest in algebra. I plan to take him for math94 fall semester too!
Paul  Ahlvin,Southwestern Illinois College,Mathematics department, Belleville, IL,8,5.0,N/A,1.5,Hilarious (4)  Respected (2)  Gives good feedback (2)  Inspirational (1)  Amazing lectures (1),21,01/13/2014,MATH094,5.0,1.0,Not Mandatory,N/A,N/A,B+,,0,0,"one of thebest teachers ive ever had, such a nice guy, would help anyone with anything. class is easy and work is simple"
Paul  Ahlvin,Southwestern Illinois College,Mathematics department, Belleville, IL,8,5.0,N/A,1.5,Hilarious (4)  Respected (2)  Gives good feedback (2)  Inspirational (1)  Amazing lectures (1),21,11/05/2013,MATH094,5.0,1.0,Not Mandatory,N/A,N/A,N/A,,0,1,"Ahlvin is by far one of the best math teachers I\'ve ever had; he\'s very patient and very clear and obviously cares about his students. He does assign a lot of homework, but it\'s really easy and doesn\'t take very long."
Paul  Ahlvin,Southwestern Illinois College,Mathematics department, Belleville, IL,8,5.0,N/A,1.5,Hilarious (4)  Respected (2)  Gives good feedback (2)  Inspirational (1)  Amazing lectures (1),21,12/04/2012,MATH93,5.0,1.0,N/A,N/A,N/A,N/A,,0,0,"Mr. Ahlvin is a WONDERFUL teacher, he makes sure you understand the material. He is extremly patient! VERY good teacher! if you have a hard time with math like me i highly suggest you attend his class"
Paul  Ahlvin,Southwestern Illinois College,Mathematics department, Belleville, IL,8,5.0,N/A,1.5,Hilarious (4)  Respected (2)  Gives good feedback (2)  Inspirational (1)  Amazing lectures (1),21,11/11/2012,MATH094,5.0,1.0,N/A,N/A,N/A,N/A,,0,0,"I have taken this class twice and I am one that hates math. Mr A is an excellent teacher, extremely helpful. If you struggle with math he is the teacher to have. Best teacher ever he does his job!! Wish he taught ever class I have to take."
Paul  Ahlvin,Southwestern Illinois College,Mathematics department, Belleville, IL,8,5.0,N/A,1.5,Hilarious (4)  Respected (2)  Gives good feedback (2)  Inspirational (1)  Amazing lectures (1),21,02/06/2012,MATH94,5.0,2.0,N/A,N/A,N/A,N/A,,0,0,"BEST MATH TEACHER I\'VE EVER HAD! I hateeee math but Mr. Ahlvin was by far the best teacher I\'ve ever had. He is the nicest guy and he explains math so easily. I seriously wish I could have him for all my math classes! I HIGHLY recommend taking his class, you won\'t regret it."
Paul  Ahlvin,Southwestern Illinois College,Mathematics department, Belleville, IL,8,5.0,N/A,1.5,Hilarious (4)  Respected (2)  Gives good feedback (2)  Inspirational (1)  Amazing lectures (1),21,11/16/2011,MATH093,5.0,1.0,N/A,N/A,N/A,N/A,,0,0,"I had Mr. Ahlvin in my first class, first year back to college after 20 years away from school. This teacher is the reason I am STILL in school. Hands down after 3 years at SWIC, he is my favorite all teacher. He still tells me to stop by anytime I need help in Math. I HIGHLY recommend him in ANY Math class you can get him in. Thanks Mr. Ahlvin!!"
Paul  Ahlvin,Southwestern Illinois College,Mathematics department, Belleville, IL,8,5.0,N/A,1.5,Hilarious (4)  Respected (2)  Gives good feedback (2)  Inspirational (1)  Amazing lectures (1),21,07/03/2011,MATH94,5.0,1.0,N/A,N/A,N/A,N/A,,0,0,"Seriously the sweetest teacher I\'ve ever had. I abhor math class, but I could actually stand his and passed it no problem. He doesn\'t use Math XL, which I actually liked about him. He accepted late work, thank god, and just generally really nice. Sometimes he gave us a little too much homework, but nothing impossible. Take him, you won\'t regret it!"
Paul  Ahlvin,Southwestern Illinois College,Mathematics department, Belleville, IL,8,5.0,N/A,1.5,Hilarious (4)  Respected (2)  Gives good feedback (2)  Inspirational (1)  Amazing lectures (1),21,04/29/2011,MATH94,5.0,2.0,N/A,N/A,N/A,N/A,,0,0,He is a great teacher! very helpful and he really cares. He wants you to understand math and for someone who hates math should take his class! i wish he could be my math teacher for every semester.
Paul  Ahlvin,Southwestern Illinois College,Mathematics department, Belleville, IL,8,5.0,N/A,1.5,Hilarious (4)  Respected (2)  Gives good feedback (2)  Inspirational (1)  Amazing lectures (1),21,11/28/2010,MATH093,5.0,1.0,N/A,N/A,N/A,N/A,,0,0,"Mr. Ahlvin is a great teacher. He does assign a lot of homework, but I feel it made me understand better. usually its no more than 10 to 20 problems. He is funny, easy to understand, and happy to help. Some in class could not pass 093 till his 093. Wish I could personally have him for math for the rest of my college career. GREAT A+ TEACHER!!"
Paul  Ahlvin,Southwestern Illinois College,Mathematics department, Belleville, IL,8,5.0,N/A,1.5,Hilarious (4)  Respected (2)  Gives good feedback (2)  Inspirational (1)  Amazing lectures (1),21,11/12/2010,MATH012,5.0,3.0,N/A,N/A,N/A,N/A,,0,0,he is probably one of the best math teachers ive ever had teach me. he is very helpful. a good teacher for anyone who has trouble with math. he will help you at any time and will teacher you step by step front to back no spaces in between. most definelty the best teacher!
Paul  Ahlvin,Southwestern Illinois College,Mathematics department, Belleville, IL,8,5.0,N/A,1.5,Hilarious (4)  Respected (2)  Gives good feedback (2)  Inspirational (1)  Amazing lectures (1),21,05/27/2010,MATH093,5.0,1.0,N/A,N/A,N/A,N/A,,0,0,Excellent teacher I would recommend him to anyone who has struggled with Mathematics he is very helpful and makes math seem like a breese outstanding teacher!!!
Paul  Ahlvin,Southwestern Illinois College,Mathematics department, Belleville, IL,8,5.0,N/A,1.5,Hilarious (4)  Respected (2)  Gives good feedback (2)  Inspirational (1)  Amazing lectures (1),21,03/26/2010,MATH94,5.0,1.0,N/A,N/A,N/A,N/A,,0,0,Great teacher!!!! teachers math great
Paul  Ahlvin,Southwestern Illinois College,Mathematics department, Belleville, IL,8,5.0,N/A,1.5,Hilarious (4)  Respected (2)  Gives good feedback (2)  Inspirational (1)  Amazing lectures (1),21,01/04/2010,MATH097,5.0,1.0,N/A,N/A,N/A,N/A,,0,0,"Great Teacher..i love math, favorite subject. and he made it very easy to undersand even though i already knew most of the material he was teaching. great choice of teacher. :]"
Paul  Ahlvin,Southwestern Illinois College,Mathematics department, Belleville, IL,8,5.0,N/A,1.5,Hilarious (4)  Respected (2)  Gives good feedback (2)  Inspirational (1)  Amazing lectures (1),21,09/21/2009,MATH097,5.0,3.0,N/A,N/A,N/A,N/A,,0,0,"I didn\'t like math until Mr. Alvin. I loved coming to class once I realized the teacher I was working with. There is lots of work to be done..but when you leave his class you actually understand it, it\'s amazing. He is so helpful and he is so kind. I HIGHLY recommend Mr. Alhvin for everyone! He breaks down everything and makes it so simple, GREAT T"
