professor_name,school_name,department_name,local_name,state_name,year_since_first_review,star_rating,take_again,diff_index,tag_professor,num_student,post_date,name_onlines,student_star,student_difficult,attence,for_credits,would_take_agains,grades,stu_tags,help_useful,help_not_useful,comments
David  Lektzian,Texas Tech University,Political Science department, Lubbock, TX,6,4.4,N/A,2.3,Respected (4)  Caring (2)  BEWARE OF POP QUIZZES (2)  Amazing lectures (1),12,06/24/2015,POLS3365,5.0,3.0,N/A,Yes,Yes,A,CARING  RESPECTED,1,0,"Dr. Lektzian is one of my favorite professors I have taken at Texas Tech University mostly due to his lecture methods. He does an excellent job of providing students with either side of an argument whether it correlates with his view, your view, or any other person\'s view. He is respectful to all his students and provides ample opportunity to pass."
David  Lektzian,Texas Tech University,Political Science department, Lubbock, TX,6,4.4,N/A,2.3,Respected (4)  Caring (2)  BEWARE OF POP QUIZZES (2)  Amazing lectures (1),12,06/22/2015,POLS3365,5.0,2.0,Mandatory,Yes,N/A,B,,1,0,"Great learning environment that encourages critical thinking skills. He teaches the subject fairly giving valid examples from both sides. If you have a different viewpoint, he acknowledges and nurtures what\'s on your mind. Laid back atmosphere, and wonderful classroom discussions. 1010 would take again. I got a B because I didn\'t study."
David  Lektzian,Texas Tech University,Political Science department, Lubbock, TX,6,4.4,N/A,2.3,Respected (4)  Caring (2)  BEWARE OF POP QUIZZES (2)  Amazing lectures (1),12,05/29/2015,POLS3365,4.5,2.0,Not Mandatory,Yes,N/A,A,BEWARE OF POP QUIZZES  RESPECTED  CARING,1,0,"Dr. Lektzian is clearly incredibly knowledgable about the material he teaches. He\'s able to teach the class in a way that helps you learn the material but also makes you feel invested. I took him over a Maymester and wish I would\'ve taken him during a long semester. If you see his name listed as your professor, don\'t worry; you\'re in great hands."
David  Lektzian,Texas Tech University,Political Science department, Lubbock, TX,6,4.4,N/A,2.3,Respected (4)  Caring (2)  BEWARE OF POP QUIZZES (2)  Amazing lectures (1),12,12/06/2014,3361,4.0,3.0,Not Mandatory,Yes,Yes,Not,AMAZING LECTURES  RESPECTED,2,0,"Great professor. Really dedicated to actually teaching you. DO THE REVIEW. Everything from the review are on the test. Interesting lectures and you actually learn interesting stuff. Great class, would love to take him again."
David  Lektzian,Texas Tech University,Political Science department, Lubbock, TX,6,4.4,N/A,2.3,Respected (4)  Caring (2)  BEWARE OF POP QUIZZES (2)  Amazing lectures (1),12,09/29/2014,POLS3365,5.0,2.0,N/A,Yes,Yes,N/A,RESPECTED  BEWARE OF POP QUIZZES,1,0,"Taken during summer. Easy class. Powerpoints with a couple movies. Tests are easy, from powerpoints. No book heavy reading."
David  Lektzian,Texas Tech University,Political Science department, Lubbock, TX,6,4.4,N/A,2.3,Respected (4)  Caring (2)  BEWARE OF POP QUIZZES (2)  Amazing lectures (1),12,08/24/2014,POLS3365,5.0,3.0,Mandatory,N/A,N/A,A,,1,0,"I took his class during the summer, and now I\'m really wishing that I had taken it during the semester. He\'s well versed on IR and has tons of cool experiences to share. Some people had a difficult time with quizzes/tests. Make sure you\'re in class each day for pop quizzes and take good notes!"
David  Lektzian,Texas Tech University,Political Science department, Lubbock, TX,6,4.4,N/A,2.3,Respected (4)  Caring (2)  BEWARE OF POP QUIZZES (2)  Amazing lectures (1),12,06/01/2013,POLS3365,4.0,3.0,N/A,N/A,N/A,N/A,,1,0,"Very interesting class, and professor Lektzian is also very helpful. Tests are just like the lectures. He does not take attendance but he does give out a few quizzes every now and then."
David  Lektzian,Texas Tech University,Political Science department, Lubbock, TX,6,4.4,N/A,2.3,Respected (4)  Caring (2)  BEWARE OF POP QUIZZES (2)  Amazing lectures (1),12,07/06/2011,POLS3365,4.0,3.0,N/A,N/A,N/A,N/A,,1,0,I hardly ever went to class and made it out with a B. I studied hardcore for the tests though (there were only 2; a midterm and final). He\'s very nice but gives you a few pop quizzes to monitor attendance but if you miss one or two it\'s no big deal. I didn\'t read any of the books but got a B on the final paper/presentation and as my final grade.
David  Lektzian,Texas Tech University,Political Science department, Lubbock, TX,6,4.4,N/A,2.3,Respected (4)  Caring (2)  BEWARE OF POP QUIZZES (2)  Amazing lectures (1),12,04/05/2010,POLS1301,4.5,2.0,N/A,N/A,N/A,N/A,,0,0,"Not really hard, but read the book. Thoroughly answer the review study guide he posts online and you\'ll be fine. He curves the exams so that the class average is a 75. My average for the class was a 101."
David  Lektzian,Texas Tech University,Political Science department, Lubbock, TX,6,4.4,N/A,2.3,Respected (4)  Caring (2)  BEWARE OF POP QUIZZES (2)  Amazing lectures (1),12,11/04/2009,POLS1301,4.5,2.0,N/A,N/A,N/A,N/A,,0,0,"Make sure you show up, in my class attendance wasn\'t mandatory but he would randomly have pop quizzes with questions like ""What\'s your favorite color?"" I never really studied and got a 90 in it so he\'s good!!"
David  Lektzian,Texas Tech University,Political Science department, Lubbock, TX,6,4.4,N/A,2.3,Respected (4)  Caring (2)  BEWARE OF POP QUIZZES (2)  Amazing lectures (1),12,07/29/2009,POLS1301,4.0,1.0,N/A,N/A,N/A,N/A,,0,0,"Super easy. Doesn\'t take attendence. No assignments. 4 tests, 40 Q each with an hour and 20 minutes to finish. just read the book and get the power points from his site and your\'re all set. I only got a C because I was lazy and didn\'t read. He\'s easy going if your miss an exam and have a good reason for it. He just wants yuo to do well and pass."
David  Lektzian,Texas Tech University,Political Science department, Lubbock, TX,6,4.4,N/A,2.3,Respected (4)  Caring (2)  BEWARE OF POP QUIZZES (2)  Amazing lectures (1),12,01/28/2009,POLS1301,3.0,2.0,N/A,N/A,N/A,N/A,,0,2,"Easy teacher that does not take attendance. He will randomly have extra credit quizzes during class that refer to questions such as ""Who\'s going to win the game this weekend; Answer: TECH."" He uses powerpoints during his lectures that are available for print. There is no homework. Tests are not too bad. Good teacher!"
