professor_name,school_name,department_name,local_name,state_name,year_since_first_review,star_rating,take_again,diff_index,tag_professor,num_student,post_date,name_onlines,student_star,student_difficult,attence,for_credits,would_take_agains,grades,stu_tags,help_useful,help_not_useful,comments
S  Benferhat,Long Island University,Mathematics department, Brooklyn, NY,7,1.6,N/A,4.2,,9,09/18/2016,MATH100,1.0,4.0,Mandatory,Yes,No,N/A,,0,0,Took him for statistics in Fall 16 for one day and immediately dropped. Heavy accent and does not make sense whatsoever when teaching. Does not like questions. Extremely unclear when explaining. Avoided him and took another stats class.
S  Benferhat,Long Island University,Mathematics department, Brooklyn, NY,7,1.6,N/A,4.2,,9,01/21/2011,MATH100,2.5,3.0,N/A,N/A,N/A,N/A,,1,0,jus do the homework.
S  Benferhat,Long Island University,Mathematics department, Brooklyn, NY,7,1.6,N/A,4.2,,9,05/19/2009,MATH100,1.5,5.0,N/A,N/A,N/A,N/A,,0,0,his tests are hard. only 3 students were passing in his class. so he said 80 is an A. otherwise we would be dead!!!
S  Benferhat,Long Island University,Mathematics department, Brooklyn, NY,7,1.6,N/A,4.2,,9,05/14/2009,MTH100,3.0,2.0,N/A,N/A,N/A,N/A,,0,0,"NOT AS HARD AS EVERYONE IS SAYING, BUT YOU NEED 2 LEARN ON YOUR OWN AT TIMES, B/C SOMETIMES HE IS UNCLEAR.. STAY ABOVE THE CLASS, AND YOU WILL GET A DECENT GRADE OUT OF HIM."
S  Benferhat,Long Island University,Mathematics department, Brooklyn, NY,7,1.6,N/A,4.2,,9,04/11/2009,MATH100,1.0,5.0,N/A,N/A,N/A,N/A,,0,0,"He\'s a terrible professor. His tests are very hard and tricky. He can\'t teach. He makes stupid jokes and he is friendly in a fake way. He doesn\'t like to give student UW because he\'s lazy. Don\'t take him, waste of time and money."
S  Benferhat,Long Island University,Mathematics department, Brooklyn, NY,7,1.6,N/A,4.2,,9,04/07/2009,MTH100,1.0,5.0,N/A,N/A,N/A,N/A,,0,0,"u will understand what he does in the class. but when he gives tests, it extremely hard. tests are not related to what he does in the class or for hw. he is annoyed easily & if he does not like u, he will definitely fail u. so be careful!! if u want to fail, take him!"
S  Benferhat,Long Island University,Mathematics department, Brooklyn, NY,7,1.6,N/A,4.2,,9,04/04/2009,MTH100,1.0,5.0,N/A,N/A,N/A,N/A,,0,0,dont take this professor. do yourself a fav. dont waste your money. he is horrible.
S  Benferhat,Long Island University,Mathematics department, Brooklyn, NY,7,1.6,N/A,4.2,,9,04/02/2009,MATH100,1.0,5.0,N/A,N/A,N/A,N/A,,0,0,do not take him. he is a horrible teacher. can not teach.
S  Benferhat,Long Island University,Mathematics department, Brooklyn, NY,7,1.6,N/A,4.2,,9,01/24/2009,MTH100,2.0,4.0,N/A,N/A,N/A,N/A,,0,0,some1 rate this prof.. plz!!
