professor_name,school_name,department_name,local_name,state_name,year_since_first_review,star_rating,take_again,diff_index,tag_professor,num_student,post_date,name_onlines,student_star,student_difficult,attence,for_credits,would_take_agains,grades,stu_tags,help_useful,help_not_useful,comments
Lemuria  Carter,North Carolina Agricultural & Technical State University,Accounting department, Greensboro, NC,5,2.8,N/A,3.5,,4,05/29/2014,ACCT526,4.5,3.0,N/A,N/A,N/A,N/A,,0,0,"Dr. Carter is a great professor. She will make you earn your grade, but if you just ask for help she is willing to work with you!"
Lemuria  Carter,North Carolina Agricultural & Technical State University,Accounting department, Greensboro, NC,5,2.8,N/A,3.5,,4,05/06/2014,ACCT222,1.0,4.0,Mandatory,N/A,N/A,N/A,,0,0,Talked down to students
Lemuria  Carter,North Carolina Agricultural & Technical State University,Accounting department, Greensboro, NC,5,2.8,N/A,3.5,,4,05/01/2014,ACCT222,1.0,5.0,Mandatory,N/A,N/A,N/A,,0,0,Never Take this professor. She doesn\'t help your understanding what so ever.
Lemuria  Carter,North Carolina Agricultural & Technical State University,Accounting department, Greensboro, NC,5,2.8,N/A,3.5,,4,03/26/2009,ACCT221,4.5,2.0,N/A,N/A,N/A,N/A,,0,0,No Comments
