professor_name,school_name,department_name,local_name,state_name,year_since_first_review,star_rating,take_again,diff_index,tag_professor,num_student,post_date,name_onlines,student_star,student_difficult,attence,for_credits,would_take_agains,grades,stu_tags,help_useful,help_not_useful,comments
Kenneth  Potts,Waubonsee Community College,Music department, Sugar Grove, IL,2,2.1,N/A,4.3,,4,09/21/2011,MUS101,1.5,4.0,N/A,N/A,N/A,N/A,,0,0,"I found him a terrible, arrogant teacher. He didn\'t seem to care about his students at all. I went from loving all kinds of music to dreading going to his class. He was the only bad of 30 plus teachers I\'ve had at WCC. I did the readings and he picked obscure questions for pop quizzes that even if I read twice, I wouldn\'t remember."
Kenneth  Potts,Waubonsee Community College,Music department, Sugar Grove, IL,2,2.1,N/A,4.3,,4,05/15/2010,HUM101,3.5,4.0,N/A,N/A,N/A,N/A,,0,0,"Yes he can be hard, but only if you don\'t ask questions in class or not do the readings, which is your responsibliity. Readings are not that bad, 10 pgs a week and a short essay on one of the readings. Exams can be difficult but if you pay attention in class and take notes all the questions are there and in the readings. Would take another with him"
Kenneth  Potts,Waubonsee Community College,Music department, Sugar Grove, IL,2,2.1,N/A,4.3,,4,08/09/2009,HUM101,2.0,4.0,N/A,N/A,N/A,N/A,,0,0,"Ken Potts is a terrbile teacher. He\'s disrespectful, rude, and extrememly boring. Class attendance is mandatory and he fully expects everyone to read all assignments in the textbook. Lots of useless busy work, tests are somewhat difficult. Overall a terrible class."
Kenneth  Potts,Waubonsee Community College,Music department, Sugar Grove, IL,2,2.1,N/A,4.3,,4,05/20/2009,HUM101,1.5,5.0,N/A,N/A,N/A,N/A,,0,0,Mr. Potts is a very arrogant person. He is rude and does not make class interesting. The class was painfully long and boring!!!
