professor_name,school_name,department_name,local_name,state_name,year_since_first_review,star_rating,take_again,diff_index,tag_professor,num_student,post_date,name_onlines,student_star,student_difficult,attence,for_credits,would_take_agains,grades,stu_tags,help_useful,help_not_useful,comments
Terrence  Patterson,University of San Francisco,Psychology department, San Francisco, CA,6,3.0,N/A,3.0,Respected (1)  Get ready to read (1)  Clear grading criteria (1),5,05/29/2015,CPSYETHICS,5.0,3.0,N/A,Yes,N/A,N/A,CLEAR GRADING CRITERIA  RESPECTED  GET READY TO READ,0,0,"Dr. Patterson is incredibly passionate about his profession and is not only the most knowledgeable professor I\'ve met at USF, but also someone I can truly say I respect. Taking Ethics with him was a privilege, especially given the fact that he is on the ethics committee in san francisco."
Terrence  Patterson,University of San Francisco,Psychology department, San Francisco, CA,6,3.0,N/A,3.0,Respected (1)  Get ready to read (1)  Clear grading criteria (1),5,02/23/2012,CPSY634,5.0,2.0,N/A,N/A,N/A,N/A,,1,1,"TPat is an excellent professor, one of the best in the Counseling Psychology/MFT program."
Terrence  Patterson,University of San Francisco,Psychology department, San Francisco, CA,6,3.0,N/A,3.0,Respected (1)  Get ready to read (1)  Clear grading criteria (1),5,12/02/2011,PSY100,1.5,3.0,N/A,N/A,N/A,N/A,,0,3,"They say \'those who cannot do, teach\' In the case of an ethics class, its doubly scary! Answers swerve from legal to immoral at the whim of the teacher, who is happy to single out some poor hapless students for vendettas . TP is a sad case for the department not allowing students to choose their sections at USF."
Terrence  Patterson,University of San Francisco,Psychology department, San Francisco, CA,6,3.0,N/A,3.0,Respected (1)  Get ready to read (1)  Clear grading criteria (1),5,08/29/2011,CPSY687,2.5,3.0,N/A,N/A,N/A,N/A,,0,0,"Know it all, try to avoid at all costs! Very negative."
Terrence  Patterson,University of San Francisco,Psychology department, San Francisco, CA,6,3.0,N/A,3.0,Respected (1)  Get ready to read (1)  Clear grading criteria (1),5,01/26/2009,ETHIC1,1.0,4.0,N/A,N/A,N/A,N/A,,0,0,"Students write page of questions based on reading. Entire class time is devoted to answering those questions. Tests are multiple choice & the answers are debatable. Ex:you pick A & your classmate picks B and & teacher says the answer is A. Then your classmate argues for answer B & the teacher changes the correct answer to B,& now A is incorrect."
