professor_name,school_name,department_name,local_name,state_name,year_since_first_review,star_rating,take_again,diff_index,tag_professor,num_student,post_date,name_onlines,student_star,student_difficult,attence,for_credits,would_take_agains,grades,stu_tags,help_useful,help_not_useful,comments
Karen  Bryant,Patrick Henry Community College,Communication department, Martinsville, VA,5,5.0,N/A,3.8,,4,06/16/2014,CST110,5.0,5.0,Mandatory,N/A,N/A,A-,,0,0,"Funny, wicked smart, made a class I was dreading into my favorite class. She is helpful, patient and gives you confidence to speak in public. Outstanding Teacher! Do not miss a chance to take one of her classes."
Karen  Bryant,Patrick Henry Community College,Communication department, Martinsville, VA,5,5.0,N/A,3.8,,4,02/05/2009,CST110,5.0,3.0,N/A,N/A,N/A,N/A,,0,0,Very nice personality. Got me more interested.
Karen  Bryant,Patrick Henry Community College,Communication department, Martinsville, VA,5,5.0,N/A,3.8,,4,02/01/2009,CST110,5.0,3.0,N/A,N/A,N/A,N/A,,0,0,"Coool, nice, and funny!!"
Karen  Bryant,Patrick Henry Community College,Communication department, Martinsville, VA,5,5.0,N/A,3.8,,4,01/27/2009,CST110,5.0,4.0,N/A,N/A,N/A,N/A,,0,0,No Comments
