professor_name,school_name,department_name,local_name,state_name,year_since_first_review,star_rating,take_again,diff_index,tag_professor,num_student,post_date,name_onlines,student_star,student_difficult,attence,for_credits,would_take_agains,grades,stu_tags,help_useful,help_not_useful,comments
Ronald  Zollo,University of Miami,Engineering department, Coral Gables, FL,3,1.3,N/A,4.2,,5,01/26/2012,CAE210,1.0,4.0,N/A,N/A,N/A,N/A,,0,1,"This guy should have retired 10 years ago. He\'s a horrible teacher. I\'m still in the class, and it\'s just horribly unbearable to be in this class. He\'s an incompetent teacher, he confuses himself (which then confuses students), and his tests are difficult. The only to pass the class is to read the book. I hate this teacher. He belongs in a home."
Ronald  Zollo,University of Miami,Engineering department, Coral Gables, FL,3,1.3,N/A,4.2,,5,04/25/2011,CAE210,1.0,5.0,N/A,N/A,N/A,N/A,,0,0,Unsympathetic when you have actual things going on in your life that prevent you from going to class. No retakes. Easily Confused. Not clear.
Ronald  Zollo,University of Miami,Engineering department, Coral Gables, FL,3,1.3,N/A,4.2,,5,04/05/2011,CAE210,1.5,4.0,N/A,N/A,N/A,N/A,,0,0,"He is very unclear in everything he ""tries"" to teach. He never explains fully any of the work he shows on the board nor does he finish the problems he starts. His notes have a lot of mistakes which is confusing. He constantly claims his tests are easy as long as you make a ""free body diagram"" yet the class averages on tests are 50% or below."
Ronald  Zollo,University of Miami,Engineering department, Coral Gables, FL,3,1.3,N/A,4.2,,5,10/28/2010,CAE320,1.5,3.0,N/A,N/A,N/A,N/A,,0,0,
Ronald  Zollo,University of Miami,Engineering department, Coral Gables, FL,3,1.3,N/A,4.2,,5,01/27/2009,CAE320,1.5,5.0,N/A,N/A,N/A,N/A,,0,0,you understand nothing mostly...he post notes online and they have alot of mistakes that confuse you when you study...exams are written in a complicated way...
