professor_name,school_name,department_name,local_name,state_name,year_since_first_review,star_rating,take_again,diff_index,tag_professor,num_student,post_date,name_onlines,student_star,student_difficult,attence,for_credits,would_take_agains,grades,stu_tags,help_useful,help_not_useful,comments
A.  Garcia Majia,New York City College of Technology,Anthropology department, Brooklyn, NY,3,3.0,N/A,2.8,,4,01/06/2012,PRS1461,2.0,4.0,N/A,N/A,N/A,N/A,,0,0,"Dreaded this class, make sure you write like she likes because if not you\'ll end up with a C or lower."
A.  Garcia Majia,New York City College of Technology,Anthropology department, Brooklyn, NY,3,3.0,N/A,2.8,,4,11/19/2010,LAMER1461,4.5,1.0,N/A,N/A,N/A,N/A,,0,0,"wonderful teacher, loved her class."
A.  Garcia Majia,New York City College of Technology,Anthropology department, Brooklyn, NY,3,3.0,N/A,2.8,,4,07/15/2009,PRS1461,4.0,2.0,N/A,N/A,N/A,N/A,,0,0,"Take this professor. She is a wonderful individual, she knows her work and is very educated. She takes her time explaining lesson. assignments and exams are very fair. Will take her again. She is a very fair person. Her accent is understandable."
A.  Garcia Majia,New York City College of Technology,Anthropology department, Brooklyn, NY,3,3.0,N/A,2.8,,4,02/10/2009,PRS7600,1.5,4.0,N/A,N/A,N/A,N/A,,0,0,She will make you fell like you in 5th grade again. Countless assignments and class work (OMG!) She has very strong accent which is unacceptable from an educated person who lives in US for more than 30 years. Hard to understand. I am sorry that I took her class
