professor_name,school_name,department_name,local_name,state_name,year_since_first_review,star_rating,take_again,diff_index,tag_professor,num_student,post_date,name_onlines,student_star,student_difficult,attence,for_credits,would_take_agains,grades,stu_tags,help_useful,help_not_useful,comments
Li  Mann,California State University Fresno,Chinese department, Fresno, CA,5,3.9,N/A,2.4,BEWARE OF POP QUIZZES (1)  Participation matters (1)  Skip class? You won\'t pass. (1),7,10/13/2014,71300,5.0,3.0,Mandatory,Yes,N/A,A,SKIP CLASS? YOU WON\'T PASS.  PARTICIPATION MATTERS  BEWARE OF POP QUIZZES,0,0,Taking this class i was unsure whether or not id pass but she has a good way of teaching as long as you keep up you\'ll be fine.
Li  Mann,California State University Fresno,Chinese department, Fresno, CA,5,3.9,N/A,2.4,BEWARE OF POP QUIZZES (1)  Participation matters (1)  Skip class? You won\'t pass. (1),7,11/04/2013,CHINESE1A,4.5,1.0,Mandatory,N/A,N/A,A+,,2,0,Super Easy Class. Just Attend Class Every Single Day And You Will Be Fine. Very Easy And Not Too Hard.
Li  Mann,California State University Fresno,Chinese department, Fresno, CA,5,3.9,N/A,2.4,BEWARE OF POP QUIZZES (1)  Participation matters (1)  Skip class? You won\'t pass. (1),7,05/14/2013,CHIN1A,2.5,2.0,N/A,N/A,N/A,N/A,,0,0,"This class is okay. It can get boring sometimes. You\'ll need 3 books for this class (Workbook, Charters book & textbook).She gives out about 12 quizzes through out the semester & drops 2 of the lowest scores. 5 exams & offers about 2 extra credits."
Li  Mann,California State University Fresno,Chinese department, Fresno, CA,5,3.9,N/A,2.4,BEWARE OF POP QUIZZES (1)  Participation matters (1)  Skip class? You won\'t pass. (1),7,04/24/2013,CHIN1A,3.0,3.0,N/A,N/A,N/A,N/A,,0,0,"Lots of quizzes. The hmwk assignments are long. I don\'t call her type of teaching, ""teaching"" at all. She doesn\'t explain things thoroughly. Perhaps an online class is better. However, she can be lenient on certain things. You\'ll just have to talk to her. Main projects: PowerPoints, 1000 word essay, and video. There are oral tests too."
Li  Mann,California State University Fresno,Chinese department, Fresno, CA,5,3.9,N/A,2.4,BEWARE OF POP QUIZZES (1)  Participation matters (1)  Skip class? You won\'t pass. (1),7,01/19/2012,CHIN1A,4.5,2.0,N/A,N/A,N/A,N/A,,0,0,"She is very nice and willing to help you. Her tests come straight out from the homework sheets. You will have to complete a Powerpoint of the 5 lessons you will be taught, do a group video, and a three page essay. She makes you interact with your classmates with lot of role playing which makes Chinese fun."
Li  Mann,California State University Fresno,Chinese department, Fresno, CA,5,3.9,N/A,2.4,BEWARE OF POP QUIZZES (1)  Participation matters (1)  Skip class? You won\'t pass. (1),7,12/27/2010,CHIN1B,5.0,4.0,N/A,N/A,N/A,N/A,,0,0,"A very nice teacher and very helpful. Very fun if you get to know her. Some of her assignments seem meaningless, but it\'s very easy to get a good grade."
Li  Mann,California State University Fresno,Chinese department, Fresno, CA,5,3.9,N/A,2.4,BEWARE OF POP QUIZZES (1)  Participation matters (1)  Skip class? You won\'t pass. (1),7,04/24/2009,CHIN1B,3.0,2.0,N/A,N/A,N/A,N/A,,0,0,"Class was okay. She is somewhat unorganized which I did not really like. As long as you keep up with the work that is assigned and review the material this class will be pretty easy. Not a hard class, just very confusing because she\'s not the most organized teacher."
