professor_name,school_name,department_name,local_name,state_name,year_since_first_review,star_rating,take_again,diff_index,tag_professor,num_student,post_date,name_onlines,student_star,student_difficult,attence,for_credits,would_take_agains,grades,stu_tags,help_useful,help_not_useful,comments
John  Morrow,University of South Alabama,Geology department, Mobile, AL,5,4.6,N/A,2.9,Respected (1)  Amazing lectures (1)  Clear grading criteria (1),8,11/11/2014,GY111,4.5,3.0,Not Mandatory,Yes,N/A,A-,AMAZING LECTURES  CLEAR GRADING CRITERIA  RESPECTED,0,0,He is an awesome teacher. He is extremely helpful and never treats you like you\'re stupid. He has study guides and powerpoints to make everything easier.
John  Morrow,University of South Alabama,Geology department, Mobile, AL,5,4.6,N/A,2.9,Respected (1)  Amazing lectures (1)  Clear grading criteria (1),8,04/29/2013,GY101102,5.0,3.0,N/A,N/A,N/A,N/A,,0,0,Dr. Morrow is great. He is very helpful and encourages you to look for Geography in other areas of life. Super friendly and very willing go the extra mile in order to help students do their best in the course. I would definitely recommend his classes.
John  Morrow,University of South Alabama,Geology department, Mobile, AL,5,4.6,N/A,2.9,Respected (1)  Amazing lectures (1)  Clear grading criteria (1),8,12/11/2012,GY111,5.0,2.0,N/A,N/A,N/A,N/A,,0,0,"Great Professor! I\'m not even interested in geology, and he made it interesting. He provides copies of all his power point slides so you know exactly what is going to be on all of his tests... no suprises. Overall, outstanding!"
John  Morrow,University of South Alabama,Geology department, Mobile, AL,5,4.6,N/A,2.9,Respected (1)  Amazing lectures (1)  Clear grading criteria (1),8,12/21/2011,GY111,5.0,3.0,N/A,N/A,N/A,N/A,,0,0,"He\'s an AMAZING teacher, and I\'d recommend him to anyone! I\'m actually considering changing my major to Geology now. I\'m SO taking him for GY112!"
John  Morrow,University of South Alabama,Geology department, Mobile, AL,5,4.6,N/A,2.9,Respected (1)  Amazing lectures (1)  Clear grading criteria (1),8,12/20/2010,GY111,4.0,3.0,N/A,N/A,N/A,N/A,,0,0,"Dr. Morrow is just a great guy. He tries really hard to teach you the basics of geology. It\'s pretty interesting too, and this is coming from a non-major."
John  Morrow,University of South Alabama,Geology department, Mobile, AL,5,4.6,N/A,2.9,Respected (1)  Amazing lectures (1)  Clear grading criteria (1),8,10/22/2009,GY111,4.0,3.0,N/A,N/A,N/A,N/A,,0,1,No Comments
John  Morrow,University of South Alabama,Geology department, Mobile, AL,5,4.6,N/A,2.9,Respected (1)  Amazing lectures (1)  Clear grading criteria (1),8,08/27/2009,GEO101,5.0,4.0,N/A,N/A,N/A,N/A,,1,0,"Very good teacher. Makes a boring subject interesting. Uses power points for lecture and gives students a copy, so not a lot of note-taking required. Tests are much easier if you don\'t skip class! Dr. Morrow is very nice and very helpful. I would recommend his classes to anyone!"
John  Morrow,University of South Alabama,Geology department, Mobile, AL,5,4.6,N/A,2.9,Respected (1)  Amazing lectures (1)  Clear grading criteria (1),8,01/26/2009,GY101,4.5,2.0,N/A,N/A,N/A,N/A,,0,0,Good teacher. Very professional and prepared. Recommended.
