professor_name,school_name,department_name,local_name,state_name,year_since_first_review,star_rating,take_again,diff_index,tag_professor,num_student,post_date,name_onlines,student_star,student_difficult,attence,for_credits,would_take_agains,grades,stu_tags,help_useful,help_not_useful,comments
Hind  Essayegh,Montgomery College: Takoma Park/Silver Spring Campus,Languages department, Takoma Park, MD,3,3.3,N/A,2.8,,6,07/16/2013,AB101,2.0,5.0,N/A,N/A,N/A,N/A,,0,0,"She\'s a good person, but I just don\'t feel she teaches well. If you can devote your life for the semester to her class then you\'ll be ok. Going too fast is an understatement. You better find a native Arab speaker or move to an Arab speaking country while taking her class. Seriously..."
Hind  Essayegh,Montgomery College: Takoma Park/Silver Spring Campus,Languages department, Takoma Park, MD,3,3.3,N/A,2.8,,6,04/27/2012,AB102,5.0,1.0,N/A,N/A,N/A,N/A,,2,0,"Excellent at explaining grammar. Sees to always understand what each student does not understand, and able to explain it. Best language teacher I\'ve ever had."
Hind  Essayegh,Montgomery College: Takoma Park/Silver Spring Campus,Languages department, Takoma Park, MD,3,3.3,N/A,2.8,,6,04/22/2011,AR102,4.5,2.0,N/A,N/A,N/A,N/A,,1,0,Wonderful teacher
Hind  Essayegh,Montgomery College: Takoma Park/Silver Spring Campus,Languages department, Takoma Park, MD,3,3.3,N/A,2.8,,6,09/06/2010,ARA101,1.0,5.0,N/A,N/A,N/A,N/A,,0,1,"In a word,never take her class.You will learn nothing but BS"
Hind  Essayegh,Montgomery College: Takoma Park/Silver Spring Campus,Languages department, Takoma Park, MD,3,3.3,N/A,2.8,,6,08/30/2010,ARA101,2.5,2.0,N/A,N/A,N/A,N/A,,0,1,"She\'es the worst teacher I\'ve ever had. She likes talking about her husband during class who\'s from pakistan.., She\'s super rude and has a funny English. She needs to improve her English I guess before using this language as a tool to teach Arabic."
Hind  Essayegh,Montgomery College: Takoma Park/Silver Spring Campus,Languages department, Takoma Park, MD,3,3.3,N/A,2.8,,6,04/24/2010,AB102,5.0,2.0,N/A,N/A,N/A,N/A,,0,0,"Very knowledgeable, explains grammar very clearly, always professional yet friendly, fair, conscientious, great teacher."
