professor_name,school_name,department_name,local_name,state_name,year_since_first_review,star_rating,take_again,diff_index,tag_professor,num_student,post_date,name_onlines,student_star,student_difficult,attence,for_credits,would_take_agains,grades,stu_tags,help_useful,help_not_useful,comments
Refaat  Abu-Saleh,Lorain County Community College,Biology department, Elyria, OH,4,1.9,N/A,3.9,,8,01/02/2013,CHMY161,4.5,2.0,N/A,N/A,N/A,N/A,,0,0,Professor is very nice and helpful when I had any issues. Knows what he doing and gets excited to teach his students.
Refaat  Abu-Saleh,Lorain County Community College,Biology department, Elyria, OH,4,1.9,N/A,3.9,,8,12/11/2012,CHMY161,1.0,1.0,N/A,N/A,N/A,N/A,,0,0,"I only did well in the course because I have taken chemistry before. He was confusing in his explanations. To top it all off, he was 50 minutes late to the final!!! Totally unprofessional."
Refaat  Abu-Saleh,Lorain County Community College,Biology department, Elyria, OH,4,1.9,N/A,3.9,,8,07/02/2012,CHMY161,1.0,5.0,N/A,N/A,N/A,N/A,,0,0,"This is the worst teacher I\'ve ever had, completely unorganized, doesn\'t take the time to explain ANYTHING & doesn\'t even take the time to grade things properly. Answers on quizzes will be different answers on exams. DO NOT TAKE HIM!!! He\'s HORRIBLE!!! When asked to clarify things, he just sends back nasty emails. Worst class I\'ve ever taken."
Refaat  Abu-Saleh,Lorain County Community College,Biology department, Elyria, OH,4,1.9,N/A,3.9,,8,05/08/2011,CHMY161,1.5,4.0,N/A,N/A,N/A,N/A,,0,0,This professor is smart but not teacher material.He does not want to answer questions or help clarify information. He is often confused with what he is teaching and makes rules up as he goes and then when tested on it the answer he said is wrong!And the study guides would be useful if he gave you the right answers. Good luck studying wrong answers!
Refaat  Abu-Saleh,Lorain County Community College,Biology department, Elyria, OH,4,1.9,N/A,3.9,,8,03/15/2011,BIO1100,4.5,4.0,N/A,N/A,N/A,N/A,,0,0,"This professor is great. You have to pay attention and the class matter is extremely hard. He keeps the attention of the class and keeps us motivated to keep going. I take his class at TRI-C Eastern & would take another class with him. He will ding you on spelling, but just catch him with a spelling error and it\'s a wash. Give him a chance."
Refaat  Abu-Saleh,Lorain County Community College,Biology department, Elyria, OH,4,1.9,N/A,3.9,,8,02/09/2011,CHEM151,1.0,5.0,N/A,N/A,N/A,N/A,,0,0,"this guy is a real piece of work. he should be in a laboratory somewhere doing research and findings but definately not teaching. cannot spell but will hold you to the correct spelling, cannot make any sense of his course objectives or what he is trying to teach and then quizzes you adamantly on useless information. god forbid you ask for help."
Refaat  Abu-Saleh,Lorain County Community College,Biology department, Elyria, OH,4,1.9,N/A,3.9,,8,07/23/2010,CHEM171,1.0,5.0,N/A,N/A,N/A,N/A,,0,0,"This is the worst prof./teacher I have ever had. He does not instruct, can not answer questions, or solve problems correctly. He tests and quizes on subject matter never presented and does not follow his syllabus at all. He makes things up as he goes. He is incompetant and unprofessional. Do not take a class with him it is a waste of money and time"
Refaat  Abu-Saleh,Lorain County Community College,Biology department, Elyria, OH,4,1.9,N/A,3.9,,8,01/27/2009,BIOG152,1.0,5.0,N/A,N/A,N/A,N/A,,0,0,CAN\'T SPELL-CAN\'T SPEAK-CLASS IS TOTALLY LOST AT ALL TIMES
