professor_name,school_name,department_name,local_name,state_name,year_since_first_review,star_rating,take_again,diff_index,tag_professor,num_student,post_date,name_onlines,student_star,student_difficult,attence,for_credits,would_take_agains,grades,stu_tags,help_useful,help_not_useful,comments
Jan  Roberts,Bakersfield College,English department, Bakersfield, CA,7,4.3,N/A,1.8,BEWARE OF POP QUIZZES (1)  Skip class? You won\'t pass. (1)  LOTS OF HOMEWORK (1),4,05/04/2016,ENSL60,2.0,4.0,Mandatory,N/A,N/A,N/A,LOTS OF HOMEWORK  BEWARE OF POP QUIZZES  SKIP CLASS? YOU WON\'T PASS.,0,0,"Her classes are awful. Completely a waste of time . She just go back and forward and is very confused. Mrs Robert likes to play games in her classes and is very boring also makes you repeat over and over what others said, and yes she love to makes jokes but they aren\'t funny. I don\'t recommend her classes for those who have academic goals"
Jan  Roberts,Bakersfield College,English department, Bakersfield, CA,7,4.3,N/A,1.8,BEWARE OF POP QUIZZES (1)  Skip class? You won\'t pass. (1)  LOTS OF HOMEWORK (1),4,03/10/2014,ENSL60,5.0,1.0,Mandatory,N/A,N/A,A,,0,0,She is awesome.
Jan  Roberts,Bakersfield College,English department, Bakersfield, CA,7,4.3,N/A,1.8,BEWARE OF POP QUIZZES (1)  Skip class? You won\'t pass. (1)  LOTS OF HOMEWORK (1),4,05/05/2010,ACDVB91,5.0,1.0,N/A,N/A,N/A,N/A,,0,0,"Mrs. Roberts is a very fun and exciting teacher. She is not hard as long as you do the homework,not to mention she doesn\'t give much. I would so recommend her as a teacher also because she is very helpful and will help you understand until you get it.YOU ROCK MRS.ROBERTS!"
Jan  Roberts,Bakersfield College,English department, Bakersfield, CA,7,4.3,N/A,1.8,BEWARE OF POP QUIZZES (1)  Skip class? You won\'t pass. (1)  LOTS OF HOMEWORK (1),4,03/10/2009,ENSLB31,5.0,1.0,N/A,N/A,N/A,N/A,,0,0,"She is the best teacher in the world. She teaches you the easier way. We did a lot of reading in her class. The books, she chose to read, those books automatically makes you to read more. I liked all three of books that she chose. Sometimes she helps you pronuce some words. I would recommened every ENSL student to take ENSL B31 withh her."
