professor_name,school_name,department_name,local_name,state_name,year_since_first_review,star_rating,take_again,diff_index,tag_professor,num_student,post_date,name_onlines,student_star,student_difficult,attence,for_credits,would_take_agains,grades,stu_tags,help_useful,help_not_useful,comments
Margaret  Harris,Montgomery College: Takoma Park/Silver Spring Campus,English department, Takoma Park, MD,9,4.2,N/A,1.6,Gives good feedback (2)  GRADED BY FEW THINGS (1)  Caring (1)  Tough Grader (1)  Respected (1),5,01/04/2018,EL103,1.0,1.0,Mandatory,N/A,No,C,GRADED BY FEW THINGS  TOUGH GRADER,0,0,She is not a good professor because she favor student who is smart she dosn\'t care for others. my first worst teacher ever.
Margaret  Harris,Montgomery College: Takoma Park/Silver Spring Campus,English department, Takoma Park, MD,9,4.2,N/A,1.6,Gives good feedback (2)  GRADED BY FEW THINGS (1)  Caring (1)  Tough Grader (1)  Respected (1),5,01/26/2017,AERL930,5.0,2.0,Mandatory,N/A,Yes,B,GIVES GOOD FEEDBACK,0,3,"Ms Harris can be very patient as long as you are not rude or disrespectful. She comes off as a ""firm teacher""(Not Really). She cares that you learn and will receive late homework. if you pay attention you will walk out with all the tools necessary to pursue the next class with confidence. GOOD LUCK!"
Margaret  Harris,Montgomery College: Takoma Park/Silver Spring Campus,English department, Takoma Park, MD,9,4.2,N/A,1.6,Gives good feedback (2)  GRADED BY FEW THINGS (1)  Caring (1)  Tough Grader (1)  Respected (1),5,02/08/2016,AELW930,5.0,3.0,Mandatory,N/A,N/A,A,GIVES GOOD FEEDBACK  RESPECTED  CARING,0,3,"Professor Harris was my first teacher in the U.S., and I\'m very glad that I got into her class. She helped me to improve my punctuation, grammar, and even speaking. Thanks to her, I managed to skip the next level, AELW940, and get straight into ENGL101. I suggest you choosing this and Prof. Wowk\'s classes if you were placed in AELR930 as well."
Margaret  Harris,Montgomery College: Takoma Park/Silver Spring Campus,English department, Takoma Park, MD,9,4.2,N/A,1.6,Gives good feedback (2)  GRADED BY FEW THINGS (1)  Caring (1)  Tough Grader (1)  Respected (1),5,12/29/2011,EL103,5.0,1.0,N/A,N/A,N/A,N/A,,0,2,"I think she is a very thoughtful, friendly and aproachable person. If you have a hard time with her class, just let her know how you feel, and she will go out of her way to help you. Good luck..."
Margaret  Harris,Montgomery College: Takoma Park/Silver Spring Campus,English department, Takoma Park, MD,9,4.2,N/A,1.6,Gives good feedback (2)  GRADED BY FEW THINGS (1)  Caring (1)  Tough Grader (1)  Respected (1),5,05/21/2009,EL104,5.0,1.0,N/A,N/A,N/A,N/A,,0,0,No Comments
