professor_name,school_name,department_name,local_name,state_name,year_since_first_review,star_rating,take_again,diff_index,tag_professor,num_student,post_date,name_onlines,student_star,student_difficult,attence,for_credits,would_take_agains,grades,stu_tags,help_useful,help_not_useful,comments
Curtis  Simmons,Iona College,Communication department, New Rochelle, NY,1,3.2,N/A,1.8,,8,08/23/2010,MCO275,4.5,3.0,N/A,N/A,N/A,N/A,,0,0,"Simmons was a really good professor who was the victim of a r a c i s t witch-hunt by Mass Comm faculty and the college, who cannot accept a black man who is their equal and colleague. Simmons really cared about his students, unlike Smith who is moral coward cowering beneath Ligouri. Bring Simmons back and fire the rest!"
Curtis  Simmons,Iona College,Communication department, New Rochelle, NY,1,3.2,N/A,1.8,,8,11/17/2009,MCOM201,4.5,3.0,N/A,N/A,N/A,N/A,,0,0,He is a great professor and I would take his class again
Curtis  Simmons,Iona College,Communication department, New Rochelle, NY,1,3.2,N/A,1.8,,8,08/25/2009,MCO275,4.0,1.0,N/A,N/A,N/A,N/A,,0,0,"Simmons might rant a lot, but i liked his class because you could just talk about current isses, ya know, like journalists do! He doesn\'t talk ebonics, nor does he continually talk about ""black issues."" whoever said that might be a little to sheltered in their nice upperclass/white community to realize what real issues are."
Curtis  Simmons,Iona College,Communication department, New Rochelle, NY,1,3.2,N/A,1.8,,8,05/25/2009,MCO275,1.0,1.0,N/A,N/A,N/A,N/A,,0,0,"Very easy but I learned absolutely nothing all semester. He rants about liberal propaganda all class. Someone needs to tell him Iona is a conservative Republican college, always has been and always will be. Fire this clown."
Curtis  Simmons,Iona College,Communication department, New Rochelle, NY,1,3.2,N/A,1.8,,8,05/22/2009,MCO275,1.5,1.0,N/A,N/A,N/A,N/A,,0,0,"It\'s true he talks about black issues constantly, to the neglect of a lot of other journalistic issues that should be in an introductory class. But even worse is that his speaking is practically Ebonics, we students can\'t understand him, and his grammatical edits on our papers are often incorrect."
Curtis  Simmons,Iona College,Communication department, New Rochelle, NY,1,3.2,N/A,1.8,,8,05/18/2009,MCO275,5.0,1.0,N/A,N/A,N/A,N/A,,0,0,"He isn\'t bad...yes he talks about black this and black that, because its a part of MASS COMMUNICATION..its ok to talk about whats going on in black society in a course like this!...i actually did learn in this class..the only bad thing is he talks A LOT thats all...work is easy just hand it in by the end of the semester & participate!"
Curtis  Simmons,Iona College,Communication department, New Rochelle, NY,1,3.2,N/A,1.8,,8,03/22/2009,MCO275A,4.0,3.0,N/A,N/A,N/A,N/A,,0,0,i actually really like him hes a really nice guy he doesnt care to much about deadlines for anything and doesnt make you stay the whole class time if you say 3 smart comments in discussions he will love you for the semester.
Curtis  Simmons,Iona College,Communication department, New Rochelle, NY,1,3.2,N/A,1.8,,8,03/18/2009,MCO275,1.0,1.0,N/A,N/A,N/A,N/A,,0,0,"Black this, Black that, and Black the other thing. That\'s all the guy can talk about all the time."
