professor_name,school_name,department_name,local_name,state_name,year_since_first_review,star_rating,take_again,diff_index,tag_professor,num_student,post_date,name_onlines,student_star,student_difficult,attence,for_credits,would_take_agains,grades,stu_tags,help_useful,help_not_useful,comments
Frank  Padilla,California State University Fresno,Education department, Fresno, CA,7,3.8,N/A,1.0,Hilarious (1)  Inspirational (1)  Amazing lectures (1)  Respected (1)  LOTS OF HOMEWORK (1)  Gives good feedback (1),8,08/13/2016,COUN53,5.0,1.0,Mandatory,Yes,Yes,A,AMAZING LECTURES  INSPIRATIONAL  RESPECTED,0,0,Dr. Frank Padilla is the most interesting professor I have ever had. He was very helpful in making sure people understood his lesson.
Frank  Padilla,California State University Fresno,Education department, Fresno, CA,7,3.8,N/A,1.0,Hilarious (1)  Inspirational (1)  Amazing lectures (1)  Respected (1)  LOTS OF HOMEWORK (1)  Gives good feedback (1),8,10/21/2015,COUN. 53,4.5,1.0,Mandatory,Yes,N/A,A+,HILARIOUS  GIVES GOOD FEEDBACK  LOTS OF HOMEWORK,0,0,"Very fun teacher! Easy class and easier homework and tests. If you want to be an elementary teacher get in his class, (its like repeating the 3rd grade)"
Frank  Padilla,California State University Fresno,Education department, Fresno, CA,7,3.8,N/A,1.0,Hilarious (1)  Inspirational (1)  Amazing lectures (1)  Respected (1)  LOTS OF HOMEWORK (1)  Gives good feedback (1),8,12/21/2010,CI151,3.0,1.0,N/A,N/A,N/A,N/A,,0,0,Canceled the final and last assignment. Some classes were interesting but he seemed tired and kind of checked out during class. Very easy A but didn\'t get a lot out of the class.
Frank  Padilla,California State University Fresno,Education department, Fresno, CA,7,3.8,N/A,1.0,Hilarious (1)  Inspirational (1)  Amazing lectures (1)  Respected (1)  LOTS OF HOMEWORK (1)  Gives good feedback (1),8,05/30/2010,EHD50,4.0,1.0,N/A,N/A,N/A,N/A,,0,0,"Very easy class. There are about five assignments, a few quickwrites (responses to movies watched in class), and a few journal entries. No tests and attendance is taken every class. He was incredibly knowledgeable and had lots of stories. He enjoys hearing about your experiences as well. Very nice guy! I recommend him!"
Frank  Padilla,California State University Fresno,Education department, Fresno, CA,7,3.8,N/A,1.0,Hilarious (1)  Inspirational (1)  Amazing lectures (1)  Respected (1)  LOTS OF HOMEWORK (1)  Gives good feedback (1),8,04/18/2010,CI151,1.0,1.0,N/A,N/A,N/A,N/A,,0,0,"Padilla is the most unprepared and boring professor I have ever had. Attendance is mandatory and he treats the students like they are elementary school age, making us sign in after break. That being said, he is an extremely easy grader, almost everyone gets an A. Be prepared to spend 3 hours a week learning what NOT to do to inspire your students."
Frank  Padilla,California State University Fresno,Education department, Fresno, CA,7,3.8,N/A,1.0,Hilarious (1)  Inspirational (1)  Amazing lectures (1)  Respected (1)  LOTS OF HOMEWORK (1)  Gives good feedback (1),8,02/09/2010,EHD50,3.0,1.0,N/A,N/A,N/A,N/A,,0,0,"he was a good professor, but very scattered. he would come to class 5-10 minutes late. Most of the time we watched movies, and wrote responses. Easy A, speak up in class and you\'ll do fine."
Frank  Padilla,California State University Fresno,Education department, Fresno, CA,7,3.8,N/A,1.0,Hilarious (1)  Inspirational (1)  Amazing lectures (1)  Respected (1)  LOTS OF HOMEWORK (1)  Gives good feedback (1),8,07/22/2009,EHD50,5.0,1.0,N/A,N/A,N/A,N/A,,0,0,"A very easy teacher and he likes to hear about stories/tell stories. He is an easy A. His class makes you think about what you want to gain from becoming a teacher and lets you know if you still want to teach, inspiring class. A little on the boring side for some lectures."
Frank  Padilla,California State University Fresno,Education department, Fresno, CA,7,3.8,N/A,1.0,Hilarious (1)  Inspirational (1)  Amazing lectures (1)  Respected (1)  LOTS OF HOMEWORK (1)  Gives good feedback (1),8,05/25/2009,EHD50,5.0,1.0,N/A,N/A,N/A,N/A,,0,0,"Very easy class!! Dr. Padilla didn\'t require a text book. Be sure to set up your host classroom before school starts so you can get started right away. Very helpful, wants to see his students succeed. Highly recommended."
