professor_name,school_name,department_name,local_name,state_name,year_since_first_review,star_rating,take_again,diff_index,tag_professor,num_student,post_date,name_onlines,student_star,student_difficult,attence,for_credits,would_take_agains,grades,stu_tags,help_useful,help_not_useful,comments
Bryan  Tarpley,Stephen F. Austin State University,English department, Nacogdoches, TX,3,4.6,N/A,1.9,,8,02/01/2012,ENG131,5.0,1.0,N/A,N/A,N/A,N/A,,0,0,"Very nice guy, his class was easy, but you still learned! I really wish I had taken him for 132 as well!"
Bryan  Tarpley,Stephen F. Austin State University,English department, Nacogdoches, TX,3,4.6,N/A,1.9,,8,01/06/2011,ENG131,5.0,2.0,N/A,N/A,N/A,N/A,,0,0,Amazing I just took his class last semester and it was awesome. He is super helpful and has fun teaching the class.
Bryan  Tarpley,Stephen F. Austin State University,English department, Nacogdoches, TX,3,4.6,N/A,1.9,,8,11/22/2010,ENG132,3.5,2.0,N/A,N/A,N/A,N/A,,0,0,I love this teacher. I took him for 131 also. I tell all of my friends to take him because he is a great teacher and that he is really easy. He doesn\'t give out homework. The only homework are your essays.
Bryan  Tarpley,Stephen F. Austin State University,English department, Nacogdoches, TX,3,4.6,N/A,1.9,,8,01/13/2010,ENG1301,5.0,2.0,N/A,N/A,N/A,N/A,,1,0,badass dude
Bryan  Tarpley,Stephen F. Austin State University,English department, Nacogdoches, TX,3,4.6,N/A,1.9,,8,05/08/2009,ENG131,4.5,2.0,N/A,N/A,N/A,N/A,,0,0,He is a really nice guy. Honestly though i felt more like i was in a philosophy class then english sometimes. Overall he will help you if you need it. Good teacher.
Bryan  Tarpley,Stephen F. Austin State University,English department, Nacogdoches, TX,3,4.6,N/A,1.9,,8,05/05/2009,ENG131,4.5,1.0,N/A,N/A,N/A,N/A,,0,0,No Comments
Bryan  Tarpley,Stephen F. Austin State University,English department, Nacogdoches, TX,3,4.6,N/A,1.9,,8,04/30/2009,ENG131,5.0,3.0,N/A,N/A,N/A,N/A,,0,0,"he is very down to earth. he explains everything very clearly. gives you the grades you work for, so if you try you will get a good grade. he makes class interesting and relates it to everyday life. i enjoy going to his class everyday!!!:)"
Bryan  Tarpley,Stephen F. Austin State University,English department, Nacogdoches, TX,3,4.6,N/A,1.9,,8,02/27/2009,ENG131,4.5,2.0,N/A,N/A,N/A,N/A,,0,0,He is a cool teacher. Tries to make class fun and it is cool how he makes conceps accessible by relating them to real life situations or situations we can understand. I hightly recomend him.
