professor_name,school_name,department_name,local_name,state_name,year_since_first_review,star_rating,take_again,diff_index,tag_professor,num_student,post_date,name_onlines,student_star,student_difficult,attence,for_credits,would_take_agains,grades,stu_tags,help_useful,help_not_useful,comments
Barry  Mick,Seminole State College,Communication department, Sanford, FL,1,4.9,N/A,1.2,,6,08/05/2010,SPC1608,4.5,1.0,N/A,N/A,N/A,N/A,,0,0,"To stand in front of a class and give a speech is not easy. Dr. Mick makes EVERYONE comfortable and is so encouraging especially to those who have more difficulty doing so. He\'s a forgotten hippie from the day and a bit scattered, but that makes him more endearing. I loved taking this class from him!"
Barry  Mick,Seminole State College,Communication department, Sanford, FL,1,4.9,N/A,1.2,,6,04/28/2010,SPC1608,5.0,1.0,N/A,N/A,N/A,N/A,,0,0,Dr. Mick is awesome!!! His class was fun and as long as you come to class and do the speeches to the outline he gives then you should have no problem getting an A. He\'s so nice and helpful and wants everyone to succeed. You would have to be a huge slacker not to do well in his class.
Barry  Mick,Seminole State College,Communication department, Sanford, FL,1,4.9,N/A,1.2,,6,04/09/2010,SPC1608,5.0,1.0,N/A,N/A,N/A,N/A,,0,0,He is a very easy going teacher. If you do the work you will get the grade for it.
Barry  Mick,Seminole State College,Communication department, Sanford, FL,1,4.9,N/A,1.2,,6,01/12/2010,SPC1608,5.0,1.0,N/A,N/A,N/A,N/A,,0,0,Excellent. very helpful prof. fun class attendance is a must..will take classes with him anytime
Barry  Mick,Seminole State College,Communication department, Sanford, FL,1,4.9,N/A,1.2,,6,12/04/2009,WWWWWW,5.0,1.0,N/A,N/A,N/A,N/A,,0,0,Great teacher. Very funny. Works with you on your grade. Easy class the only thing is the attendance. After 2 your grade drops 1 letter. other wise pretty cool dude.
Barry  Mick,Seminole State College,Communication department, Sanford, FL,1,4.9,N/A,1.2,,6,01/27/2009,SPC1600,5.0,2.0,N/A,N/A,N/A,N/A,,0,0,"I took Speech class with Dr. Barry and it was fantastic! He\'s also a reverend but he\'s probably the happiest guy you\'ll ever meet. His classes are fun and engaging, and he really has a way of drawing the class together while at the same time teaching the material. A+"
