professor_name,school_name,department_name,local_name,state_name,year_since_first_review,star_rating,take_again,diff_index,tag_professor,num_student,post_date,name_onlines,student_star,student_difficult,attence,for_credits,would_take_agains,grades,stu_tags,help_useful,help_not_useful,comments
Janelle  Leger,Western Washington University,Physics department, Bellingham, WA,5,2.8,N/A,3.4,,9,08/15/2014,PHYS224225,4.5,4.0,N/A,N/A,N/A,N/A,,0,1,"Truly excellent instructor. She expects a lot of her students (read the textbook! solve her suggested practice problems!) but if you put in the time and effort you can get a lot out of her class. Tests are challenging + require you to think on your feet, but if you\'ve been practicing problems + reading consistently they aren\'t bad. Do the homework!"
Janelle  Leger,Western Washington University,Physics department, Bellingham, WA,5,2.8,N/A,3.4,,9,03/09/2010,PHYS114,2.5,4.0,N/A,N/A,N/A,N/A,,0,0,Doesn\'t explain stuff amazingly well but teaches by using examples. Can get confusing because she skips steps in the algebra but all the examples are pretty much exactly what is on the test. Grade is based on average of four tests. When I went to her office hours she was a lot more help one on one than just trying to struggle through it in class.
Janelle  Leger,Western Washington University,Physics department, Bellingham, WA,5,2.8,N/A,3.4,,9,06/05/2009,PHYS115,2.0,2.0,N/A,N/A,N/A,N/A,,0,0,"Smart but not confident. She looks at the clock A LOT. Lectures are word for word out of the text, but she makes it more confusing. Don\'t have to go to class, but review days are good because she tells you exactly what you need to know. If you go to those and do the hw, exams are easy. She doesn\'t explain things or answer questions well."
Janelle  Leger,Western Washington University,Physics department, Bellingham, WA,5,2.8,N/A,3.4,,9,06/05/2009,PHYS115,2.5,2.0,N/A,N/A,N/A,N/A,,0,0,"She\'s really smart, but not a confident prof at all. She looks at the clock a lot. Lectures are word for word out of the book, don\'t really need to go to class. Review days are good, she tells you exactly what you need to know. Tests are easy if you go to review and do the homework. She can be very confusing, and she doesn\'t answer questions well."
Janelle  Leger,Western Washington University,Physics department, Bellingham, WA,5,2.8,N/A,3.4,,9,03/19/2009,PHY114,1.0,5.0,N/A,N/A,N/A,N/A,,0,0,worst teacher ive had so far in college. tests are 3 story problems. she expects you to memorize dozens of equations so if you dont recall all of them you cant finish the story problem and your screwed. didn\'t put much effort into teaching. did the same thing every single day in class. reviewed homework problems. she made physics unbearable. avoid!
Janelle  Leger,Western Washington University,Physics department, Bellingham, WA,5,2.8,N/A,3.4,,9,03/10/2009,PHYS114,4.5,2.0,N/A,N/A,N/A,N/A,,0,0,"Leger is cool. People who get lost in the derivation process probably shouldn\'t be in the class, or at Western for that matter...despicable. Anyway, the tests are straight forward, no bull****. She\'s not about to break your balls with complicated equations on tests; just enough to make sure you\'re not some god damn idiot. Plus shes **** status;)"
Janelle  Leger,Western Washington University,Physics department, Bellingham, WA,5,2.8,N/A,3.4,,9,03/05/2009,PHYS114,3.0,2.0,N/A,N/A,N/A,N/A,,0,0,"Not very confident. Knows her stuff but gets the class lost in the algebra sometimes by skipping steps. The easiness of her tests makes up for everything else. 3 problems, one from each chapter that has been covered. The final is Cummulative."
Janelle  Leger,Western Washington University,Physics department, Bellingham, WA,5,2.8,N/A,3.4,,9,03/04/2009,PHY114,4.5,5.0,N/A,N/A,N/A,N/A,,0,0,Had her for physics 114. A hard class but i feel her in class notes on the board were clear and easy to use. Her tests are hard but she\'s always avaliable for extra help. She\'s good at giving alternative examples if one has a question in class.
Janelle  Leger,Western Washington University,Physics department, Bellingham, WA,5,2.8,N/A,3.4,,9,02/04/2009,PHYS114,1.0,5.0,N/A,N/A,N/A,N/A,,0,0,The worst teacher I\'ve encountered at western. Derivations to equations don\'t make sense and don\'t bother asking question you\'ll be more confused then when you started. Bottom line if you want a good grade find a different teacher.
