professor_name,school_name,department_name,local_name,state_name,year_since_first_review,star_rating,take_again,diff_index,tag_professor,num_student,post_date,name_onlines,student_star,student_difficult,attence,for_credits,would_take_agains,grades,stu_tags,help_useful,help_not_useful,comments
Amitesh  Maiti,Las Positas College,Mathematics department, Livermore, CA,9,4.2,90%,2.3,Skip class? You won\'t pass. (7)  Caring (5)  GRADED BY FEW THINGS (5)  Clear grading criteria (4)  Respected (4)  Amazing lectures (2)  TEST HEAVY (2)  Gives good feedback (1)  Tough Grader (1),23,04/17/2018,MATH42,1.0,5.0,Mandatory,Yes,No,N/A,SKIP CLASS? YOU WON\'T PASS.  GRADED BY FEW THINGS  TEST HEAVY,0,0,"This was a hard class for me. Excel was difficult to use and you have to stay on top of your stuff, the minute u stop ur lost. This is a fast past course"
Amitesh  Maiti,Las Positas College,Mathematics department, Livermore, CA,9,4.2,90%,2.3,Skip class? You won\'t pass. (7)  Caring (5)  GRADED BY FEW THINGS (5)  Clear grading criteria (4)  Respected (4)  Amazing lectures (2)  TEST HEAVY (2)  Gives good feedback (1)  Tough Grader (1),23,01/05/2018,MATH40,5.0,2.0,Not Mandatory,Yes,Yes,B+,GRADED BY FEW THINGS  CARING,0,0,"BEST math prof on campus. This was my last attempt at Stats & I\'m so glad I ended up with him. No fuss with TI calculators, it is all Excel based! So easy if you pay attention and go to the class. He is open to explaining anything during or after class. Hw is optional but helps & gives study guides for tests. Also allows cheat sheets! Amazing."
Amitesh  Maiti,Las Positas College,Mathematics department, Livermore, CA,9,4.2,90%,2.3,Skip class? You won\'t pass. (7)  Caring (5)  GRADED BY FEW THINGS (5)  Clear grading criteria (4)  Respected (4)  Amazing lectures (2)  TEST HEAVY (2)  Gives good feedback (1)  Tough Grader (1),23,08/03/2017,STAT44,5.0,3.0,Not Mandatory,Yes,Yes,B+,CLEAR GRADING CRITERIA  AMAZING LECTURES  CARING,1,2,"Math 40!!! I\'ve never been one for math and Dr. Maiti was the best math instructor I could ever ask for! This class is an amazing setup. His lectures are so well planned and easy to follow. His Excel instructions and guidance is next to none. He makes sure EVERYONE is onboard before moving forward. Do the HW, pay attention, and you\'re good!!"
Amitesh  Maiti,Las Positas College,Mathematics department, Livermore, CA,9,4.2,90%,2.3,Skip class? You won\'t pass. (7)  Caring (5)  GRADED BY FEW THINGS (5)  Clear grading criteria (4)  Respected (4)  Amazing lectures (2)  TEST HEAVY (2)  Gives good feedback (1)  Tough Grader (1),23,06/11/2017,MATH40,5.0,2.0,Not Mandatory,Yes,Yes,A,RESPECTED  GRADED BY FEW THINGS  SKIP CLASS? YOU WON\'T PASS.,3,0,"Great instructor with a unique teaching style. This class is Excel-heavy for statistics, so make sure that you have some basic knowledge on Excel use. The only reason you\'ll need the book is for reading problems or referring to data sets, so no MyMathLab! I highly recommend going to every class; he goes through examples very thoroughly. Ask Q\'s!"
Amitesh  Maiti,Las Positas College,Mathematics department, Livermore, CA,9,4.2,90%,2.3,Skip class? You won\'t pass. (7)  Caring (5)  GRADED BY FEW THINGS (5)  Clear grading criteria (4)  Respected (4)  Amazing lectures (2)  TEST HEAVY (2)  Gives good feedback (1)  Tough Grader (1),23,05/18/2017,MATH40,5.0,3.0,N/A,Yes,Yes,A,,1,2,"4 tests then final. Optional HW. He\'s the man, he wants to help and make sure you understand. Review before each test and allowed one cheat sheet(front&back). Got an A on every test by showing up and just paying attention and taking notes. Makes it super easy for people new to excel. Best stat professor."
Amitesh  Maiti,Las Positas College,Mathematics department, Livermore, CA,9,4.2,90%,2.3,Skip class? You won\'t pass. (7)  Caring (5)  GRADED BY FEW THINGS (5)  Clear grading criteria (4)  Respected (4)  Amazing lectures (2)  TEST HEAVY (2)  Gives good feedback (1)  Tough Grader (1),23,12/24/2016,MATH40,4.0,3.0,Not Mandatory,Yes,Yes,N/A,TEST HEAVY  CARING  GRADED BY FEW THINGS,1,1,Really great math teacher. He is very kind when we need help. We use the textbook a lot so be sure to get it. Be sure to attend class since everything is done by excel and this is how we learn the formulas. We can use one sheet of paper front and back for test now and its no longer open book tests.
Amitesh  Maiti,Las Positas College,Mathematics department, Livermore, CA,9,4.2,90%,2.3,Skip class? You won\'t pass. (7)  Caring (5)  GRADED BY FEW THINGS (5)  Clear grading criteria (4)  Respected (4)  Amazing lectures (2)  TEST HEAVY (2)  Gives good feedback (1)  Tough Grader (1),23,12/21/2016,MATH40,5.0,3.0,Mandatory,N/A,Yes,Not,SKIP CLASS? YOU WON\'T PASS.  CLEAR GRADING CRITERIA  RESPECTED,1,0,"Mr. Maiti is an awesome teacher, if you have to take statistics definitely take it with him. I am usually meh at math but his method of teaching and explaining everything makes it very easy to understand. He ditches all of the nonsense and just shows you the simplest way to get from a to b."
Amitesh  Maiti,Las Positas College,Mathematics department, Livermore, CA,9,4.2,90%,2.3,Skip class? You won\'t pass. (7)  Caring (5)  GRADED BY FEW THINGS (5)  Clear grading criteria (4)  Respected (4)  Amazing lectures (2)  TEST HEAVY (2)  Gives good feedback (1)  Tough Grader (1),23,10/27/2016,STATS44,4.0,3.0,Mandatory,Yes,Yes,B+,SKIP CLASS? YOU WON\'T PASS.  CLEAR GRADING CRITERIA  GIVES GOOD FEEDBACK,0,1,"Show up, pay attention, and take notes. I promise its THAT easy."
Amitesh  Maiti,Las Positas College,Mathematics department, Livermore, CA,9,4.2,90%,2.3,Skip class? You won\'t pass. (7)  Caring (5)  GRADED BY FEW THINGS (5)  Clear grading criteria (4)  Respected (4)  Amazing lectures (2)  TEST HEAVY (2)  Gives good feedback (1)  Tough Grader (1),23,07/04/2016,STAT44,4.0,3.0,N/A,Yes,Yes,B+,CARING  SKIP CLASS? YOU WON\'T PASS.  GRADED BY FEW THINGS,0,0,"He is the best professor ever. Show upto class, pay attention and u will pass. Easy to understand uses excel on everything lets u use notes on tests."
Amitesh  Maiti,Las Positas College,Mathematics department, Livermore, CA,9,4.2,90%,2.3,Skip class? You won\'t pass. (7)  Caring (5)  GRADED BY FEW THINGS (5)  Clear grading criteria (4)  Respected (4)  Amazing lectures (2)  TEST HEAVY (2)  Gives good feedback (1)  Tough Grader (1),23,06/12/2016,MATH34,5.0,3.0,Not Mandatory,Yes,Yes,B+,CLEAR GRADING CRITERIA  RESPECTED,1,0,"Very merciful grader. I\'ve dealt with a lot of teachers, this one is straight business. If you do your work, you will pass. He doesn\'t overburden you with homework. Just show up and make an effort, and you will pass."
Amitesh  Maiti,Las Positas College,Mathematics department, Livermore, CA,9,4.2,90%,2.3,Skip class? You won\'t pass. (7)  Caring (5)  GRADED BY FEW THINGS (5)  Clear grading criteria (4)  Respected (4)  Amazing lectures (2)  TEST HEAVY (2)  Gives good feedback (1)  Tough Grader (1),23,05/18/2016,STATS44,4.5,2.0,Not Mandatory,Yes,Yes,A,SKIP CLASS? YOU WON\'T PASS.,1,3,Great statistics teacher. Gives 4 tests and a final. Gives optional HW problems but does not check if completed. Has a slight accent but he explains everything so well and he teaches how to use excel for everything. Go to class and take good notes and you will pass with an A. You get to use notes and the book on every test.
Amitesh  Maiti,Las Positas College,Mathematics department, Livermore, CA,9,4.2,90%,2.3,Skip class? You won\'t pass. (7)  Caring (5)  GRADED BY FEW THINGS (5)  Clear grading criteria (4)  Respected (4)  Amazing lectures (2)  TEST HEAVY (2)  Gives good feedback (1)  Tough Grader (1),23,01/01/2016,MATH40,4.0,2.0,Not Mandatory,Yes,N/A,A,SKIP CLASS? YOU WON\'T PASS.,0,1,"Stat and Prob. He uses Excel for everything. Do\'t worry if you\'re not skilled in excel, he goes through exactly what do to in class which is why it\'s a GREAT IDEA to attend. Like 5 tests and a cumulative final. You use Excel (and notes, previous tests, his own notes) on all of them so don\'t be scared. He has a slight accent."
Amitesh  Maiti,Las Positas College,Mathematics department, Livermore, CA,9,4.2,90%,2.3,Skip class? You won\'t pass. (7)  Caring (5)  GRADED BY FEW THINGS (5)  Clear grading criteria (4)  Respected (4)  Amazing lectures (2)  TEST HEAVY (2)  Gives good feedback (1)  Tough Grader (1),23,11/09/2015,MATH40,5.0,1.0,N/A,Yes,N/A,A,CARING  RESPECTED  AMAZING LECTURES,1,0,"He is the best statistics teacher out there! He does all of his lectures on excel, so excel is all you need to know. The tests are open book, open note, and you are allowed to use excel on them. Homework isn\'t mandatory. He\'s really helpful if you don\'t understand and makes excel formulas clear on notes so you can easily follow along his lectures."
Amitesh  Maiti,Las Positas College,Mathematics department, Livermore, CA,9,4.2,90%,2.3,Skip class? You won\'t pass. (7)  Caring (5)  GRADED BY FEW THINGS (5)  Clear grading criteria (4)  Respected (4)  Amazing lectures (2)  TEST HEAVY (2)  Gives good feedback (1)  Tough Grader (1),23,12/27/2014,MATH38,3.5,3.0,Mandatory,Yes,N/A,B,TOUGH GRADER,1,0,"He does all his lectures on a piece of paper using the over head projector. I would have preferred if he used the white board, but no complaints other wise."
Amitesh  Maiti,Las Positas College,Mathematics department, Livermore, CA,9,4.2,90%,2.3,Skip class? You won\'t pass. (7)  Caring (5)  GRADED BY FEW THINGS (5)  Clear grading criteria (4)  Respected (4)  Amazing lectures (2)  TEST HEAVY (2)  Gives good feedback (1)  Tough Grader (1),23,06/10/2014,MATH34,4.0,2.0,Mandatory,N/A,N/A,B,,1,0,"He assumes that you know your algebra, so if math isn\'t your strong suit, I would brush up on it a bit before taking business calculus. He goes fast but helps out and answers questions. He grades somewhat easy on exams. If a question is worth 5 points and you miss a step in the middle, you will get 2-3 points if you set it up correctly. good class."
Amitesh  Maiti,Las Positas College,Mathematics department, Livermore, CA,9,4.2,90%,2.3,Skip class? You won\'t pass. (7)  Caring (5)  GRADED BY FEW THINGS (5)  Clear grading criteria (4)  Respected (4)  Amazing lectures (2)  TEST HEAVY (2)  Gives good feedback (1)  Tough Grader (1),23,05/24/2013,MATH44,5.0,2.0,N/A,N/A,N/A,N/A,,2,0,Great teacher; he teaches in a realistic manner. Very clear and has a sense of humor. Informative but not difficult. Open book and notes for all quizzes and final. He also drops your quiz with the lowest grade. Goes by fast so I suggest attending all class days. I recommend him for sure.
Amitesh  Maiti,Las Positas College,Mathematics department, Livermore, CA,9,4.2,90%,2.3,Skip class? You won\'t pass. (7)  Caring (5)  GRADED BY FEW THINGS (5)  Clear grading criteria (4)  Respected (4)  Amazing lectures (2)  TEST HEAVY (2)  Gives good feedback (1)  Tough Grader (1),23,04/26/2012,STAT44,5.0,1.0,N/A,N/A,N/A,N/A,,2,0,This guy\'s awesome. I wish they\'d photocopy this guy and have him teach every math class. Especially Calculus. He doesn\'t teach you the stupid parts that aren\'t useful. Take him. He uses Excel to do all the hard stuff. Great. Can\'t recommend him enough.
Amitesh  Maiti,Las Positas College,Mathematics department, Livermore, CA,9,4.2,90%,2.3,Skip class? You won\'t pass. (7)  Caring (5)  GRADED BY FEW THINGS (5)  Clear grading criteria (4)  Respected (4)  Amazing lectures (2)  TEST HEAVY (2)  Gives good feedback (1)  Tough Grader (1),23,11/10/2009,MATH34,3.5,1.0,N/A,N/A,N/A,N/A,,3,0,"Open book test wow.... very easy class, i never did the homework and i did ok... his english is funny and sometimes hard to understand."
Amitesh  Maiti,Las Positas College,Mathematics department, Livermore, CA,9,4.2,90%,2.3,Skip class? You won\'t pass. (7)  Caring (5)  GRADED BY FEW THINGS (5)  Clear grading criteria (4)  Respected (4)  Amazing lectures (2)  TEST HEAVY (2)  Gives good feedback (1)  Tough Grader (1),23,08/19/2009,STATS44,4.0,2.0,N/A,N/A,N/A,N/A,,2,1,He is seriously one of the best math teachers at Las Po. I took his Statistics 44 class over the summer and it was pretty easy.He uses excel which helps SO much! It makes things so much easier! He explains things really well.To the person below maybe you were one of those who cheated. No need to cheat the class is easssy!
Amitesh  Maiti,Las Positas College,Mathematics department, Livermore, CA,9,4.2,90%,2.3,Skip class? You won\'t pass. (7)  Caring (5)  GRADED BY FEW THINGS (5)  Clear grading criteria (4)  Respected (4)  Amazing lectures (2)  TEST HEAVY (2)  Gives good feedback (1)  Tough Grader (1),23,07/02/2009,MATH093,3.0,2.0,N/A,N/A,N/A,N/A,,1,2,hes hella easy !! he could be boring but u gotta pay attention to his in class notes and examples cuz those aer most likely on the test. otherwise hes nothing. the ENTIRE class cheated...except maybe lik 3 ppl haha
