professor_name,school_name,department_name,local_name,state_name,year_since_first_review,star_rating,take_again,diff_index,tag_professor,num_student,post_date,name_onlines,student_star,student_difficult,attence,for_credits,would_take_agains,grades,stu_tags,help_useful,help_not_useful,comments
Stacy  Turner,Piedmont Technical College,Biology department, Greenwood, SC,1,2.9,N/A,4.0,,9,08/11/2010,BIO210,3.0,5.0,N/A,N/A,N/A,N/A,,0,0,"The class is immensely difficult, but Mr. Turner is very intelligent and, if you\'re interested in the subject, can be a very good teacher. His passion for biology is refreshing. If you can hold a conversation with him, he will be your favorite teacher."
Stacy  Turner,Piedmont Technical College,Biology department, Greenwood, SC,1,2.9,N/A,4.0,,9,08/10/2010,BIO210,1.0,5.0,N/A,N/A,N/A,N/A,,0,0,"DROP QUICK! I had him as a PEN class and he told us before the first test that he would find things in the book that we didnt highlight to test us on and he did just that, made a 68.7 and took Marc Renwick the next semester and came out with an A! I emailed him many times for help and he would always tell me to look in the book."
Stacy  Turner,Piedmont Technical College,Biology department, Greenwood, SC,1,2.9,N/A,4.0,,9,05/12/2010,BIO102,4.5,3.0,N/A,N/A,N/A,N/A,,0,0,"He gives you as much help as you ask for. If you study and do what he suggest you will do well in his class. Don\'t be afraid to ask for help, he will give it. Those who sought his help did better in the class."
Stacy  Turner,Piedmont Technical College,Biology department, Greenwood, SC,1,2.9,N/A,4.0,,9,05/07/2010,BIO102,3.0,4.0,N/A,N/A,N/A,N/A,,0,0,"The class is pretty intense. But as long as time is put into studying the text book, its not too bad. don\'t be afraid to approach him for help; he really does try to do what he can."
Stacy  Turner,Piedmont Technical College,Biology department, Greenwood, SC,1,2.9,N/A,4.0,,9,12/05/2009,BIO210,1.5,5.0,N/A,N/A,N/A,N/A,,0,0,I can say that he is a good teacher but his test are hard. He seems to have no compassion for his students and does not review test! You would think that if only 2-3 people out of your class were passing your test you would try and figure out why? He doesn\'t even acknowledge the situation. He is very corny also! don\'t take his class.
Stacy  Turner,Piedmont Technical College,Biology department, Greenwood, SC,1,2.9,N/A,4.0,,9,08/13/2009,BIO211,5.0,1.0,N/A,N/A,N/A,N/A,,0,0,Well I can agree with one of the other posts. Almost most my whole class has dropped. I found after test 2 it wasnt so bad you just had to get used to his teaching. I can say one thing he has some real annoying words that he use all the time. For the most part you did have to really study the all the chapters. I think the class that was left PASSED
Stacy  Turner,Piedmont Technical College,Biology department, Greenwood, SC,1,2.9,N/A,4.0,,9,08/06/2009,BIO211,3.5,5.0,N/A,N/A,N/A,N/A,,0,0,"Stacy is not going to get good reviews, I am aware. However, students who bash him do not dedicate themselves to the material. Stacy will only dedicate as much effort as you put in. So those who are lazy would not appreciate his style. Good luck!"
Stacy  Turner,Piedmont Technical College,Biology department, Greenwood, SC,1,2.9,N/A,4.0,,9,08/06/2009,BIO211,4.0,3.0,N/A,N/A,N/A,N/A,,0,0,"At first, he seemed like a hard core nazi teacher, but in the end, found out that he really is a nice guy and willing to help his students...good guy"
Stacy  Turner,Piedmont Technical College,Biology department, Greenwood, SC,1,2.9,N/A,4.0,,9,03/27/2009,BIO210,1.0,5.0,N/A,N/A,N/A,N/A,,0,0,"First of all, I have to say that I am a college graduate. Mr. Turner is the worst experience I have ever had in the education sector. He does not teach you anything. He reads from PowerPoint presentations and expects you to read everything in the book. He is IMPOSSIBLE. Just about everyone has dropped. Do not take him--waste of time and money"
