professor_name,school_name,department_name,local_name,state_name,year_since_first_review,star_rating,take_again,diff_index,tag_professor,num_student,post_date,name_onlines,student_star,student_difficult,attence,for_credits,would_take_agains,grades,stu_tags,help_useful,help_not_useful,comments
Ree  Young,Montgomery Community College,English department, Troy, NC,7,3.3,N/A,3.2,LECTURE HEAVY (1),4,12/20/2016,HUM150,1.0,3.0,Not Mandatory,Yes,No,A,LECTURE HEAVY,1,0,"She say\'s she wants to have a discussion, but it\'s always a lecture from her. I learned to just sit there, listen to her left wing view\'s & was glad when the semester was over!!!"
Ree  Young,Montgomery Community College,English department, Troy, NC,7,3.3,N/A,3.2,LECTURE HEAVY (1),4,02/01/2013,HUM150,5.0,3.0,N/A,N/A,N/A,N/A,,0,0,"Excellent instructor. She is helpful and encourages students to look beyond the immediate answers. If you\'re lazy or can\'t take the occasional criticism, don\'t bother taking her. If you\'re mature and can partake in intelligent discussion, she\'s your woman!"
Ree  Young,Montgomery Community College,English department, Troy, NC,7,3.3,N/A,3.2,LECTURE HEAVY (1),4,07/05/2011,ENG101,5.0,4.0,N/A,N/A,N/A,N/A,,0,0,"I found through many endeavors and characteristic thorouhness,touche\' to Shakespeer, while further pontification is unjustified, unnessary through this one\'s review but alas has presented itself anyway Ms. Young is a caring, thoughtful teacher who exudes a true love of the English Language and of her students"
Ree  Young,Montgomery Community College,English department, Troy, NC,7,3.3,N/A,3.2,LECTURE HEAVY (1),4,01/26/2009,ENG090,2.0,3.0,N/A,N/A,N/A,N/A,,0,0,Thinks she knows everything--not!
