professor_name,school_name,department_name,local_name,state_name,year_since_first_review,star_rating,take_again,diff_index,tag_professor,num_student,post_date,name_onlines,student_star,student_difficult,attence,for_credits,would_take_agains,grades,stu_tags,help_useful,help_not_useful,comments
James  Wisner,Western University,Chemistry department, London, ON,5,2.6,N/A,3.0,GRADED BY FEW THINGS (1)  Get ready to read (1)  TEST HEAVY (1),5,12/30/2016,CHEM3373,1.0,4.0,Mandatory,Yes,No,N/A,TEST HEAVY  GRADED BY FEW THINGS  GET READY TO READ,0,2,"Yeaaaah, no. You can tell he feels forced to be there and does not enjoy teaching or care about overall performance of the students in his class. Walks in, rambles for 50 minutes, walks out. Talks in a low, monotone voice and is boring and hard to understand. Answers questions but will make sure you feel scared enough to not ask questions again."
James  Wisner,Western University,Chemistry department, London, ON,5,2.6,N/A,3.0,GRADED BY FEW THINGS (1)  Get ready to read (1)  TEST HEAVY (1),5,02/26/2014,CHEM2223B,1.0,5.0,Not Mandatory,N/A,N/A,N/A,,0,1,"He is so boring. Rambles a lot. Makes everything 100x more confusing than it needs to be. Talks fast but says nothing of value. Speaks unclearly in a monotone voice. It\'s as though he will fall asleep at the drop of a hat. Nice guy but sad to say, worst lecturer I\'ve had."
James  Wisner,Western University,Chemistry department, London, ON,5,2.6,N/A,3.0,GRADED BY FEW THINGS (1)  Get ready to read (1)  TEST HEAVY (1),5,01/18/2014,CHEM2223,2.0,2.0,N/A,N/A,N/A,N/A,,0,1,"He goes off topic a lot. His lectures are really confusing and all over the place. He is also extremely messy when it comes to writing on the slides. Very monotone, makes me fall asleep every class."
James  Wisner,Western University,Chemistry department, London, ON,5,2.6,N/A,3.0,GRADED BY FEW THINGS (1)  Get ready to read (1)  TEST HEAVY (1),5,04/15/2012,OCHEM001,4.5,2.0,N/A,N/A,N/A,N/A,,0,1,"Provides clear, succinct explanations complemented with real world applications of the material. A little monotonous, but very intelligible and knowledgeable in his respected field. Overall, he was a pleasure to have a professor."
James  Wisner,Western University,Chemistry department, London, ON,5,2.6,N/A,3.0,GRADED BY FEW THINGS (1)  Get ready to read (1)  TEST HEAVY (1),5,03/31/2011,CHEM2223,4.5,2.0,N/A,N/A,N/A,N/A,,1,1,"not too bad of a prof, knows his stuff and explains things clearly if you pay attention in class. exams are fair... only downside is his monotone voice and 8:30 classes"
