professor_name,school_name,department_name,local_name,state_name,year_since_first_review,star_rating,take_again,diff_index,tag_professor,num_student,post_date,name_onlines,student_star,student_difficult,attence,for_credits,would_take_agains,grades,stu_tags,help_useful,help_not_useful,comments
Chris  Fathman,West Valley College,English department, Saratoga, CA,6,5.0,N/A,2.8,Amazing lectures (2)  Inspirational (1)  Caring (1)  Gives good feedback (1),8,10/03/2015,ESL65GW,5.0,1.0,Mandatory,Yes,N/A,A,AMAZING LECTURES  INSPIRATIONAL  GIVES GOOD FEEDBACK,2,0,he is the best English teacher I had.
Chris  Fathman,West Valley College,English department, Saratoga, CA,6,5.0,N/A,2.8,Amazing lectures (2)  Inspirational (1)  Caring (1)  Gives good feedback (1),8,01/06/2015,95ESLLS,5.0,3.0,Mandatory,Yes,Yes,A,CARING  AMAZING LECTURES,4,0,The best ESL teacher ever! Mr. Fathman is an excellent teacher with great sense of humor and treats students with respect.
Chris  Fathman,West Valley College,English department, Saratoga, CA,6,5.0,N/A,2.8,Amazing lectures (2)  Inspirational (1)  Caring (1)  Gives good feedback (1),8,12/20/2013,ESL965,5.0,1.0,Mandatory,N/A,N/A,A,,1,2,He is the best teacher for ESL in the West Valley Collage. For sure I recommand his class. You are lucky if you have a chance to take a class with him.
Chris  Fathman,West Valley College,English department, Saratoga, CA,6,5.0,N/A,2.8,Amazing lectures (2)  Inspirational (1)  Caring (1)  Gives good feedback (1),8,04/26/2013,ESL965,5.0,4.0,N/A,N/A,N/A,N/A,,1,0,"Chris is such a good teacher and a really nice guy, very smart and funny. He is always willing to help, so far, he is the best teacher i\'ve ever had."
Chris  Fathman,West Valley College,English department, Saratoga, CA,6,5.0,N/A,2.8,Amazing lectures (2)  Inspirational (1)  Caring (1)  Gives good feedback (1),8,03/26/2012,ESL5666,5.0,4.0,N/A,N/A,N/A,N/A,,1,0,He IS AWSOME. TOOK ESL 965. YOU WILL LEARN A LOT IN HIS CLASS. TAKE HIS CLASS. YOU\' WILL NEVER REGRET IT.
Chris  Fathman,West Valley College,English department, Saratoga, CA,6,5.0,N/A,2.8,Amazing lectures (2)  Inspirational (1)  Caring (1)  Gives good feedback (1),8,11/21/2011,ESL1084,5.0,3.0,N/A,N/A,N/A,N/A,,1,0,This is the only ESL class that I can call it fun and highly useful. Chris is the best. recommend his class to every one.
Chris  Fathman,West Valley College,English department, Saratoga, CA,6,5.0,N/A,2.8,Amazing lectures (2)  Inspirational (1)  Caring (1)  Gives good feedback (1),8,03/17/2010,GWLS,5.0,3.0,N/A,N/A,N/A,N/A,,1,0,"He is the best teacher I have ever had,he is helpful,you can\'t believe how much you can improve yourself on his class.My favorite teacher ever,love him and thankfull to him.Highly recommanded to take class with him."
Chris  Fathman,West Valley College,English department, Saratoga, CA,6,5.0,N/A,2.8,Amazing lectures (2)  Inspirational (1)  Caring (1)  Gives good feedback (1),8,01/26/2009,ESL965,5.0,3.0,N/A,N/A,N/A,N/A,,1,0,He is one of the best teachers I have ever had. He is a very easy going person and help you a lot. I recommend him to everyone. HE IS GREAT!
