professor_name,school_name,department_name,local_name,state_name,year_since_first_review,star_rating,take_again,diff_index,tag_professor,num_student,post_date,name_onlines,student_star,student_difficult,attence,for_credits,would_take_agains,grades,stu_tags,help_useful,help_not_useful,comments
Lauren  Gunderson,John Jay College of Criminal Justice,Science department, New York, NY,9,3.5,50%,3.5,Tough Grader (3)  LOTS OF HOMEWORK (3)  Inspirational (1)  Participation matters (1)  Caring (1)  Gives good feedback (1)  Get ready to read (1)  Respected (1)  BEWARE OF POP QUIZZES (1),12,05/02/2018,CHE101,1.0,5.0,Mandatory,Yes,No,Not,,0,0,"As a 101 class that is supposed to be paced, it was very difficult. Youre expected to read a chapter, go to class and just know how to do problems without any type of example or explanation. Recitation is to review but when asked about how its done, you get incomplete answers and its how its is in the book. If can avoid, but live in tutoring."
Lauren  Gunderson,John Jay College of Criminal Justice,Science department, New York, NY,9,3.5,50%,3.5,Tough Grader (3)  LOTS OF HOMEWORK (3)  Inspirational (1)  Participation matters (1)  Caring (1)  Gives good feedback (1)  Get ready to read (1)  Respected (1)  BEWARE OF POP QUIZZES (1),12,04/26/2018,CHE101,1.0,4.0,Mandatory,Yes,No,N/A,TOUGH GRADER  GET READY TO READ  PARTICIPATION MATTERS,0,0,"Horrible teacher. Doesn\'t teach you the material, expects you to read the chapter and just know how to do the work. Go to tutoring all the time, online sources will teach you more than her."
Lauren  Gunderson,John Jay College of Criminal Justice,Science department, New York, NY,9,3.5,50%,3.5,Tough Grader (3)  LOTS OF HOMEWORK (3)  Inspirational (1)  Participation matters (1)  Caring (1)  Gives good feedback (1)  Get ready to read (1)  Respected (1)  BEWARE OF POP QUIZZES (1),12,01/29/2018,CHE103,1.0,4.0,Mandatory,Yes,No,N/A,LOTS OF HOMEWORK  TOUGH GRADER  BEWARE OF POP QUIZZES,0,0,"do not take. pop quizzes, very strict on everything"
Lauren  Gunderson,John Jay College of Criminal Justice,Science department, New York, NY,9,3.5,50%,3.5,Tough Grader (3)  LOTS OF HOMEWORK (3)  Inspirational (1)  Participation matters (1)  Caring (1)  Gives good feedback (1)  Get ready to read (1)  Respected (1)  BEWARE OF POP QUIZZES (1),12,01/11/2018,CHE103,5.0,3.0,Mandatory,Yes,Yes,A,RESPECTED  INSPIRATIONAL  LOTS OF HOMEWORK,0,0,"She is the best professor ever. She work so hard. If she is not in lab, she is in math & science center. Without her literally no one can pass this course. She will answer any of your question. Just ask her. I know lot students failed but you must know studying chemistry is combination of lecture, tutoring, and self-study. Dont miss any of these"
Lauren  Gunderson,John Jay College of Criminal Justice,Science department, New York, NY,9,3.5,50%,3.5,Tough Grader (3)  LOTS OF HOMEWORK (3)  Inspirational (1)  Participation matters (1)  Caring (1)  Gives good feedback (1)  Get ready to read (1)  Respected (1)  BEWARE OF POP QUIZZES (1),12,10/22/2017,CHE103,3.0,5.0,Mandatory,Yes,Yes,N/A,TOUGH GRADER  LOTS OF HOMEWORK,0,0,"She\'ll go over problems with you and try to make sure you understand what you\'re doing, which is a good thing. However, be warned, she gives A LOT of work to prepare you for exams. She\'s overall nice, but somewhat inconsiderate in the workload that she gives. If you do take her, don\'t be intimidated by her pushy personality."
Lauren  Gunderson,John Jay College of Criminal Justice,Science department, New York, NY,9,3.5,50%,3.5,Tough Grader (3)  LOTS OF HOMEWORK (3)  Inspirational (1)  Participation matters (1)  Caring (1)  Gives good feedback (1)  Get ready to read (1)  Respected (1)  BEWARE OF POP QUIZZES (1),12,07/19/2017,CHE104,4.0,4.0,Mandatory,Yes,Yes,N/A,CARING  GIVES GOOD FEEDBACK,0,0,I took her for lab and she was one of my favorite lab teachers I\'ve had so far. Funny and approachable but will come down hard on you for making stupid mistakes e.g. not following safety procedures. Always willing to help go over questions if you don\'t understand but be warned she doesn\'t allow repeats or make ups. I recommend her for lab
Lauren  Gunderson,John Jay College of Criminal Justice,Science department, New York, NY,9,3.5,50%,3.5,Tough Grader (3)  LOTS OF HOMEWORK (3)  Inspirational (1)  Participation matters (1)  Caring (1)  Gives good feedback (1)  Get ready to read (1)  Respected (1)  BEWARE OF POP QUIZZES (1),12,12/12/2012,CHE103,2.5,5.0,N/A,N/A,N/A,N/A,,1,1,"First if all, idk why she\'s listed as hot. She\'s the opposite. And she\'s a bad teacher. Nice lady and funny, but horrible at teaching."
Lauren  Gunderson,John Jay College of Criminal Justice,Science department, New York, NY,9,3.5,50%,3.5,Tough Grader (3)  LOTS OF HOMEWORK (3)  Inspirational (1)  Participation matters (1)  Caring (1)  Gives good feedback (1)  Get ready to read (1)  Respected (1)  BEWARE OF POP QUIZZES (1),12,07/05/2011,CHEM01,5.0,2.0,N/A,N/A,N/A,N/A,,0,1,This prof is the best! She is so smart and funny! Def take her if you get the chance!
Lauren  Gunderson,John Jay College of Criminal Justice,Science department, New York, NY,9,3.5,50%,3.5,Tough Grader (3)  LOTS OF HOMEWORK (3)  Inspirational (1)  Participation matters (1)  Caring (1)  Gives good feedback (1)  Get ready to read (1)  Respected (1)  BEWARE OF POP QUIZZES (1),12,05/26/2010,CHE103,4.5,3.0,N/A,N/A,N/A,N/A,,1,1,"i had her last semester for lab, and shes great. at the beginnin on the semester i thought she was going to be a hard time and mean, but she really isnt. she wants you to really understand whats happening. im disappointed i didnt have her this semester for lab. she was cool too, always conversating with the students."
Lauren  Gunderson,John Jay College of Criminal Justice,Science department, New York, NY,9,3.5,50%,3.5,Tough Grader (3)  LOTS OF HOMEWORK (3)  Inspirational (1)  Participation matters (1)  Caring (1)  Gives good feedback (1)  Get ready to read (1)  Respected (1)  BEWARE OF POP QUIZZES (1),12,03/04/2009,CHE102,5.0,5.0,N/A,N/A,N/A,N/A,,2,1,Holy crap this class is hard - sooo much work.. why?! There\'s asignment due like every time and quizzes and even homwork in between. I dont think school is suposed to be hard like this.
Lauren  Gunderson,John Jay College of Criminal Justice,Science department, New York, NY,9,3.5,50%,3.5,Tough Grader (3)  LOTS OF HOMEWORK (3)  Inspirational (1)  Participation matters (1)  Caring (1)  Gives good feedback (1)  Get ready to read (1)  Respected (1)  BEWARE OF POP QUIZZES (1),12,02/20/2009,CHE102,4.5,1.0,N/A,N/A,N/A,N/A,,1,0,"In the beginning of the semester she wants to come of as really tough instructor. She and makes a big fuss about attendance, homework and quizzes. But by the end of the semster she gives everyone a huge curve. She is very patient, and likes to hear herself talk. If you didn\'t read the lab, just ask her, and she\'ll explain it. Easy class!"
Lauren  Gunderson,John Jay College of Criminal Justice,Science department, New York, NY,9,3.5,50%,3.5,Tough Grader (3)  LOTS OF HOMEWORK (3)  Inspirational (1)  Participation matters (1)  Caring (1)  Gives good feedback (1)  Get ready to read (1)  Respected (1)  BEWARE OF POP QUIZZES (1),12,01/26/2009,CHE102,5.0,1.0,N/A,N/A,N/A,N/A,,1,0,SHE IS SOOOO AWESOME!Easiest class ever!I got an A and I didnt even study.Every quiz was open notes! She was so helpful and nice and let the class go early almost every time!!!She will help you study and really cares about her students and loves it when people ask her questions!So ask a lot youll get extra credit!Take her and you will def get an A!
