professor_name,school_name,department_name,local_name,state_name,year_since_first_review,star_rating,take_again,diff_index,tag_professor,num_student,post_date,name_onlines,student_star,student_difficult,attence,for_credits,would_take_agains,grades,stu_tags,help_useful,help_not_useful,comments
Christina  Million,University of Texas at Arlington,Marketing department, Arlington, TX,0,3.3,N/A,2.8,,4,12/10/2009,MARK3321,5.0,2.0,N/A,N/A,N/A,N/A,,0,0,"I loved her. She does read from slides but gives examples that are not on the slides that are on the test, so going to class is a good idea. There are 3 tests and a Project (counts for 25%) if you put effort into it you will do fine! she also give 3 other assignments that will help boost the grade! this is a good class with a GREAT prof - easy A"
Christina  Million,University of Texas at Arlington,Marketing department, Arlington, TX,0,3.3,N/A,2.8,,4,05/21/2009,MARK3321,4.0,1.0,N/A,N/A,N/A,N/A,,0,0,"EASY Class! If you show up to class and pay attention, you are guaranteed an A! Make sure you don\'t neglect the easy points (i.e. case studies). Review is given, and tests are EZ! Yes, she does have 1 major project that accounts for 25% of your grade but if you choose the right group members and get started early, an A is 4 sure!"
Christina  Million,University of Texas at Arlington,Marketing department, Arlington, TX,0,3.3,N/A,2.8,,4,02/13/2009,MARK3321,1.0,4.0,N/A,N/A,N/A,N/A,,0,0,"Do not take this professor. 1 major project, 3 class assignment type 1-2 page long and each test cover 6 chapters. Her class is so boring. She read from the powerpoints whats the point of coming to class for"
Christina  Million,University of Texas at Arlington,Marketing department, Arlington, TX,0,3.3,N/A,2.8,,4,01/27/2009,MARK3321,3.0,4.0,N/A,N/A,N/A,N/A,,0,0,Way too much work! Too many group project.
