professor_name,school_name,department_name,local_name,state_name,year_since_first_review,star_rating,take_again,diff_index,tag_professor,num_student,post_date,name_onlines,student_star,student_difficult,attence,for_credits,would_take_agains,grades,stu_tags,help_useful,help_not_useful,comments
Michael  Werner,University of Oregon,Journalism department, Eugene, OR,2,3.2,N/A,1.8,,5,06/07/2011,J408,1.0,1.0,N/A,N/A,N/A,N/A,,0,0,He should be a middle school teacher not a college professor. He plays favorites in class and depends strongly on class leaders so he can watch.
Michael  Werner,University of Oregon,Journalism department, Eugene, OR,2,3.2,N/A,1.8,,5,11/19/2010,J206,4.5,3.0,N/A,N/A,N/A,N/A,,0,0,"overall great class, good energy and i learned a lot! if you love journalism, you will be insired"
Michael  Werner,University of Oregon,Journalism department, Eugene, OR,2,3.2,N/A,1.8,,5,05/28/2010,J201,2.0,2.0,N/A,N/A,N/A,N/A,,0,0,I didn\'t enjoy his class and I felt like the material he brought up during lecture was irrelevant to the course mostly. I would have much rather stuck to the topic of journalism outlets oppose to viral videos and stuff like that. The assignments weren\'t very structured and he was hard to reach for help.
Michael  Werner,University of Oregon,Journalism department, Eugene, OR,2,3.2,N/A,1.8,,5,12/30/2009,J201,4.5,1.0,N/A,N/A,N/A,N/A,,0,0,"Very fun, learned a lot."
Michael  Werner,University of Oregon,Journalism department, Eugene, OR,2,3.2,N/A,1.8,,5,05/03/2009,GATEW410,4.0,2.0,N/A,N/A,N/A,N/A,,0,0,Class was very scattered as it was the first run. But Michael was an interesting teacher and his assignments were fun and challenging. Grading was moderately lenient. Pretty Good teacher!
