professor_name,school_name,department_name,local_name,state_name,year_since_first_review,star_rating,take_again,diff_index,tag_professor,num_student,post_date,name_onlines,student_star,student_difficult,attence,for_credits,would_take_agains,grades,stu_tags,help_useful,help_not_useful,comments
Aries  Cobb,Baldwin Wallace University,Education department, Berea, OH,9,4.0,N/A,2.5,,14,02/07/2018,ETE243,3.0,3.0,N/A,Yes,No,N/A,,0,0,"She is very nice, but not very helpful when the course is online. She takes points off for every little thing, and it\'s only a one credit course. Easy A assignments I\'ve gotten at least two points taken off so things such as wrong text color or not doing what she wanted the exact way she expected it."
Aries  Cobb,Baldwin Wallace University,Education department, Berea, OH,9,4.0,N/A,2.5,,14,03/26/2016,EDU346,1.0,3.0,Mandatory,Yes,N/A,A,,0,0,"Mrs. Cobb was in the bottom two for professors I had at BW. She taught us as though we were second graders. She was also very demeaning to students, myself in particular, for expressing confusion in regards to her instructions. I would not recommend her to anyone."
Aries  Cobb,Baldwin Wallace University,Education department, Berea, OH,9,4.0,N/A,2.5,,14,08/14/2011,EDU104,5.0,2.0,N/A,N/A,N/A,N/A,,0,0,I was looking forward to taking this course. It was very useful in my field experience. The professor knows how to use technology in the classroom. I hope to take a course with Dr. Cobb again.
Aries  Cobb,Baldwin Wallace University,Education department, Berea, OH,9,4.0,N/A,2.5,,14,06/29/2011,EDU104,5.0,3.0,N/A,N/A,N/A,N/A,,0,0,Best class for learning how to use technology in the classroom.
Aries  Cobb,Baldwin Wallace University,Education department, Berea, OH,9,4.0,N/A,2.5,,14,05/28/2011,EDU104,2.0,1.0,N/A,N/A,N/A,N/A,,1,0,A nice lady but she does not really teach anything at all. The class consists of busy work with no application to the classroom. She is really lenient with due dates which helps.
Aries  Cobb,Baldwin Wallace University,Education department, Berea, OH,9,4.0,N/A,2.5,,14,05/06/2011,EDU104,5.0,1.0,N/A,N/A,N/A,N/A,,0,0,"Dr. Cobb is very knowledgeable. Awesome professor, wonderful class."
Aries  Cobb,Baldwin Wallace University,Education department, Berea, OH,9,4.0,N/A,2.5,,14,05/04/2011,EDU104,5.0,2.0,N/A,N/A,N/A,N/A,,0,0,Great Class! Now I know how to use technology in the classroom.
Aries  Cobb,Baldwin Wallace University,Education department, Berea, OH,9,4.0,N/A,2.5,,14,03/03/2011,EDU104,5.0,3.0,N/A,N/A,N/A,N/A,,0,0,This is a great class. We are learning how to use technology with all types of learners. I love the free software.
Aries  Cobb,Baldwin Wallace University,Education department, Berea, OH,9,4.0,N/A,2.5,,14,02/20/2011,EDU104,5.0,2.0,N/A,N/A,N/A,N/A,,0,0,This is one of my favorite classes at B-W. I recommend that you take Dr. Cobb\'s class you will learn a lot about how to use tech. in the classroom.
Aries  Cobb,Baldwin Wallace University,Education department, Berea, OH,9,4.0,N/A,2.5,,14,02/20/2011,EDU104,5.0,2.0,N/A,N/A,N/A,N/A,,0,0,Dr. Cobb has a positive attitude and she is always willing and able to answer our questions.
Aries  Cobb,Baldwin Wallace University,Education department, Berea, OH,9,4.0,N/A,2.5,,14,02/08/2011,EDU104,1.5,4.0,N/A,N/A,N/A,N/A,,1,0,Very sweet woman but hard ot understand. Assignments not clearly explained. Does not answer quesitons with the correct response.
Aries  Cobb,Baldwin Wallace University,Education department, Berea, OH,9,4.0,N/A,2.5,,14,12/19/2010,EDU104,5.0,3.0,N/A,N/A,N/A,N/A,,0,0,Dr. Cobb is very knowledgeable in technology and it\'s use in the classroom. This is one of the best courses that I have ever taken.
Aries  Cobb,Baldwin Wallace University,Education department, Berea, OH,9,4.0,N/A,2.5,,14,12/17/2010,EDU104,5.0,3.0,N/A,N/A,N/A,N/A,,0,0,I really enjoyed this course. I learned a lot form Dr. Cobb. She was was easy to talk to and she was always available to help us. Great Professor.
Aries  Cobb,Baldwin Wallace University,Education department, Berea, OH,9,4.0,N/A,2.5,,14,12/23/2009,EDUTECH,2.5,3.0,N/A,N/A,N/A,N/A,,1,0,"She\'s a very nice woman, but this class was made much harder than necessary, due to her lack of clarity. This was an educational technology class and I felt as though she often did not know anything beyond what the textbook said. If you ask a question, she will answer it by poorly rephrasing the oricinally unclear assignment."
