professor_name,school_name,department_name,local_name,state_name,year_since_first_review,star_rating,take_again,diff_index,tag_professor,num_student,post_date,name_onlines,student_star,student_difficult,attence,for_credits,would_take_agains,grades,stu_tags,help_useful,help_not_useful,comments
Brian  Hill,Central Connecticut State University,Criminal Justice department, New Britain, CT,6,3.9,N/A,3.0,EXTRA CREDIT (2)  Caring (1)  Inspirational (1)  BEWARE OF POP QUIZZES (1)  Gives good feedback (1),5,04/28/2015,CRM322,4.0,3.0,Mandatory,Yes,N/A,B+,INSPIRATIONAL  EXTRA CREDIT  CARING,0,0,Great class!
Brian  Hill,Central Connecticut State University,Criminal Justice department, New Britain, CT,6,3.9,N/A,3.0,EXTRA CREDIT (2)  Caring (1)  Inspirational (1)  BEWARE OF POP QUIZZES (1)  Gives good feedback (1),5,04/06/2015,CRM322,5.0,1.0,Mandatory,Yes,N/A,A,BEWARE OF POP QUIZZES  GIVES GOOD FEEDBACK  EXTRA CREDIT,1,0,"Brian is a great professor who makes it somehow fun to learn about research methods. He is a research nut which shows in his passion for teaching this class. The lectures are long as it the class meets once per week but makes them interesting as long as you participate. Submit a draft for the research paper, the feedback is vital in getting an A."
Brian  Hill,Central Connecticut State University,Criminal Justice department, New Britain, CT,6,3.9,N/A,3.0,EXTRA CREDIT (2)  Caring (1)  Inspirational (1)  BEWARE OF POP QUIZZES (1)  Gives good feedback (1),5,12/14/2011,CRM322,4.5,2.0,N/A,N/A,N/A,N/A,,0,0,"Professor Hill was an overall great guy. He expects a lot from you. There are 3 pop quizzes on readings. Make sure you become prepared. There are 3 projects all of which aren\'t bad. He\'s a fair grader. The midterm and final are not bad either. It\'s a mixture of multiple choice, true and false, and short essays."
Brian  Hill,Central Connecticut State University,Criminal Justice department, New Britain, CT,6,3.9,N/A,3.0,EXTRA CREDIT (2)  Caring (1)  Inspirational (1)  BEWARE OF POP QUIZZES (1)  Gives good feedback (1),5,12/22/2010,CRM322,1.5,5.0,N/A,N/A,N/A,N/A,,0,3,"extremely hard, and not easy to understand during lectures. don\'t take him for research methods!"
Brian  Hill,Central Connecticut State University,Criminal Justice department, New Britain, CT,6,3.9,N/A,3.0,EXTRA CREDIT (2)  Caring (1)  Inspirational (1)  BEWARE OF POP QUIZZES (1)  Gives good feedback (1),5,05/28/2009,CRM322,4.5,4.0,N/A,N/A,N/A,N/A,,0,0,Took Research Methods with Prof. Hill and it was challenging but he grades fair. Exams were very hard (multiple choice). Essays and projects much easier and he graded pretty easy on them. Overall good professor.
