professor_name,school_name,department_name,local_name,state_name,year_since_first_review,star_rating,take_again,diff_index,tag_professor,num_student,post_date,name_onlines,student_star,student_difficult,attence,for_credits,would_take_agains,grades,stu_tags,help_useful,help_not_useful,comments
Michelle  Monte,Rider University,English department, Lawrenceville, NJ,2,1.5,N/A,4.9,,7,09/30/2011,COMP115,2.0,5.0,N/A,N/A,N/A,N/A,,0,0,"she may be a good professor but she makes the class difficult. she makes you do unnecessary work. She also is very strict,talks about her family a lot avoid her class"
Michelle  Monte,Rider University,English department, Lawrenceville, NJ,2,1.5,N/A,4.9,,7,01/12/2011,CMP115,1.0,5.0,N/A,N/A,N/A,N/A,,0,0,"If you see her name on your schedule, go to the Dean\'s office and change the class. She\'s rude, inconsiderate, and thinks she better than everyone else. She writes so much on your papers with red pen that you\'ll think paper has actually started to bleed."
Michelle  Monte,Rider University,English department, Lawrenceville, NJ,2,1.5,N/A,4.9,,7,12/23/2010,CMP115,2.5,4.0,N/A,N/A,N/A,N/A,,0,0,"Monte tends to repeat herself and also thinks she\'s the best professor alive. Gives grammar quizzes, 5 essays all varying in length, and one group presentation. I can promise you you wont get a good grade unless she likes you. Extremely rude and inconsiderate."
Michelle  Monte,Rider University,English department, Lawrenceville, NJ,2,1.5,N/A,4.9,,7,10/15/2010,CMP115,1.0,5.0,N/A,N/A,N/A,N/A,,0,0,does not explain information well and can be very snotty
Michelle  Monte,Rider University,English department, Lawrenceville, NJ,2,1.5,N/A,4.9,,7,03/01/2010,CMP125,1.0,5.0,N/A,N/A,N/A,N/A,,0,0,she is very rude and passive aggressive. she also gives out a lot of usless homwwork AVOID
Michelle  Monte,Rider University,English department, Lawrenceville, NJ,2,1.5,N/A,4.9,,7,05/12/2009,ENGENG,1.0,5.0,N/A,N/A,N/A,N/A,,0,0,She is rude and condescending. She is completely unhelpful and does not help our writing at all. One phrase: C U Next Tuesday.
Michelle  Monte,Rider University,English department, Lawrenceville, NJ,2,1.5,N/A,4.9,,7,03/27/2009,CMP125,2.0,5.0,N/A,N/A,N/A,N/A,,0,0,"Do every thing you possibly can to stay out of this womans class, shes nasty, unhelpful, and gives a ridiculous amount of pointless homework every single night in addition to the papers you have to write. she thinks she makes you a better writer...hah."
