professor_name,school_name,department_name,local_name,state_name,year_since_first_review,star_rating,take_again,diff_index,tag_professor,num_student,post_date,name_onlines,student_star,student_difficult,attence,for_credits,would_take_agains,grades,stu_tags,help_useful,help_not_useful,comments
Bob  Downs,University of Arizona,Geology department, Tucson, AZ,6,3.5,N/A,2.4,Clear grading criteria (1)  Tough Grader (1)  Amazing lectures (1),7,12/17/2015,GEOS306,2.5,3.0,Not Mandatory,Yes,N/A,B,TOUGH GRADER  AMAZING LECTURES  CLEAR GRADING CRITERIA,0,0,"The guy himself is pretty funny, and the labs themselves are spent mostly identifying minerals then taking hard quizzes/tests on them + the formulas. The new field trip to San Carlos to collect material from the mantle was pretty tops. Other than that, don\'t trust what he says about his final exam; he says it\'ll be one thing then made it different."
Bob  Downs,University of Arizona,Geology department, Tucson, AZ,6,3.5,N/A,2.4,Clear grading criteria (1)  Tough Grader (1)  Amazing lectures (1),7,12/18/2013,GEOS306,2.5,2.0,Mandatory,N/A,N/A,B,,0,0,"Funny, down to earth professor.Sort of helpful.The only grades for the class are 3 exams,a project & lab grade.Previous exams posted (look & do them!),easy to find answers,recycles most questions but could be formatted different or be trickier.Lab is fun but memorizing mineral formulas can be tough, over 100 of them , most will be on lab final."
Bob  Downs,University of Arizona,Geology department, Tucson, AZ,6,3.5,N/A,2.4,Clear grading criteria (1)  Tough Grader (1)  Amazing lectures (1),7,05/05/2012,GEOS460,4.0,2.0,N/A,N/A,N/A,N/A,,0,0,"He is a very respectable professor. Glad that he didn\'t have any tests in this class though, because the material was hard! Helped out a lot in lab, helps get you more interested in the subject."
Bob  Downs,University of Arizona,Geology department, Tucson, AZ,6,3.5,N/A,2.4,Clear grading criteria (1)  Tough Grader (1)  Amazing lectures (1),7,01/01/2012,GEOS306,3.5,2.0,N/A,N/A,N/A,N/A,,0,0,"Bob is a very intelligent, respectable professor. Though this class was interesting, most of the information isn\'t useful unless you plan to be a mineralogist. The necessity of sheer memorization for parts of the exams is disappointing. Be sure to learn how to do the problems a few days before the exam, because there aren\'t examples in the notes."
Bob  Downs,University of Arizona,Geology department, Tucson, AZ,6,3.5,N/A,2.4,Clear grading criteria (1)  Tough Grader (1)  Amazing lectures (1),7,10/07/2010,GEOS306,5.0,2.0,N/A,N/A,N/A,N/A,,0,0,Downs is a fantastic teacher. He loves minerology and you will walk away wanting to be a minerologist. Exams are not too tough and lab is fun. You learn some really cool stuff!
Bob  Downs,University of Arizona,Geology department, Tucson, AZ,6,3.5,N/A,2.4,Clear grading criteria (1)  Tough Grader (1)  Amazing lectures (1),7,12/15/2009,GEOS306,2.5,4.0,N/A,N/A,N/A,N/A,,0,0,First test is a breeze...then watch out! It gets tougher...And the final? Hope you\'re good at memmorizing random chemical formulas you will just look up in future.
Bob  Downs,University of Arizona,Geology department, Tucson, AZ,6,3.5,N/A,2.4,Clear grading criteria (1)  Tough Grader (1)  Amazing lectures (1),7,01/26/2009,GEOS306,4.5,2.0,N/A,N/A,N/A,N/A,,0,0,"He\'s interesting and loves his subject. Tests are a breeze, old exams are online and he uses the exact questions. Lab is fun and really gets you interested in mineralogy"
