professor_name,school_name,department_name,local_name,state_name,year_since_first_review,star_rating,take_again,diff_index,tag_professor,num_student,post_date,name_onlines,student_star,student_difficult,attence,for_credits,would_take_agains,grades,stu_tags,help_useful,help_not_useful,comments
Debra  Moddelmog,The Ohio State University,English department, Columbus, OH,2,4.0,N/A,3.4,,7,08/12/2012,ENG592,4.0,5.0,N/A,N/A,N/A,N/A,,1,0,"As said before, read! Thought-provoking class; she\'ll make you think and re-think what you thought you knew. Class was lecture with discussion throughout. Caring teacher, wants students to do well but makes them earn it."
Debra  Moddelmog,The Ohio State University,English department, Columbus, OH,2,4.0,N/A,3.4,,7,06/03/2010,ENG578,4.0,3.0,N/A,N/A,N/A,N/A,,0,0,"One of the best professors I\'ve had thus far, as well as one of the most interesting classes I\'ve taken. She challenges students but it\'s because she wants them to think for themselves and to LEARN something in her class. As said before, READ. The quizzes are tough. Overall, however, a great professor."
Debra  Moddelmog,The Ohio State University,English department, Columbus, OH,2,4.0,N/A,3.4,,7,05/26/2010,ENG578,5.0,2.0,N/A,N/A,N/A,N/A,,0,0,"She is great! I would love to take another class with her. Do your reading to do well on the quizzes. Extremely helpful and cheerful person. This class was very enjoyable and she is awesome. Do your reading, study for the tests, and listen in class, and you\'ll be set."
Debra  Moddelmog,The Ohio State University,English department, Columbus, OH,2,4.0,N/A,3.4,,7,03/29/2010,ENG580,4.0,2.0,N/A,N/A,N/A,N/A,,0,0,"Her vast knowledge of potentially everything can be quite intimidating, but she is probably the nicest and inviting instructor I\'ve had in the English Department. Don\'t raise you\'re hand for mere comments or suggestions: be clear, straightforward, and to the point. She keeps it fresh, but asks that you do too. Do the reading, you\'ll have quizzes."
Debra  Moddelmog,The Ohio State University,English department, Columbus, OH,2,4.0,N/A,3.4,,7,03/29/2010,ENG580,5.0,3.0,N/A,N/A,N/A,N/A,,0,0,"She\'s an amazing prof. and is very interested in helping her students. The most important thing to her is that the students get something out of the class. A lot of reading, but it is an English class."
Debra  Moddelmog,The Ohio State University,English department, Columbus, OH,2,4.0,N/A,3.4,,7,02/22/2010,ENG580,4.0,5.0,N/A,N/A,N/A,N/A,,0,0,Teacher is extremely hard. Don\'t walk into this class with kid gloves. Quizzes often to make sure you read.
Debra  Moddelmog,The Ohio State University,English department, Columbus, OH,2,4.0,N/A,3.4,,7,01/28/2010,ENG580,2.0,4.0,N/A,N/A,N/A,N/A,,0,1,Very smart woman. Class is challenging with a lot of reading.
