professor_name,school_name,department_name,local_name,state_name,year_since_first_review,star_rating,take_again,diff_index,tag_professor,num_student,post_date,name_onlines,student_star,student_difficult,attence,for_credits,would_take_agains,grades,stu_tags,help_useful,help_not_useful,comments
Becky  Williams,Utah Valley University,Biology department, Orem, UT,0,2.5,N/A,4.4,,5,08/25/2009,BIO1010,1.5,5.0,N/A,N/A,N/A,N/A,,0,0,"Worst teacher I have ever had. Her lectures are long and boring, she does not explain Biology on a 1010 level at all. Quzzes and Tests very hard. Not too much homework. I went to class and tried to learn but really I feel like it was very unfair the level she was teaching at, we aren\'t Biology Scholars."
Becky  Williams,Utah Valley University,Biology department, Orem, UT,0,2.5,N/A,4.4,,5,06/10/2009,BIO1010,2.0,5.0,N/A,N/A,N/A,N/A,,0,0,"Horrible teacher. She preaches biology 1010 like it\'s biology 9090. She knows biology backwards and forwards, and expects students to know it just as well. Take good notes because thats all the help you\'ll get from her for test taking. I studied hard in this class and still got a B."
Becky  Williams,Utah Valley University,Biology department, Orem, UT,0,2.5,N/A,4.4,,5,04/03/2009,BIOL1010,4.0,4.0,N/A,N/A,N/A,N/A,,0,0,Dr. Williams knows the material very well. The majority of her teaching is through power points. Homework consists of reviews of Science articles as well as discussions in class about various subjects. I think she is a new instructor and is still figuring out how to best approach the teaching side of Biology. Tough class but I\'ve learned a lot.
Becky  Williams,Utah Valley University,Biology department, Orem, UT,0,2.5,N/A,4.4,,5,04/02/2009,BIO1010,2.5,4.0,N/A,N/A,N/A,N/A,,0,0,Worst teacher I have ever had. She treats the class like little kids. She thinks she is so cool because she is a teacher. Her quizzes are hard but her tests are not terrible. She threatens a lot about how much you should study and rushes through the material. You can tell she\'s a new teacher
Becky  Williams,Utah Valley University,Biology department, Orem, UT,0,2.5,N/A,4.4,,5,04/02/2009,BIO1010,2.5,4.0,N/A,N/A,N/A,N/A,,0,0,Her lectures were very confusing sometimes but she does very well at answering questions when you have them. Tests are alot easier than she makes it seem. Study and you will do fine.
