professor_name,school_name,department_name,local_name,state_name,year_since_first_review,star_rating,take_again,diff_index,tag_professor,num_student,post_date,name_onlines,student_star,student_difficult,attence,for_credits,would_take_agains,grades,stu_tags,help_useful,help_not_useful,comments
Chris  Reed,Southern Union State Community College,Nursing department, Opelika, AL,7,3.8,N/A,4.3,ACCESSIBLE OUTSIDE CLASS (1)  Hilarious (1)  Tough Grader (1)  Respected (1)  Gives good feedback (1),9,10/26/2016,NUR211,5.0,4.0,Mandatory,Yes,Yes,Not,RESPECTED  TOUGH GRADER  ACCESSIBLE OUTSIDE CLASS,0,0,Liked his class but prepare to study
Chris  Reed,Southern Union State Community College,Nursing department, Opelika, AL,7,3.8,N/A,4.3,ACCESSIBLE OUTSIDE CLASS (1)  Hilarious (1)  Tough Grader (1)  Respected (1)  Gives good feedback (1),9,10/24/2016,NUR211,5.0,4.0,N/A,Yes,Yes,N/A,GIVES GOOD FEEDBACK  HILARIOUS,0,0,Great teacher!!! Makes u use ur brain !
Chris  Reed,Southern Union State Community College,Nursing department, Opelika, AL,7,3.8,N/A,4.3,ACCESSIBLE OUTSIDE CLASS (1)  Hilarious (1)  Tough Grader (1)  Respected (1)  Gives good feedback (1),9,05/16/2014,NURS201,4.0,3.0,Mandatory,N/A,N/A,B+,,0,0,Mr. Reed is an awesome professor and clinical instructor. Pay attention in class and read the powerpoints. Don\'t get overwhelmed with the Pharm exam it is difficult if you over study. My advise is to study meds by systems. Read the chapters before studying the powerpoint but he is very clear and concise. You will be fine.
Chris  Reed,Southern Union State Community College,Nursing department, Opelika, AL,7,3.8,N/A,4.3,ACCESSIBLE OUTSIDE CLASS (1)  Hilarious (1)  Tough Grader (1)  Respected (1)  Gives good feedback (1),9,08/11/2013,NURS201,4.5,4.0,N/A,N/A,N/A,N/A,,0,0,Great and very smart instructor! Very helpful in study! You earn all you get as a grade. Lots of study time! Great clinical instructor!!!! Learned a lot !
Chris  Reed,Southern Union State Community College,Nursing department, Opelika, AL,7,3.8,N/A,4.3,ACCESSIBLE OUTSIDE CLASS (1)  Hilarious (1)  Tough Grader (1)  Respected (1)  Gives good feedback (1),9,01/19/2010,NUR203,4.0,4.0,N/A,N/A,N/A,N/A,,0,0,Nice guy hard but cares about you
Chris  Reed,Southern Union State Community College,Nursing department, Opelika, AL,7,3.8,N/A,4.3,ACCESSIBLE OUTSIDE CLASS (1)  Hilarious (1)  Tough Grader (1)  Respected (1)  Gives good feedback (1),9,11/16/2009,NUR201,1.5,5.0,N/A,N/A,N/A,N/A,,0,0,"This guy is a joke! He seems to just not care and there just for a paycheck. If I had a choice on instructors, would be at the bottom of my list. But its Nursing School - don\'t have a choice of instructors."
Chris  Reed,Southern Union State Community College,Nursing department, Opelika, AL,7,3.8,N/A,4.3,ACCESSIBLE OUTSIDE CLASS (1)  Hilarious (1)  Tough Grader (1)  Respected (1)  Gives good feedback (1),9,05/15/2009,NUR201,4.5,5.0,N/A,N/A,N/A,N/A,,0,0,Nice guy but hard class. He would do anything to help you. Well not anything
Chris  Reed,Southern Union State Community College,Nursing department, Opelika, AL,7,3.8,N/A,4.3,ACCESSIBLE OUTSIDE CLASS (1)  Hilarious (1)  Tough Grader (1)  Respected (1)  Gives good feedback (1),9,04/02/2009,NUR201,4.5,4.0,N/A,N/A,N/A,N/A,,0,0,good teacher. not as easy as you think. pretty hard actually. cool guy though
Chris  Reed,Southern Union State Community College,Nursing department, Opelika, AL,7,3.8,N/A,4.3,ACCESSIBLE OUTSIDE CLASS (1)  Hilarious (1)  Tough Grader (1)  Respected (1)  Gives good feedback (1),9,01/27/2009,NUR201,1.0,5.0,N/A,N/A,N/A,N/A,,0,0,What a waste of time- I would have rather had my toenails pulled than spend my daddy\'s money on his class.
