professor_name,school_name,department_name,local_name,state_name,year_since_first_review,star_rating,take_again,diff_index,tag_professor,num_student,post_date,name_onlines,student_star,student_difficult,attence,for_credits,would_take_agains,grades,stu_tags,help_useful,help_not_useful,comments
Amy  Hamilton,Northern Michigan University,English department, Marquette, MI,5,4.1,N/A,3.4,Participation matters (1)  Inspirational (1),8,11/13/2014,EN317,4.0,3.0,Mandatory,Yes,Yes,B+,PARTICIPATION MATTERS  INSPIRATIONAL,0,0,Dr. Hamilton is truly an inspiring women. Her knowledge on Native American literature is impressive and her passion shines through in her work. Do your reading and be prepared to discuss the material. She is very open to interpretation. I loved this course and would most definitely take one of her courses again.
Amy  Hamilton,Northern Michigan University,English department, Marquette, MI,5,4.1,N/A,3.4,Participation matters (1)  Inspirational (1),8,04/03/2014,EN317,5.0,4.0,Mandatory,N/A,N/A,A,,0,0,"Dr. Hamilton is very demanding but rightfully so -- she puts a lot of effort into her teaching and expects just as much back. She is a very strict, but reasonable grader. Don\'t try to BS your way through an essay or exam because she\'ll spot it a mile away. Awesome professor -- much learned -- I feel very disciplined and stronger."
Amy  Hamilton,Northern Michigan University,English department, Marquette, MI,5,4.1,N/A,3.4,Participation matters (1)  Inspirational (1),8,12/12/2013,EN316,4.0,3.0,Mandatory,N/A,N/A,B,,0,0,"Great teacher, good class. The poetry books were so dry I could not take it. Every day class was like like going to a book club. I would recommend her to anyone!"
Amy  Hamilton,Northern Michigan University,English department, Marquette, MI,5,4.1,N/A,3.4,Participation matters (1)  Inspirational (1),8,06/18/2013,EN314,3.0,3.0,N/A,N/A,N/A,N/A,,0,0,Amy seems like a nice person but the reading and discussion for this class was really boring. She also grades the final paper really harshly. I would strongly advise not taking this course.
Amy  Hamilton,Northern Michigan University,English department, Marquette, MI,5,4.1,N/A,3.4,Participation matters (1)  Inspirational (1),8,07/20/2010,EN314,5.0,4.0,N/A,N/A,N/A,N/A,,1,0,"Professor Hamilton is a great professor. Her assignments are kind of demanding, and she\'s a tough grader, but if you\'re interested in the subject you\'ll do good."
Amy  Hamilton,Northern Michigan University,English department, Marquette, MI,5,4.1,N/A,3.4,Participation matters (1)  Inspirational (1),8,12/10/2009,EN316,5.0,3.0,N/A,N/A,N/A,N/A,,0,0,Professor Hamilton is a friendly and fair professor. I had a great deal of interest in the subject before I took the class but that interest expanded as the class progressed. She makes sure everyone participates and understands the work fully. A great professor!
Amy  Hamilton,Northern Michigan University,English department, Marquette, MI,5,4.1,N/A,3.4,Participation matters (1)  Inspirational (1),8,05/29/2009,ENGL316,5.0,4.0,N/A,N/A,N/A,N/A,,0,0,"This class was wonderful! Professor Hamilton chose really interesting texts and was usually pretty interesting and helpful. You could really tell she cared about the subject and about the students. I\'m not an English major, but I feel like I really got a lot out of this class."
Amy  Hamilton,Northern Michigan University,English department, Marquette, MI,5,4.1,N/A,3.4,Participation matters (1)  Inspirational (1),8,01/27/2009,EN111,2.0,3.0,N/A,N/A,N/A,N/A,,1,0,"The class wasn\'t super hard, she just made it harder and more confusing than it had to be! The entire class was structured around issues in higher education and that was extremely boring as all papers had something to do with that subject. BORING!"
