professor_name,school_name,department_name,local_name,state_name,year_since_first_review,star_rating,take_again,diff_index,tag_professor,num_student,post_date,name_onlines,student_star,student_difficult,attence,for_credits,would_take_agains,grades,stu_tags,help_useful,help_not_useful,comments
Jacob  Hall,University of Iowa,History department, Iowa City, IA,4,4.6,N/A,1.4,,7,10/27/2013,DRUGHISTORY,5.0,3.0,Not Mandatory,N/A,N/A,B+,,0,0,"The most interesting class I\'ve ever have. The most interesting teacher I\'ve ever met. Gues, take it..."
Jacob  Hall,University of Iowa,History department, Iowa City, IA,4,4.6,N/A,1.4,,7,12/28/2011,HIST12,5.0,2.0,N/A,N/A,N/A,N/A,,0,0,"Super chill guy. Reading are really interesting and as long as you do them, you will get an A. Def the kind of guy you would want to kick it with."
Jacob  Hall,University of Iowa,History department, Iowa City, IA,4,4.6,N/A,1.4,,7,04/28/2011,HIST016,5.0,1.0,N/A,N/A,N/A,N/A,,0,0,Jacob Hall is a great teacher. He isn\'t difficult at all as long as you do the homework. I had him for 20th century issues: Poverty in the US and Latin America and the class was easy. He gives you essay test questions before exams so its not bad at all. Find him as a teacher and you\'ll be satisfied.
Jacob  Hall,University of Iowa,History department, Iowa City, IA,4,4.6,N/A,1.4,,7,08/20/2010,HIST101,4.5,1.0,N/A,N/A,N/A,N/A,,0,0,Good guy and interesting class
Jacob  Hall,University of Iowa,History department, Iowa City, IA,4,4.6,N/A,1.4,,7,11/26/2009,WCIII004,4.0,1.0,N/A,N/A,N/A,N/A,,0,0,really helps clarify lectures
Jacob  Hall,University of Iowa,History department, Iowa City, IA,4,4.6,N/A,1.4,,7,06/02/2009,HIS110,5.0,1.0,N/A,N/A,N/A,N/A,,0,0,He seems like the kind of guy you\'d want to have a beer with.
Jacob  Hall,University of Iowa,History department, Iowa City, IA,4,4.6,N/A,1.4,,7,05/04/2009,HIST016,4.0,1.0,N/A,N/A,N/A,N/A,,0,0,Good teacher not hard to get a A if you read the books
