professor_name,school_name,department_name,local_name,state_name,year_since_first_review,star_rating,take_again,diff_index,tag_professor,num_student,post_date,name_onlines,student_star,student_difficult,attence,for_credits,would_take_agains,grades,stu_tags,help_useful,help_not_useful,comments
Jeff  Etelamaki,New York City College of Technology,Architecture department, Brooklyn, NY,3,3.5,N/A,2.4,,5,02/25/2012,DESIG9610,3.0,1.0,N/A,N/A,N/A,N/A,,0,0,Great Professor!!! He used to suggest better ideas to help me improve my projects. Very nice man who is laid back and relaxed. He doesn\'t stress you. I enjoyed his class very much!!!!!! I kinda slacked a little bit on my first projects but he still gave me a good grade cause his cool!!
Jeff  Etelamaki,New York City College of Technology,Architecture department, Brooklyn, NY,3,3.5,N/A,2.4,,5,12/23/2010,ARCH1111,2.0,4.0,N/A,N/A,N/A,N/A,,0,0,Seems like he doesn\'t know what to do himself for any project he gives. The advises he gives for constructing your project are criticized by other professors. He always seems to be nervous and unprepared to explain a project.
Jeff  Etelamaki,New York City College of Technology,Architecture department, Brooklyn, NY,3,3.5,N/A,2.4,,5,11/13/2009,ARCH9409,4.0,3.0,N/A,N/A,N/A,N/A,,0,0,hes soo fun n easy going
Jeff  Etelamaki,New York City College of Technology,Architecture department, Brooklyn, NY,3,3.5,N/A,2.4,,5,04/28/2009,ARCH2300,4.5,1.0,N/A,N/A,N/A,N/A,,0,0,His Hot! Very nice guy. He cares. He helps. And very self comprehensive.
Jeff  Etelamaki,New York City College of Technology,Architecture department, Brooklyn, NY,3,3.5,N/A,2.4,,5,01/27/2009,ARCH1111,4.0,3.0,N/A,N/A,N/A,N/A,,0,0,No Comments
