professor_name,school_name,department_name,local_name,state_name,year_since_first_review,star_rating,take_again,diff_index,tag_professor,num_student,post_date,name_onlines,student_star,student_difficult,attence,for_credits,would_take_agains,grades,stu_tags,help_useful,help_not_useful,comments
Sean  Tierney,University of Denver,Geography department, Denver, CO,8,4.1,N/A,2.8,LECTURE HEAVY (1)  GROUP PROJECTS (1)  Tough Grader (1)  Gives good feedback (1)  Participation matters (1),10,06/01/2017,GEOG2700,2.0,3.0,Not Mandatory,Yes,No,N/A,LECTURE HEAVY  GROUP PROJECTS,0,0,"Overall, I didn\'t mind his class. It was on an interesting subject and sometimes I felt like I learned a lot. However, I really did not like the tests he gave us. There were multiple subjects we spent entire class periods on that never came up on test but then there would be multiple questions on tangent related topics that we barley talked about."
Sean  Tierney,University of Denver,Geography department, Denver, CO,8,4.1,N/A,2.8,LECTURE HEAVY (1)  GROUP PROJECTS (1)  Tough Grader (1)  Gives good feedback (1)  Participation matters (1),10,05/14/2017,GEOG2550,5.0,4.0,Mandatory,Yes,Yes,N/A,GIVES GOOD FEEDBACK  PARTICIPATION MATTERS  TOUGH GRADER,0,0,Tierney is a great professor that wants his students to succeed. He really cares for each individual student and challenges the class to engage and provide supporting arguments. Fun times with Tierney
Sean  Tierney,University of Denver,Geography department, Denver, CO,8,4.1,N/A,2.8,LECTURE HEAVY (1)  GROUP PROJECTS (1)  Tough Grader (1)  Gives good feedback (1)  Participation matters (1),10,03/13/2016,GEOG2700,4.0,2.0,Not Mandatory,Yes,N/A,N/A,,0,0,Great Professor! I recommend his Sustainability class. His test questions are easy to understand and he doesn\'t try to trick you. We did two presentations and some reading. His lectures are interesting and he has a lot of energy. He tried to make the class enjoyable for students.
Sean  Tierney,University of Denver,Geography department, Denver, CO,8,4.1,N/A,2.8,LECTURE HEAVY (1)  GROUP PROJECTS (1)  Tough Grader (1)  Gives good feedback (1)  Participation matters (1),10,10/28/2013,GEOG2700,4.5,3.0,N/A,N/A,N/A,N/A,,0,0,"This honestly was the best class I have had at the University level. Tierney pushes you to think critically about current issues, the class is difficult, but completely worth it as you actually learn"
Sean  Tierney,University of Denver,Geography department, Denver, CO,8,4.1,N/A,2.8,LECTURE HEAVY (1)  GROUP PROJECTS (1)  Tough Grader (1)  Gives good feedback (1)  Participation matters (1),10,11/23/2012,GEOG1410,4.0,3.0,N/A,N/A,N/A,N/A,,0,0,He is a good teacher who is very interested in the subjects he teaches. His enthusiasm rubs off on the class and makes it more exciting. It\'s a hard class because there aren\'t very many points possible so it\'s necessary to do pretty well on everything to do well in his class. His tests come straight from his lectures so take good notes.
Sean  Tierney,University of Denver,Geography department, Denver, CO,8,4.1,N/A,2.8,LECTURE HEAVY (1)  GROUP PROJECTS (1)  Tough Grader (1)  Gives good feedback (1)  Participation matters (1),10,05/28/2009,SOCS1410,3.0,2.0,N/A,N/A,N/A,N/A,,0,0,Very knowledgeable teacher. Also very egocentric. He lectures like he\'s speaking to kindergartners. Lectures are also politically driven. Class is less about geography than it is him spewing his personal agenda.
Sean  Tierney,University of Denver,Geography department, Denver, CO,8,4.1,N/A,2.8,LECTURE HEAVY (1)  GROUP PROJECTS (1)  Tough Grader (1)  Gives good feedback (1)  Participation matters (1),10,05/14/2009,SOCS1410,4.5,2.0,N/A,N/A,N/A,N/A,,0,0,"He is a great teacher and he is incredibly passionate about the subject i would highly recommend any class he teaches. However, i was a little disappointed this quarter because he stopped teaching halfway through and now we have an incredibly boring lady who just drones on for two hours. but that\'s why the invented laptops."
Sean  Tierney,University of Denver,Geography department, Denver, CO,8,4.1,N/A,2.8,LECTURE HEAVY (1)  GROUP PROJECTS (1)  Tough Grader (1)  Gives good feedback (1)  Participation matters (1),10,03/05/2009,SOCS1410,5.0,3.0,N/A,N/A,N/A,N/A,,0,0,"Sean is an exceleent teacher. He does teach very very fast but its also a fun challenge. The material is very thought provoking and Extremlely interesting. NOt your everyday geography course. Talks about environmental, governmental, social, and economical topics of each continent. TAKE HIM. NO HW. No Papers. OVERAL GREAT CLASS. Very intersting"
Sean  Tierney,University of Denver,Geography department, Denver, CO,8,4.1,N/A,2.8,LECTURE HEAVY (1)  GROUP PROJECTS (1)  Tough Grader (1)  Gives good feedback (1)  Participation matters (1),10,02/19/2009,SOCS1410,4.5,3.0,N/A,N/A,N/A,N/A,,0,0,"His foundations in geography class was great! If you\'re interested in current events, you\'ll enjoy this class. Also, we took a couple field trips during class that were very thought-provoking. This was a great foundations class since Sean encouraged discussion and put less emphasis on busy work."
Sean  Tierney,University of Denver,Geography department, Denver, CO,8,4.1,N/A,2.8,LECTURE HEAVY (1)  GROUP PROJECTS (1)  Tough Grader (1)  Gives good feedback (1)  Participation matters (1),10,01/27/2009,SOCS1410,4.5,3.0,N/A,N/A,N/A,N/A,,0,0,"I had him for intro to geography. He was very engaging, very interesting, and really made you think. Not the type of class you can just coast through, but if you show up every day and take notes you should be good to go."
