professor_name,school_name,department_name,local_name,state_name,year_since_first_review,star_rating,take_again,diff_index,tag_professor,num_student,post_date,name_onlines,student_star,student_difficult,attence,for_credits,would_take_agains,grades,stu_tags,help_useful,help_not_useful,comments
Zhijun  Ni,California State University Dominguez Hills,Mathematics department, Carson, CA,9,2.3,N/A,3.2,Skip class? You won\'t pass. (2)  LECTURE HEAVY (1)  Get ready to read (1)  GRADED BY FEW THINGS (1),5,03/26/2018,MAT193,3.0,4.0,Not Mandatory,Yes,No,Not,SKIP CLASS? YOU WON\'T PASS.  LECTURE HEAVY  GRADED BY FEW THINGS,0,0,"Hard to understand, have to do lots of outside class study, but really nice professor. Gives partial credit and lectures most of the class. If you put in the work, you will definitely pass. Not hard, just a lot if work, but over all nice class"
Zhijun  Ni,California State University Dominguez Hills,Mathematics department, Carson, CA,9,2.3,N/A,3.2,Skip class? You won\'t pass. (2)  LECTURE HEAVY (1)  Get ready to read (1)  GRADED BY FEW THINGS (1),5,02/02/2018,MAT193,1.0,5.0,Mandatory,Yes,No,N/A,SKIP CLASS? YOU WON\'T PASS.,0,0,"Doesnt teach, just solves a problem on the board without explaining. Does let you use notes on tests and quizzes. Do not take him"
Zhijun  Ni,California State University Dominguez Hills,Mathematics department, Carson, CA,9,2.3,N/A,3.2,Skip class? You won\'t pass. (2)  LECTURE HEAVY (1)  Get ready to read (1)  GRADED BY FEW THINGS (1),5,03/14/2017,MAT281,1.0,3.0,Mandatory,N/A,No,C,GET READY TO READ,0,0,very hard class. you have to teach yourself! my advice watch lots of youtube
Zhijun  Ni,California State University Dominguez Hills,Mathematics department, Carson, CA,9,2.3,N/A,3.2,Skip class? You won\'t pass. (2)  LECTURE HEAVY (1)  Get ready to read (1)  GRADED BY FEW THINGS (1),5,04/21/2009,MAT3,2.0,2.0,N/A,N/A,N/A,N/A,,0,0,"Ni definitely knows his math but he is hard to understand. Every once in a while he\'ll tell a random (but funny)story about his family or tell a joke completely unrelated to math. His class is not impossible at all but if you want help, go to tutoring."
Zhijun  Ni,California State University Dominguez Hills,Mathematics department, Carson, CA,9,2.3,N/A,3.2,Skip class? You won\'t pass. (2)  LECTURE HEAVY (1)  Get ready to read (1)  GRADED BY FEW THINGS (1),5,01/27/2009,MATH361,4.5,2.0,N/A,N/A,N/A,N/A,,0,0,No Comments
