professor_name,school_name,department_name,local_name,state_name,year_since_first_review,star_rating,take_again,diff_index,tag_professor,num_student,post_date,name_onlines,student_star,student_difficult,attence,for_credits,would_take_agains,grades,stu_tags,help_useful,help_not_useful,comments
Jill  Winner,New York University- School of Social Work,Social Work department, New York, NY,4,3.0,N/A,2.8,,11,05/10/2013,CPC2002,4.0,2.0,N/A,N/A,N/A,N/A,,0,0,I took this professor a few years ago for HB and then again for a Practice class. I liked her both times. The Practice class was more fun and there was more time for case discussion. I would recommend her.
Jill  Winner,New York University- School of Social Work,Social Work department, New York, NY,4,3.0,N/A,2.8,,11,05/10/2013,CPC200,4.5,2.0,N/A,N/A,N/A,N/A,,0,0,Not sure about the other comments but I really liked this professor. I didn\'t think she read her notes at all. I thought the class - Clinical Practice with Children was great. She allowed for some good discussion.
Jill  Winner,New York University- School of Social Work,Social Work department, New York, NY,4,3.0,N/A,2.8,,11,10/12/2011,HB0000,2.0,5.0,N/A,N/A,N/A,N/A,,0,0,"horrible. reads notes, which are a re-tread of assignments. dull. uninspiring. how is she teaching here. might be ok for undergrads but not for grad school."
Jill  Winner,New York University- School of Social Work,Social Work department, New York, NY,4,3.0,N/A,2.8,,11,04/26/2011,HBI006,2.5,3.0,N/A,N/A,N/A,N/A,,0,0,She reads from her notes and very poor presentation skills. Class was very boring. She grades fairly and helpful
Jill  Winner,New York University- School of Social Work,Social Work department, New York, NY,4,3.0,N/A,2.8,,11,01/26/2011,HB1,5.0,3.0,N/A,N/A,N/A,N/A,,0,0,I thought this teacher was very accommodating and willing to answer questions. She was very knowledgeable about the subject and I felt like I learned a lot in her class
Jill  Winner,New York University- School of Social Work,Social Work department, New York, NY,4,3.0,N/A,2.8,,11,01/04/2011,HB1,1.0,3.0,N/A,N/A,N/A,N/A,,0,0,Avoid at all costs!
Jill  Winner,New York University- School of Social Work,Social Work department, New York, NY,4,3.0,N/A,2.8,,11,01/04/2011,HB1,1.0,3.0,N/A,N/A,N/A,N/A,,0,0,"Pathetic to have paid so much money for NYU and end up with such a lame professor. As stated, all she does is read of a list of notes. I am totally unprepared for HB2, whatever you do, do not take this professor. I wish someone had let me know how awful this would be. She may be okay for an undergrad class, but not here!!!"
Jill  Winner,New York University- School of Social Work,Social Work department, New York, NY,4,3.0,N/A,2.8,,11,11/04/2010,HB1,4.5,3.0,N/A,N/A,N/A,N/A,,0,0,Liked her. She was very nice and supportive. Thought she was interesting and smart and liked her class. Would recommend!
Jill  Winner,New York University- School of Social Work,Social Work department, New York, NY,4,3.0,N/A,2.8,,11,07/14/2010,CLINIS99,4.0,2.0,N/A,N/A,N/A,N/A,,0,0,"she\'s very nice and is open to answering questions, and helpful. she\'s very into letting the class give their input which sometimes is annoying because you don\'t really get to hear about her view and experience. but, in sum - good class."
Jill  Winner,New York University- School of Social Work,Social Work department, New York, NY,4,3.0,N/A,2.8,,11,11/13/2009,HB1,1.0,4.0,N/A,N/A,N/A,N/A,,0,0,"This teacher is awful, i wish someone had warned me against her. She reads her notes instead of teaching, she doesn\'t add anything to the readings, her midterm and final are completely unclear and your grade suffers because of it. She also doesn\'t seem to know anything more than the average masters student, I have no idea how she got this job."
Jill  Winner,New York University- School of Social Work,Social Work department, New York, NY,4,3.0,N/A,2.8,,11,01/27/2009,HBI,3.5,1.0,N/A,N/A,N/A,N/A,,0,0,"She is very nice, but does not stray from her notes that come straight from the reading/textbook. Very dry presentation. You can get the same info from just reading."
