professor_name,school_name,department_name,local_name,state_name,year_since_first_review,star_rating,take_again,diff_index,tag_professor,num_student,post_date,name_onlines,student_star,student_difficult,attence,for_credits,would_take_agains,grades,stu_tags,help_useful,help_not_useful,comments
T.J.  Atwood,Florida State University,Accounting department, Tallahassee, FL,3,2.0,N/A,4.9,,9,05/16/2012,TAX5065,1.0,5.0,N/A,N/A,N/A,N/A,,0,1,"I can not believe this professor has a job. She is easily the worst teacher I have had at any level. My exit evaluation of Florida State\'s MAcc program will reflect my opinion of her, since she teaches 3 of my core classes. Seriously consider Audit, Corporate or AIS track to avoid this professor. THE WORST."
T.J.  Atwood,Florida State University,Accounting department, Tallahassee, FL,3,2.0,N/A,4.9,,9,01/07/2011,TAX4011,1.0,5.0,N/A,N/A,N/A,N/A,,0,1,Ridiculous professor?terrible teaching skills?can?t clearly explain things?gives difficult exam to get some attention that she probably was not getting when she was younger?Avoid her!
T.J.  Atwood,Florida State University,Accounting department, Tallahassee, FL,3,2.0,N/A,4.9,,9,08/22/2010,TAX4001,1.5,5.0,N/A,N/A,N/A,N/A,,0,1,"You better be willing to dedicate all of your study time only towards studying tax if you want to get an A or B. Her exams are the hardest/longest & most students cannot finish. Unless you go to class everyday & write down every word/example she says & gives you, you will not get an A. She\'s Impossible!!"
T.J.  Atwood,Florida State University,Accounting department, Tallahassee, FL,3,2.0,N/A,4.9,,9,06/28/2010,TAX4001,1.0,5.0,N/A,N/A,N/A,N/A,,0,1,Worst professor ever!! Graduated summa ****laude and found it impossible to get an A in her class. Avergage for the final was a 58..nobody finished and provided little to no curve. AVOID THIS MONSTER!!!
T.J.  Atwood,Florida State University,Accounting department, Tallahassee, FL,3,2.0,N/A,4.9,,9,04/13/2010,TAX4001,1.0,5.0,N/A,N/A,N/A,N/A,,0,1,"Worst teacher ever. Do not take her class, if you do you can expect an F no matter how hard you study."
T.J.  Atwood,Florida State University,Accounting department, Tallahassee, FL,3,2.0,N/A,4.9,,9,07/16/2009,TAX4001,4.0,4.0,N/A,N/A,N/A,N/A,,1,0,"Tax is a tough subject therefore this is a difficult class. It is not hopeless, however, and by reading the text closely and doing practice problems from the book it IS possible to get an A. Dr. A was very responsive to emails but turnaround on graded assignments was a little slow."
T.J.  Atwood,Florida State University,Accounting department, Tallahassee, FL,3,2.0,N/A,4.9,,9,04/01/2009,TAX4001,3.0,5.0,N/A,N/A,N/A,N/A,,1,0,"Must study many hours/days for exams. You must work very quickly on exams (many students ran out of time to finish the exam). Multiple choice questions are fair, but the workable test problems are intense. The average on the 1st exam was a 67%; the 2nd test 71%; She does curve though. Very nice person, but this class is a bit overwhelming."
T.J.  Atwood,Florida State University,Accounting department, Tallahassee, FL,3,2.0,N/A,4.9,,9,02/16/2009,TAX4001,1.0,5.0,N/A,N/A,N/A,N/A,,0,1,"Average Score for Test 1: 67.3% Case Brief 1 Average: 73% She has 5 very broad chapters with 1/2 of the material she assigns not even on the test. She couldn\'t even give a straight answer to how many questions are on the test, if we need to know dates for the test, and the best way to study for the test. In a nutshell, ATWOOD SUCKS!!!!!"
T.J.  Atwood,Florida State University,Accounting department, Tallahassee, FL,3,2.0,N/A,4.9,,9,01/28/2009,TAX4001,4.5,5.0,N/A,N/A,N/A,N/A,,0,0,"I agree, she is smokin\' but her classes are very dull and she tends to beat around the bush."
