professor_name,school_name,department_name,local_name,state_name,year_since_first_review,star_rating,take_again,diff_index,tag_professor,num_student,post_date,name_onlines,student_star,student_difficult,attence,for_credits,would_take_agains,grades,stu_tags,help_useful,help_not_useful,comments
Jung  Kim,Utica College,Computer Science department, Utica, NY,9,2.0,N/A,4.2,TEST HEAVY (1)  Tough Grader (1)  BEWARE OF POP QUIZZES (1),4,03/20/2018,CSC201,1.0,4.0,Mandatory,Yes,No,F,TEST HEAVY  BEWARE OF POP QUIZZES  TOUGH GRADER,1,1,He was is tough grader and generous. Overall even though he is generous. He is very bad at explaining to students. He doesnt like you if you ask too many questions. He gets upset if you do. He is nice person but not enough for a student to pass his class. He only gives midterm and final exam. If you fail in one of them. You failed the whole class.
Jung  Kim,Utica College,Computer Science department, Utica, NY,9,2.0,N/A,4.2,TEST HEAVY (1)  Tough Grader (1)  BEWARE OF POP QUIZZES (1),4,04/28/2013,CSC101Z1,1.0,5.0,N/A,Yes,N/A,N/A,,0,0,"Professor started off concerned but you ask for general help he basically acts like you should have already known the answer to your question and if you do not know the answer to your question then it is your own fault. Stuff that comes simple to him, he assumes should come simple to you."
Jung  Kim,Utica College,Computer Science department, Utica, NY,9,2.0,N/A,4.2,TEST HEAVY (1)  Tough Grader (1)  BEWARE OF POP QUIZZES (1),4,05/13/2011,CSC201,4.5,4.0,N/A,N/A,N/A,N/A,,1,0,"Very good professor, can easily joke with students. The material he teach is hard but he made it easier to understand. Willing to help anyone."
Jung  Kim,Utica College,Computer Science department, Utica, NY,9,2.0,N/A,4.2,TEST HEAVY (1)  Tough Grader (1)  BEWARE OF POP QUIZZES (1),4,01/27/2009,CSC117,1.5,4.0,N/A,N/A,N/A,N/A,,0,0,not good at all. Not understandable.
