professor_name,school_name,department_name,local_name,state_name,year_since_first_review,star_rating,take_again,diff_index,tag_professor,num_student,post_date,name_onlines,student_star,student_difficult,attence,for_credits,would_take_agains,grades,stu_tags,help_useful,help_not_useful,comments
Simon  Tang,University of the Pacific,Engineering department, Stockton, CA,0,4.9,N/A,3.8,,6,05/15/2009,BENG124,5.0,4.0,N/A,N/A,N/A,N/A,,1,0,This guys is great. I don\'t know why UOP hasn\'t gotten on all fours to get this guy here. Maybe because he\'ll make the current professors look bad. Anyway. He\'s very good.
Simon  Tang,University of the Pacific,Engineering department, Stockton, CA,0,4.9,N/A,3.8,,6,05/03/2009,BENG124,5.0,4.0,N/A,N/A,N/A,N/A,,1,0,Knowledgeable and good examples in class.
Simon  Tang,University of the Pacific,Engineering department, Stockton, CA,0,4.9,N/A,3.8,,6,04/30/2009,BENG124,5.0,4.0,N/A,N/A,N/A,N/A,,1,0,"Although it is not a pre-requisite, you really need to have mechanics of materials to get everything in the course. Professor does a good job covering the basic materials but of course it is impossible to include an entire other class within biomechanics. Outside of class he\'s very nice and understanding of situations that come up."
Simon  Tang,University of the Pacific,Engineering department, Stockton, CA,0,4.9,N/A,3.8,,6,04/30/2009,BENG124,4.5,3.0,N/A,N/A,N/A,N/A,,1,0,"Nice guy, knows a lot of biomechanics stuff and has good career advice."
Simon  Tang,University of the Pacific,Engineering department, Stockton, CA,0,4.9,N/A,3.8,,6,04/30/2009,BENG124,5.0,4.0,N/A,N/A,N/A,N/A,,1,0,No Comments
Simon  Tang,University of the Pacific,Engineering department, Stockton, CA,0,4.9,N/A,3.8,,6,01/26/2009,BENG124,5.0,4.0,N/A,N/A,N/A,N/A,,1,0,Pretty good with lectures with relevant examples. Seems to have good experience in the biomechanics field. Very interactive teaching style (likes to have people work problems during class). Work load is not too bad: homework every 2 weeks or so but projects can be lengthy.
