professor_name,school_name,department_name,local_name,state_name,year_since_first_review,star_rating,take_again,diff_index,tag_professor,num_student,post_date,name_onlines,student_star,student_difficult,attence,for_credits,would_take_agains,grades,stu_tags,help_useful,help_not_useful,comments
Anthony  Rivera,Hostos Community College,Psychology department, Bronx, NY,1,3.6,N/A,2.3,,4,06/16/2010,PSCH101,4.5,1.0,N/A,N/A,N/A,N/A,,0,0,HE IS A GOOD TEACHER INFORMATIVE AND WELL SPOKEN PAY ATTENTION AND YOU WILL GET THE GRADE U DESERVE
Anthony  Rivera,Hostos Community College,Psychology department, Bronx, NY,1,3.6,N/A,2.3,,4,08/20/2009,PSY1032,4.0,2.0,N/A,N/A,N/A,N/A,,0,0,No Comments
Anthony  Rivera,Hostos Community College,Psychology department, Bronx, NY,1,3.6,N/A,2.3,,4,08/20/2009,PSY1032,4.0,2.0,N/A,N/A,N/A,N/A,,0,0,he is a good proffessor just have to read the textbook and be prepare for the the exam with the review that he gives you.
Anthony  Rivera,Hostos Community College,Psychology department, Bronx, NY,1,3.6,N/A,2.3,,4,01/27/2009,PSYCH1037,2.0,4.0,N/A,N/A,N/A,N/A,,0,0,"Prof. Anthony Rivera is a bad grader. No matter how much effort you put in the class, you\'ll still get an unpleasant grade at the end of the term. His teaching style is not so good. You\'ll learn more by reading the textbook alone."
