professor_name,school_name,department_name,local_name,state_name,year_since_first_review,star_rating,take_again,diff_index,tag_professor,num_student,post_date,name_onlines,student_star,student_difficult,attence,for_credits,would_take_agains,grades,stu_tags,help_useful,help_not_useful,comments
Alex  Gladis,Butler County Community College,Anthropology department, Butler, PA,8,5.0,N/A,1.7,Caring (2)  Respected (2)  Gives good feedback (1)  EXTRA CREDIT (1)  Inspirational (1)  Amazing lectures (1),7,09/28/2017,ANTH100,5.0,1.0,Not Mandatory,Yes,Yes,A,EXTRA CREDIT  CARING  AMAZING LECTURES,0,0,Best professor I\'ve had. He knows how to teach the information and wants you to learn and do well in the class.
Alex  Gladis,Butler County Community College,Anthropology department, Butler, PA,8,5.0,N/A,1.7,Caring (2)  Respected (2)  Gives good feedback (1)  EXTRA CREDIT (1)  Inspirational (1)  Amazing lectures (1),7,11/14/2016,ANTH100,5.0,3.0,N/A,Yes,Yes,A+,RESPECTED  CARING  INSPIRATIONAL,0,0,"The best professor ive ever had and one of the greatest people I have ever met. Will remember your name after the first class (if he already dosent know it) works well with everyone and you learn a lot in his class. A great person and a great teacher, I highly recommend you take his class and just get to know him, a very intelligent human being."
Alex  Gladis,Butler County Community College,Anthropology department, Butler, PA,8,5.0,N/A,1.7,Caring (2)  Respected (2)  Gives good feedback (1)  EXTRA CREDIT (1)  Inspirational (1)  Amazing lectures (1),7,01/19/2016,ANTH100,5.0,1.0,Mandatory,Yes,Yes,A,GIVES GOOD FEEDBACK  RESPECTED,1,0,"This is Alex Gladis. The best dude ever. Take his class, schedule classes with him, buy him a cup of coffee. Just get to know him. It\'s the best connection you will make at BC3."
Alex  Gladis,Butler County Community College,Anthropology department, Butler, PA,8,5.0,N/A,1.7,Caring (2)  Respected (2)  Gives good feedback (1)  EXTRA CREDIT (1)  Inspirational (1)  Amazing lectures (1),7,05/06/2014,ANTHRO101,5.0,3.0,Mandatory,N/A,N/A,A,,0,0,"He is qualified, informative, approachable,personable; presenting in a manner that urges students to seek more, as evidenced by re-enrollment of former students in his classes. Subject is covered thoroughly and enhanced by slides and video presentation. Strong participation in non-class room activities offered enhances hands-on learning."
Alex  Gladis,Butler County Community College,Anthropology department, Butler, PA,8,5.0,N/A,1.7,Caring (2)  Respected (2)  Gives good feedback (1)  EXTRA CREDIT (1)  Inspirational (1)  Amazing lectures (1),7,05/08/2012,ANTH100,5.0,1.0,N/A,N/A,N/A,N/A,,0,0,"One of the best professors I have ever taken. Knows his students\' names and cares that they learn. Tests can be a bit long, but they aren\'t especially difficult. A great class if you want to get a feel for what college is like. Everyone should take Alex!"
Alex  Gladis,Butler County Community College,Anthropology department, Butler, PA,8,5.0,N/A,1.7,Caring (2)  Respected (2)  Gives good feedback (1)  EXTRA CREDIT (1)  Inspirational (1)  Amazing lectures (1),7,11/08/2011,ANT101,5.0,1.0,N/A,N/A,N/A,N/A,,0,0,he is the best teacher ever if you fail his class your doomed for any class in the world. YOU ROCK ALEX!!!
Alex  Gladis,Butler County Community College,Anthropology department, Butler, PA,8,5.0,N/A,1.7,Caring (2)  Respected (2)  Gives good feedback (1)  EXTRA CREDIT (1)  Inspirational (1)  Amazing lectures (1),7,01/27/2009,ANTH100,5.0,2.0,N/A,N/A,N/A,N/A,,0,0,great professor and very helpful.
