professor_name,school_name,department_name,local_name,state_name,year_since_first_review,star_rating,take_again,diff_index,tag_professor,num_student,post_date,name_onlines,student_star,student_difficult,attence,for_credits,would_take_agains,grades,stu_tags,help_useful,help_not_useful,comments
David  Hopkins,St. Petersburg College (all campuses),Humanities department, St. Petersburg, FL,7,4.2,N/A,3.0,Gives good feedback (5)  LOTS OF HOMEWORK (4)  Clear grading criteria (3)  Get ready to read (3)  SO MANY PAPERS (2)  Participation matters (1)  Tough Grader (1)  Caring (1),33,05/06/2018,HUM1020,5.0,1.0,Not Mandatory,Yes,Yes,A+,GIVES GOOD FEEDBACK  CLEAR GRADING CRITERIA,0,0,"Easiest A I\'ve ever gotten, I took him online and he left insightful feedback to all the assignments and essays. Overall, there are only ten modules with one big essay (very easy). If you read the textbook, follow all the instructions to the last detail you will get an A. I wouldn\'t take anyone else"
David  Hopkins,St. Petersburg College (all campuses),Humanities department, St. Petersburg, FL,7,4.2,N/A,3.0,Gives good feedback (5)  LOTS OF HOMEWORK (4)  Clear grading criteria (3)  Get ready to read (3)  SO MANY PAPERS (2)  Participation matters (1)  Tough Grader (1)  Caring (1),33,12/15/2017,HUM2207,5.0,2.0,N/A,Yes,Yes,A+,LOTS OF HOMEWORK  CLEAR GRADING CRITERIA,0,0,"If you\'re taking this class online you can honestly probably get away with the book. The discussions were heavy and had many parts to them because he designed them to where it\'s an essay, and discussion combined. Well organized course."
David  Hopkins,St. Petersburg College (all campuses),Humanities department, St. Petersburg, FL,7,4.2,N/A,3.0,Gives good feedback (5)  LOTS OF HOMEWORK (4)  Clear grading criteria (3)  Get ready to read (3)  SO MANY PAPERS (2)  Participation matters (1)  Tough Grader (1)  Caring (1),33,11/22/2017,HUM1020,3.0,3.0,N/A,Yes,Yes,A+,SO MANY PAPERS  PARTICIPATION MATTERS  GIVES GOOD FEEDBACK,0,0,Dr. Hopkins is a great professor I took him online. Every Sunday there\'s an essay and a quiz due. It seems like a lot but he\'s not a tough grader so just give it your all and you\'ll pass the class!
David  Hopkins,St. Petersburg College (all campuses),Humanities department, St. Petersburg, FL,7,4.2,N/A,3.0,Gives good feedback (5)  LOTS OF HOMEWORK (4)  Clear grading criteria (3)  Get ready to read (3)  SO MANY PAPERS (2)  Participation matters (1)  Tough Grader (1)  Caring (1),33,05/03/2017,HUM2210,5.0,2.0,N/A,Yes,Yes,N/A,SO MANY PAPERS  LOTS OF HOMEWORK  GIVES GOOD FEEDBACK,0,0,TAKE HIM! TAKE HIM! TAKE HIM! Great professor. Papers are due every Sunday as well as quizzes. Do the reading and the papers and you\'ll get a A guaranteed.
David  Hopkins,St. Petersburg College (all campuses),Humanities department, St. Petersburg, FL,7,4.2,N/A,3.0,Gives good feedback (5)  LOTS OF HOMEWORK (4)  Clear grading criteria (3)  Get ready to read (3)  SO MANY PAPERS (2)  Participation matters (1)  Tough Grader (1)  Caring (1),33,04/19/2016,HUM2210,5.0,1.0,Mandatory,Yes,N/A,A,CARING  CLEAR GRADING CRITERIA,0,0,"Great prof, very helpful feedback on papers/assignments. Prompt responses. Would absolutely take him again. Online, 16wk course. Made an A."
David  Hopkins,St. Petersburg College (all campuses),Humanities department, St. Petersburg, FL,7,4.2,N/A,3.0,Gives good feedback (5)  LOTS OF HOMEWORK (4)  Clear grading criteria (3)  Get ready to read (3)  SO MANY PAPERS (2)  Participation matters (1)  Tough Grader (1)  Caring (1),33,12/28/2015,HUM2210,3.5,4.0,Mandatory,Yes,N/A,A,GET READY TO READ  LOTS OF HOMEWORK  TOUGH GRADER,1,0,"Humanities was a class I really took interest in; whoever, once the class started there was so much work involved it was hard to retain everything I read. There is a lot of reading, 6 tests within the week, every other week a research paper or discussion. 3 major exams, and one extra credit assignment. A true challenge for full time students"
David  Hopkins,St. Petersburg College (all campuses),Humanities department, St. Petersburg, FL,7,4.2,N/A,3.0,Gives good feedback (5)  LOTS OF HOMEWORK (4)  Clear grading criteria (3)  Get ready to read (3)  SO MANY PAPERS (2)  Participation matters (1)  Tough Grader (1)  Caring (1),33,11/20/2015,HUM2210,3.5,4.0,Mandatory,Yes,N/A,C-,GET READY TO READ  LOTS OF HOMEWORK  GIVES GOOD FEEDBACK,0,2,The class was alright. There is a lot of work for an online class. There is 250 word essay posts each week and a quiz and regular class work. You have to read the text book to get the quiz answers because the online work really doesn\'t cover it. If you really don\'t want to do work I would not recommend this class. Teacher is cool by the way.
David  Hopkins,St. Petersburg College (all campuses),Humanities department, St. Petersburg, FL,7,4.2,N/A,3.0,Gives good feedback (5)  LOTS OF HOMEWORK (4)  Clear grading criteria (3)  Get ready to read (3)  SO MANY PAPERS (2)  Participation matters (1)  Tough Grader (1)  Caring (1),33,11/07/2015,HUM2210,4.0,3.0,N/A,Yes,N/A,A,,0,1,"Mr. Hopkins class was pretty straight forward. You have a 10 question quiz every week and either a discussion post or 250 word \'essay\' as well. Easy A if you just follow directions, work load isn\'t took much at all. I was able to get through the whole semester without a textbook. Always responded and always got and A."
David  Hopkins,St. Petersburg College (all campuses),Humanities department, St. Petersburg, FL,7,4.2,N/A,3.0,Gives good feedback (5)  LOTS OF HOMEWORK (4)  Clear grading criteria (3)  Get ready to read (3)  SO MANY PAPERS (2)  Participation matters (1)  Tough Grader (1)  Caring (1),33,04/09/2015,HUM2270,5.0,2.0,Not Mandatory,Yes,Yes,Not,GET READY TO READ  GIVES GOOD FEEDBACK,0,0,"Professor Hopkins is amazing! I took his HUM2270 class online and I have to admit although you can get an A in this class, it will take a lot of research and reading. It is well worth it though, I learned so much. Do not recommend taking his class in the summer. One discussion, 1 journal, 1 quiz per week, Midterm and final test. Responds quickly."
David  Hopkins,St. Petersburg College (all campuses),Humanities department, St. Petersburg, FL,7,4.2,N/A,3.0,Gives good feedback (5)  LOTS OF HOMEWORK (4)  Clear grading criteria (3)  Get ready to read (3)  SO MANY PAPERS (2)  Participation matters (1)  Tough Grader (1)  Caring (1),33,04/30/2014,HUM2270,3.0,3.0,Not Mandatory,Yes,N/A,B+,,1,0,"Weekly quizzes, four journals (5 paragraphs each) and four discussion post (200 words each)throughout the class. A cultural experience project (waste of time). A midterm and final exam. The class wasn\'t that hard, but the work was wayy to much. Quizzes are simple as long as you read."
David  Hopkins,St. Petersburg College (all campuses),Humanities department, St. Petersburg, FL,7,4.2,N/A,3.0,Gives good feedback (5)  LOTS OF HOMEWORK (4)  Clear grading criteria (3)  Get ready to read (3)  SO MANY PAPERS (2)  Participation matters (1)  Tough Grader (1)  Caring (1),33,12/11/2013,HUM2210,5.0,3.0,N/A,Yes,N/A,A-,,0,1,"quizzes on the chapter every week, journal entries (500 word essays) or discussion post every week. three unit exams instead of a midterm and final. offered extra credit essay, but it didn\'t seem worth the effort for 50 extra point. as long as you read the chapters and put effort into your writings, you\'ll get an A. not easy, but not hard"
David  Hopkins,St. Petersburg College (all campuses),Humanities department, St. Petersburg, FL,7,4.2,N/A,3.0,Gives good feedback (5)  LOTS OF HOMEWORK (4)  Clear grading criteria (3)  Get ready to read (3)  SO MANY PAPERS (2)  Participation matters (1)  Tough Grader (1)  Caring (1),33,12/02/2013,HUM2210,4.5,3.0,Mandatory,Yes,N/A,A,,0,0,"He is awesome. It is not an easy class but it definitely is doable. It is extremely organized and his instructions are thorough. I am never confused about what is going on in his assignments and when you email him, he emails you right back. I am incredibly happy that I had him."
David  Hopkins,St. Petersburg College (all campuses),Humanities department, St. Petersburg, FL,7,4.2,N/A,3.0,Gives good feedback (5)  LOTS OF HOMEWORK (4)  Clear grading criteria (3)  Get ready to read (3)  SO MANY PAPERS (2)  Participation matters (1)  Tough Grader (1)  Caring (1),33,10/14/2013,HUM2210,3.0,5.0,N/A,Yes,N/A,N/A,,0,0,Do not recommend this teacher at all. I am usually an A/B student but his online class is atrocious. Assignments are due on Sunday night which threw me off & his quizzes are insanely hard. Even if you read the section (sometimes 50 pages) & take notes they\'re still hard. He words them just so that any answer could be right. Don\'t waste your time.
David  Hopkins,St. Petersburg College (all campuses),Humanities department, St. Petersburg, FL,7,4.2,N/A,3.0,Gives good feedback (5)  LOTS OF HOMEWORK (4)  Clear grading criteria (3)  Get ready to read (3)  SO MANY PAPERS (2)  Participation matters (1)  Tough Grader (1)  Caring (1),33,05/02/2013,HUM2210,5.0,1.0,N/A,Yes,N/A,N/A,,0,0,"Prof. Hopkins is my favorite so far! He explained in multiple ways exactly how to get an A in his class. He used posts, email, his syllabus and even video! He made the class fun and engaging, but not too difficult. He assigns a discussion post weekly and an essay bi-weekly. Mid-term & final use chapter-order."
David  Hopkins,St. Petersburg College (all campuses),Humanities department, St. Petersburg, FL,7,4.2,N/A,3.0,Gives good feedback (5)  LOTS OF HOMEWORK (4)  Clear grading criteria (3)  Get ready to read (3)  SO MANY PAPERS (2)  Participation matters (1)  Tough Grader (1)  Caring (1),33,12/14/2012,HUM2207,5.0,2.0,N/A,N/A,N/A,N/A,,0,0,"My second favorite porofessor! He really cares and he would anwser my e-mails in a day! He also bumped my grade up to the next grade because I couldn\'t do some of the assignments! Very nice and helpful! You will read a lot. The class isn\'t and easy ""A,"" but if you do the work you will get a good grade!"
David  Hopkins,St. Petersburg College (all campuses),Humanities department, St. Petersburg, FL,7,4.2,N/A,3.0,Gives good feedback (5)  LOTS OF HOMEWORK (4)  Clear grading criteria (3)  Get ready to read (3)  SO MANY PAPERS (2)  Participation matters (1)  Tough Grader (1)  Caring (1),33,11/26/2012,HUM2270,2.5,4.0,N/A,N/A,N/A,N/A,,1,0,"DO NOT TAKE THIS INSTRUCTOR UNLESS YOU ARE A ENGLISH MAJOR! Loved the first Humanitys class i took so thought i would tale 2270, HATED THIS CLASS! Im not sure if he realizes he is NOT teaching an english class. Hated this class, do not recomend him at all. Got an A in my first humanitys, struggled to get a B- in this class. Dont take him!"
David  Hopkins,St. Petersburg College (all campuses),Humanities department, St. Petersburg, FL,7,4.2,N/A,3.0,Gives good feedback (5)  LOTS OF HOMEWORK (4)  Clear grading criteria (3)  Get ready to read (3)  SO MANY PAPERS (2)  Participation matters (1)  Tough Grader (1)  Caring (1),33,05/01/2012,HUM2270,4.5,3.0,N/A,N/A,N/A,N/A,,0,0,"Read syllabus, watch videos, and read his documents of what he requires of you. He will tell you how to get a good grade. It\'s not hard! I didn\'t read one chapter, just reviewed the titles of the paragraphs and used the index to answer test questions. Tests are 10 questions with 20 min time limit. Exams are a bit tricky."
David  Hopkins,St. Petersburg College (all campuses),Humanities department, St. Petersburg, FL,7,4.2,N/A,3.0,Gives good feedback (5)  LOTS OF HOMEWORK (4)  Clear grading criteria (3)  Get ready to read (3)  SO MANY PAPERS (2)  Participation matters (1)  Tough Grader (1)  Caring (1),33,12/15/2011,HUM2210,5.0,2.0,N/A,N/A,N/A,N/A,,0,0,"Great teacher and super easy. I will agree with previous posts that sometimes there are questions on the quizzes and tests that were not spelled out in the text, however I believe this is to test whether or not you understood the material. As long as you do the reading and follow the rubrics, you will do fine. Museum report was super easy, too."
David  Hopkins,St. Petersburg College (all campuses),Humanities department, St. Petersburg, FL,7,4.2,N/A,3.0,Gives good feedback (5)  LOTS OF HOMEWORK (4)  Clear grading criteria (3)  Get ready to read (3)  SO MANY PAPERS (2)  Participation matters (1)  Tough Grader (1)  Caring (1),33,12/12/2011,HUM2210,4.0,3.0,N/A,N/A,N/A,N/A,,0,0,"Although there is alot of work (others already noted posts, journal, museuem etc) involved in this class(took online) he is fair on grading and gave examples of what is acceptable etc. the only thing the quiz questions did not coincide with the online practices from the book. if you do the work you will pass!"
David  Hopkins,St. Petersburg College (all campuses),Humanities department, St. Petersburg, FL,7,4.2,N/A,3.0,Gives good feedback (5)  LOTS OF HOMEWORK (4)  Clear grading criteria (3)  Get ready to read (3)  SO MANY PAPERS (2)  Participation matters (1)  Tough Grader (1)  Caring (1),33,12/08/2011,HUM2210,1.0,5.0,N/A,N/A,N/A,N/A,,0,0,Hopkins was a nightmare. Never replies to emails. Workload is atrocious> I took him twice got a D first time (So did my wife) We are A students. The second time I had to drop my mother died from Cancer during his midterm He was the only one who would not give me an exception. Do yourself a favor and get A good instructor.
