professor_name,school_name,department_name,local_name,state_name,year_since_first_review,star_rating,take_again,diff_index,tag_professor,num_student,post_date,name_onlines,student_star,student_difficult,attence,for_credits,would_take_agains,grades,stu_tags,help_useful,help_not_useful,comments
Andy  Cohen,University of Arizona,Geology department, Tucson, AZ,8,4.5,N/A,3.8,SO MANY PAPERS (1)  Gives good feedback (1)  EXTRA CREDIT (1)  Respected (1)  Inspirational (1)  Clear grading criteria (1),10,12/13/2017,GEOS302,4.0,4.0,Not Mandatory,Yes,Yes,N/A,EXTRA CREDIT  CLEAR GRADING CRITERIA  GIVES GOOD FEEDBACK,0,0,He is a nice guy. He has great knowledge. Write ups are initially hard but always take his comments seriously. You will improve a lot. Not many homework and always come to class. He will notice your presence. Chill guy. Ask questions and you will be good. Tests are hard if you don\'t read through notes. Textbooks are not used at all. GOOD CLASS!
Andy  Cohen,University of Arizona,Geology department, Tucson, AZ,8,4.5,N/A,3.8,SO MANY PAPERS (1)  Gives good feedback (1)  EXTRA CREDIT (1)  Respected (1)  Inspirational (1)  Clear grading criteria (1),10,04/30/2015,SEDSTRAT,5.0,3.0,N/A,Yes,N/A,N/A,RESPECTED  SO MANY PAPERS  INSPIRATIONAL,0,0,My favorite class!
Andy  Cohen,University of Arizona,Geology department, Tucson, AZ,8,4.5,N/A,3.8,SO MANY PAPERS (1)  Gives good feedback (1)  EXTRA CREDIT (1)  Respected (1)  Inspirational (1)  Clear grading criteria (1),10,12/18/2013,GEOS302,3.5,4.0,Mandatory,N/A,N/A,B-,,1,0,"Lectures can be dry but attendance is VERY helpful.Tests aren\'t too hard but can be tricky.Consist of True/False, multiple choice, short answer and 1 essay Q. Provides an awesome study guide.Lab is easy.Field trips are fun but write-up reports can be hard.Few assignments for the year,but be mindful its a 100 pt class, gives 2 possible E.C. pts."
Andy  Cohen,University of Arizona,Geology department, Tucson, AZ,8,4.5,N/A,3.8,SO MANY PAPERS (1)  Gives good feedback (1)  EXTRA CREDIT (1)  Respected (1)  Inspirational (1)  Clear grading criteria (1),10,12/13/2012,GEOS302,4.5,4.0,N/A,N/A,N/A,N/A,,0,0,"He is a good professor. His tests are based off of his power points but you will not understand them if you dont go to class. His tests are okay, but it is a writing emphasis course so there is essay questions. The lab reports are hard but start early and ask him questions and your golden. Although DO NOT take this as your first Geo class! I\'d wait"
Andy  Cohen,University of Arizona,Geology department, Tucson, AZ,8,4.5,N/A,3.8,SO MANY PAPERS (1)  Gives good feedback (1)  EXTRA CREDIT (1)  Respected (1)  Inspirational (1)  Clear grading criteria (1),10,11/29/2012,GEOS302,5.0,5.0,N/A,N/A,N/A,N/A,,0,0,"This is an amazing class, and Andy is an amazing professor! You will learn more in this class that you have in your entire geologic academic career, and leave feeling amazing about your level of knowledge!"
Andy  Cohen,University of Arizona,Geology department, Tucson, AZ,8,4.5,N/A,3.8,SO MANY PAPERS (1)  Gives good feedback (1)  EXTRA CREDIT (1)  Respected (1)  Inspirational (1)  Clear grading criteria (1),10,05/05/2012,GEOS412,4.5,5.0,N/A,N/A,N/A,N/A,,0,0,"Hard class! Definitely need to be in every class. Very interesting, but his tests are really difficult. But if you go into his office hours, it really helps and it shows him that you\'re interested in the class."
Andy  Cohen,University of Arizona,Geology department, Tucson, AZ,8,4.5,N/A,3.8,SO MANY PAPERS (1)  Gives good feedback (1)  EXTRA CREDIT (1)  Respected (1)  Inspirational (1)  Clear grading criteria (1),10,02/16/2012,GEOS302,4.5,3.0,N/A,N/A,N/A,N/A,,0,0,"Great professor, knows his stuff and loves what he does. It\'s a challenging class. Perhaps taking other geology courses prior to this would help grade wise, but it\'s a class that is very difficult to make an A in, a B is more probable. Make use of office hours for what you don\'t understand, there\'s a lot to learn in this course."
Andy  Cohen,University of Arizona,Geology department, Tucson, AZ,8,4.5,N/A,3.8,SO MANY PAPERS (1)  Gives good feedback (1)  EXTRA CREDIT (1)  Respected (1)  Inspirational (1)  Clear grading criteria (1),10,01/20/2011,GEOS302,5.0,3.0,N/A,N/A,N/A,N/A,,0,0,"This class was awesome, particularly the middle content. The field trips are a lot of fun-- go to both, especially the second. Andy\'s a great teacher. Trust him, he knows what he\'s talking about."
Andy  Cohen,University of Arizona,Geology department, Tucson, AZ,8,4.5,N/A,3.8,SO MANY PAPERS (1)  Gives good feedback (1)  EXTRA CREDIT (1)  Respected (1)  Inspirational (1)  Clear grading criteria (1),10,12/15/2009,GEOS302,4.0,4.0,N/A,N/A,N/A,N/A,,0,0,Information is highly useful and lectures are loaded with it...a bit dry though. Tests are challenging but fair. Instructor\'s knowledge is waaaay up there.
Andy  Cohen,University of Arizona,Geology department, Tucson, AZ,8,4.5,N/A,3.8,SO MANY PAPERS (1)  Gives good feedback (1)  EXTRA CREDIT (1)  Respected (1)  Inspirational (1)  Clear grading criteria (1),10,01/26/2009,GEOS302,4.5,3.0,N/A,N/A,N/A,N/A,,0,0,Andy is a wonderful teacher. You must attend and take good notes if you want an A. The field trips are a blast!
