professor_name,school_name,department_name,local_name,state_name,year_since_first_review,star_rating,take_again,diff_index,tag_professor,num_student,post_date,name_onlines,student_star,student_difficult,attence,for_credits,would_take_agains,grades,stu_tags,help_useful,help_not_useful,comments
April  Adams,Southern New Hampshire University,Not Specified department, Manchester, NH,5,3.8,N/A,1.6,Gives good feedback (1),7,10/24/2014,IT415,5.0,3.0,Not Mandatory,Yes,Yes,B,GIVES GOOD FEEDBACK,0,0,Do the work and you\'ll be alright.
April  Adams,Southern New Hampshire University,Not Specified department, Manchester, NH,5,3.8,N/A,1.6,Gives good feedback (1),7,08/09/2014,IT315,4.5,2.0,N/A,Yes,N/A,N/A,,0,0,She is very understandable
April  Adams,Southern New Hampshire University,Not Specified department, Manchester, NH,5,3.8,N/A,1.6,Gives good feedback (1),7,12/28/2011,IT100,4.0,1.0,N/A,N/A,N/A,N/A,,0,1,"Overall good teacher. Hands off but not completely disconnected. The only minor annoyance was multiple promises to grade homework early but she never delivered on it. It was a waste of having to buy the SNHU ""textbook bundle"" for this class though. My computer lab book is still in the plastic. (Not the professors fault, but SNHU I think.)"
April  Adams,Southern New Hampshire University,Not Specified department, Manchester, NH,5,3.8,N/A,1.6,Gives good feedback (1),7,07/08/2011,IT100,5.0,1.0,N/A,N/A,N/A,N/A,,0,0,"I agree with the student below me. She wasn\'t a bad teacher and the class was pretty easy. She does take a while to grade things, but it wasn\'t that big of a deal. She always answered my questions promptly and was helpful. All you have to do is participate in the discussions and do your work, and you\'ll get an A."
April  Adams,Southern New Hampshire University,Not Specified department, Manchester, NH,5,3.8,N/A,1.6,Gives good feedback (1),7,05/02/2011,IT100,3.5,2.0,N/A,N/A,N/A,N/A,,0,1,"She\'s not that bad of a teacher. I went in knowing quite a bit so this class was a breeze for me. Shrug, I don\'t understand how people can not know some of that stuff."
April  Adams,Southern New Hampshire University,Not Specified department, Manchester, NH,5,3.8,N/A,1.6,Gives good feedback (1),7,03/03/2009,IT100,3.0,1.0,N/A,N/A,N/A,N/A,,0,0,"A very nice teacher, though not extremely active in the discussion boards. I didn\'t learn too much that was new, but I had a lot of computer experience prior to this course. She\'s very flexible and easy to talk to about things. She doesn\'t keep up with/update grades too regularly though."
April  Adams,Southern New Hampshire University,Not Specified department, Manchester, NH,5,3.8,N/A,1.6,Gives good feedback (1),7,01/27/2009,IT100,1.5,1.0,N/A,N/A,N/A,N/A,,0,1,"Was very slow to update grades, not very helpful."
