professor_name,school_name,department_name,local_name,state_name,year_since_first_review,star_rating,take_again,diff_index,tag_professor,num_student,post_date,name_onlines,student_star,student_difficult,attence,for_credits,would_take_agains,grades,stu_tags,help_useful,help_not_useful,comments
Saba  Mwine,California State University Long Beach,Theater department, Long Beach, CA,1,3.4,N/A,2.3,,4,05/20/2010,THEA113,4.0,2.0,N/A,N/A,N/A,N/A,,0,0,"if you like crawling around the floor & looking ridiculous, by all means take this class. saba is very interesting & encouraging. class was definitely easy; however do not take this class if you do not want to be put on the spot!"
Saba  Mwine,California State University Long Beach,Theater department, Long Beach, CA,1,3.4,N/A,2.3,,4,11/16/2009,THEA113,4.5,1.0,N/A,N/A,N/A,N/A,,0,0,This class is so much fun if you get into it. You get what you put into it. Saba is super fun and easy going as long as you participate so do itttttt:)
Saba  Mwine,California State University Long Beach,Theater department, Long Beach, CA,1,3.4,N/A,2.3,,4,01/28/2009,THEAT113,4.0,2.0,N/A,N/A,N/A,N/A,,0,0,"i really liked her. she was really sweet and very encouraging to everyone. yes there is workbook work and papers to turn in from watching the plays. she didnt make you sign in for attendance but trust me, she knows when you\'re not there. overall she was a cool teacher."
Saba  Mwine,California State University Long Beach,Theater department, Long Beach, CA,1,3.4,N/A,2.3,,4,01/26/2009,THEA113,1.0,4.0,N/A,N/A,N/A,N/A,,0,0,do not take her. she makes you sign in everyday. you do some work from the book. makes you do warm ups every class meeting. she tries to seem like she\'s chill but she isnt. just take some one else
