professor_name,school_name,department_name,local_name,state_name,year_since_first_review,star_rating,take_again,diff_index,tag_professor,num_student,post_date,name_onlines,student_star,student_difficult,attence,for_credits,would_take_agains,grades,stu_tags,help_useful,help_not_useful,comments
Carol  Hays,University of Miami,Engineering department, Coral Gables, FL,2,3.9,N/A,3.5,,4,12/09/2011,CAE310,5.0,3.0,N/A,N/A,N/A,N/A,,0,0,I love Dr. Hays! Her class was hard but she\'s super nice and always willing to help.
Carol  Hays,University of Miami,Engineering department, Coral Gables, FL,2,3.9,N/A,3.5,,4,08/31/2011,CAE350,5.0,3.0,N/A,N/A,N/A,N/A,,0,0,She\'s very helpfull and always open for questions!
Carol  Hays,University of Miami,Engineering department, Coral Gables, FL,2,3.9,N/A,3.5,,4,05/02/2011,CAE310,3.5,4.0,N/A,N/A,N/A,N/A,,0,0,"hard, but helpful most of the times"
Carol  Hays,University of Miami,Engineering department, Coral Gables, FL,2,3.9,N/A,3.5,,4,01/27/2009,CAE310,2.0,4.0,N/A,N/A,N/A,N/A,,0,0,No Comments
