professor_name,school_name,department_name,local_name,state_name,year_since_first_review,star_rating,take_again,diff_index,tag_professor,num_student,post_date,name_onlines,student_star,student_difficult,attence,for_credits,would_take_agains,grades,stu_tags,help_useful,help_not_useful,comments
Sai  Bhatawadekar,University of Hawaii,Asian Studies department, Honolulu, HI,7,4.1,N/A,2.2,Hilarious (1)  Participation matters (1)  Respected (1)  Inspirational (1),10,01/12/2016,HNDI201,3.5,1.0,Not Mandatory,Yes,N/A,A+,INSPIRATIONAL  PARTICIPATION MATTERS,0,0,Sai is a great professor who makes the class a lot of fun. Her class is open syllabus so the topics covered are decided as the course progresses. Show up and participate and an A is guaranteed.
Sai  Bhatawadekar,University of Hawaii,Asian Studies department, Honolulu, HI,7,4.1,N/A,2.2,Hilarious (1)  Participation matters (1)  Respected (1)  Inspirational (1),10,11/23/2015,HINDI201,3.5,3.0,Not Mandatory,Yes,Yes,A,RESPECTED  HILARIOUS,0,0,"Sai is my favorite teacher ever, but she could stand to be a bit more of a hardass on vocabulary"
Sai  Bhatawadekar,University of Hawaii,Asian Studies department, Honolulu, HI,7,4.1,N/A,2.2,Hilarious (1)  Participation matters (1)  Respected (1)  Inspirational (1),10,11/20/2012,HINDI301,5.0,1.0,N/A,N/A,N/A,N/A,,0,0,"This is my 5th Semester with Professor Bhatawadekar; I\'ve also taken Hindi 101, 102, 201, 202, and Urdu 205. It\'s simple. Do your work and you will gain a mastery of Hindi Language whilst getting the easiest A of your life. Do the work, and Sai will give the grade. Classes are fun, not too much of work, and engaging. I highly recommend."
Sai  Bhatawadekar,University of Hawaii,Asian Studies department, Honolulu, HI,7,4.1,N/A,2.2,Hilarious (1)  Participation matters (1)  Respected (1)  Inspirational (1),10,04/24/2012,HINDI202,5.0,4.0,N/A,N/A,N/A,N/A,,0,0,"saijii really knows her stuff...she teaches in a way that empowers the student and her approach makes it easy to learn and practice hindi language without ""spoon-feeding"" her students........do your work and you\'ll learn alot with her :-)"
Sai  Bhatawadekar,University of Hawaii,Asian Studies department, Honolulu, HI,7,4.1,N/A,2.2,Hilarious (1)  Participation matters (1)  Respected (1)  Inspirational (1),10,06/02/2011,HNDI02,5.0,3.0,N/A,N/A,N/A,N/A,,0,0,"great class; awesome, intelligent, highly articulate beauty of a professor. some students try to take advantage of her kind heart and resort to posting the hostile comments you see here when they find that she can\'t be made a fool of. highly recommend this class, ignore the negativity."
Sai  Bhatawadekar,University of Hawaii,Asian Studies department, Honolulu, HI,7,4.1,N/A,2.2,Hilarious (1)  Participation matters (1)  Respected (1)  Inspirational (1),10,11/23/2010,HNDI101,1.5,3.0,N/A,N/A,N/A,N/A,,1,3,Sai isn\'t the best at explaining things. She expects you to know all the vocabulary before she\'s even taught it to you. Highly disorganized. Nice person.
Sai  Bhatawadekar,University of Hawaii,Asian Studies department, Honolulu, HI,7,4.1,N/A,2.2,Hilarious (1)  Participation matters (1)  Respected (1)  Inspirational (1),10,12/09/2009,HINDI101,5.0,2.0,N/A,N/A,N/A,N/A,,0,0,awesome!
Sai  Bhatawadekar,University of Hawaii,Asian Studies department, Honolulu, HI,7,4.1,N/A,2.2,Hilarious (1)  Participation matters (1)  Respected (1)  Inspirational (1),10,11/21/2009,HINDI101,3.0,1.0,N/A,N/A,N/A,N/A,,1,1,"Found the class slow, unorganized, and a bad learning environment. We learned less than 300 words the entire semester, didn\'t have test or syllabus until 4 weeks before the end of the semester, never had a textbook (and less than 5 handouts), and moved at a snails pace. Sai made fun of slow students and doesn\'t answer emails-- at all. Avoid class."
Sai  Bhatawadekar,University of Hawaii,Asian Studies department, Honolulu, HI,7,4.1,N/A,2.2,Hilarious (1)  Participation matters (1)  Respected (1)  Inspirational (1),10,08/23/2009,HIND101,5.0,2.0,N/A,N/A,N/A,N/A,,1,0,"Sai-ji is a fantastic teacher - creative, spontaneous, down to earth, super helpful and approachable. She has an amazing ability to on the spot create a whole lesson from one small comment or question from a student. The class was often the highlight of my day - a hilarious one that I will never forget."
Sai  Bhatawadekar,University of Hawaii,Asian Studies department, Honolulu, HI,7,4.1,N/A,2.2,Hilarious (1)  Participation matters (1)  Respected (1)  Inspirational (1),10,05/15/2009,HINDI101,4.5,2.0,N/A,N/A,N/A,N/A,,0,0,Wonderful.
