professor_name,school_name,department_name,local_name,state_name,year_since_first_review,star_rating,take_again,diff_index,tag_professor,num_student,post_date,name_onlines,student_star,student_difficult,attence,for_credits,would_take_agains,grades,stu_tags,help_useful,help_not_useful,comments
Carol  Cissel,Coastal Carolina University,Accounting department, Conway, SC,5,4.2,N/A,3.0,LOTS OF HOMEWORK (1)  Clear grading criteria (1)  Gives good feedback (1),9,12/14/2014,CBAD202,3.5,3.0,N/A,Yes,N/A,N/A,GIVES GOOD FEEDBACK  LOTS OF HOMEWORK  CLEAR GRADING CRITERIA,0,0,Took this class online. She\'s really helpful and all of the assignments are clearly written out at the beginning of the semester. It\'s a work-at-your-own-pace kind of class and then it\'s easier than taking online. Would definitely recommend.
Carol  Cissel,Coastal Carolina University,Accounting department, Conway, SC,5,4.2,N/A,3.0,LOTS OF HOMEWORK (1)  Clear grading criteria (1)  Gives good feedback (1),9,07/08/2014,ACCT440,1.0,5.0,N/A,N/A,N/A,N/A,,0,1,It looks like she is better as an on-line instructor. Test were hard. Take someone else if you can if it is a class room setting.
Carol  Cissel,Coastal Carolina University,Accounting department, Conway, SC,5,4.2,N/A,3.0,LOTS OF HOMEWORK (1)  Clear grading criteria (1)  Gives good feedback (1),9,11/11/2013,ACC206,5.0,1.0,N/A,Yes,N/A,N/A,,0,0,I took the Accounting online class and although the subject itself is hard she is very helpful and makes it easy. We had discussions which were an easy 100 as long as you know what you\'re talking about & don\'t have many grammatical errors. The homework is not that hard & you get two attempts to take the quizzes.
Carol  Cissel,Coastal Carolina University,Accounting department, Conway, SC,5,4.2,N/A,3.0,LOTS OF HOMEWORK (1)  Clear grading criteria (1)  Gives good feedback (1),9,10/02/2013,CBAD202,5.0,2.0,N/A,Yes,N/A,N/A,,0,0,"Took her online course, but she was still great! She outlined the entire course in advance and listed for you step by step your weekly tasks. Accounting isn\'t easy but she is very helpful!"
Carol  Cissel,Coastal Carolina University,Accounting department, Conway, SC,5,4.2,N/A,3.0,LOTS OF HOMEWORK (1)  Clear grading criteria (1)  Gives good feedback (1),9,01/17/2013,CBAD202,5.0,3.0,N/A,N/A,N/A,N/A,,0,0,"Great teacher, and funny in a way. If you listen to her lecture and ask questions you will be fine. One of the best professors ever!!"
Carol  Cissel,Coastal Carolina University,Accounting department, Conway, SC,5,4.2,N/A,3.0,LOTS OF HOMEWORK (1)  Clear grading criteria (1)  Gives good feedback (1),9,06/20/2012,ACCT440,5.0,5.0,N/A,N/A,N/A,N/A,,0,0,"Excellent teacher! The course is difficult, but she does a great job explaining it. Do all the practice problems because many of them will be on the test. I would recommend Professor Cissel to anybody!"
Carol  Cissel,Coastal Carolina University,Accounting department, Conway, SC,5,4.2,N/A,3.0,LOTS OF HOMEWORK (1)  Clear grading criteria (1)  Gives good feedback (1),9,01/08/2011,CBAD440,4.5,3.0,N/A,N/A,N/A,N/A,,0,0,"Absolutely a wonderful teacher for individual tax. She is very entertaining and likes to joke around. Even though she gives curves, you need to study for her exams. Very problem oriented."
Carol  Cissel,Coastal Carolina University,Accounting department, Conway, SC,5,4.2,N/A,3.0,LOTS OF HOMEWORK (1)  Clear grading criteria (1)  Gives good feedback (1),9,04/02/2010,ACCT202,4.0,3.0,N/A,N/A,N/A,N/A,,0,0,Great teacher. Do the homework .. It helps & is graded.
Carol  Cissel,Coastal Carolina University,Accounting department, Conway, SC,5,4.2,N/A,3.0,LOTS OF HOMEWORK (1)  Clear grading criteria (1)  Gives good feedback (1),9,01/26/2009,ACCT201,4.5,2.0,N/A,N/A,N/A,N/A,,0,0,"Very involved with homework manager. Do the homework, it helps a lot with the tests (even with the block testing). We went over the homework in class. Ask questions if you need to, she will answer them! Overall a great class."
