professor_name,school_name,department_name,local_name,state_name,year_since_first_review,star_rating,take_again,diff_index,tag_professor,num_student,post_date,name_onlines,student_star,student_difficult,attence,for_credits,would_take_agains,grades,stu_tags,help_useful,help_not_useful,comments
Paul  Cantor,Norwalk Community College,Economics department, Norwalk, CT,8,3.4,N/A,3.2,EXTRA CREDIT (1)  LECTURE HEAVY (1),14,12/26/2017,ECND102,4.0,2.0,Not Mandatory,Yes,Yes,A,EXTRA CREDIT  LECTURE HEAVY,0,0,"Dr. Cantor is an extremely lenient and understanding professor compared to others. He is a really sweet person, and he cares about his students. He drops a lot of low grades, and gives many extra credit opportunities. In my opinion, he isn\'t the best at explaining certain concepts, and lectures can be confusing, so definitely join a study group."
Paul  Cantor,Norwalk Community College,Economics department, Norwalk, CT,8,3.4,N/A,3.2,EXTRA CREDIT (1)  LECTURE HEAVY (1),14,12/30/2013,ECON,5.0,3.0,N/A,N/A,N/A,B,,0,0,I loved the class. I loved him. It was a tough class but he tried his best to make it clear and fun. He was really helpful.
Paul  Cantor,Norwalk Community College,Economics department, Norwalk, CT,8,3.4,N/A,3.2,EXTRA CREDIT (1)  LECTURE HEAVY (1),14,05/29/2013,ECND102,4.5,2.0,N/A,N/A,N/A,N/A,,0,0,Very cooperative with the class and many opportunities to get a better grade. Not always the easiest material but he breaks it down very well.
Paul  Cantor,Norwalk Community College,Economics department, Norwalk, CT,8,3.4,N/A,3.2,EXTRA CREDIT (1)  LECTURE HEAVY (1),14,05/14/2013,ECN102MICRO,5.0,3.0,N/A,N/A,N/A,N/A,,0,0,I never knew economics could be so interesting. The course is not easy but the professor gives plenty of opportunities for extra credit. Great professor.
Paul  Cantor,Norwalk Community College,Economics department, Norwalk, CT,8,3.4,N/A,3.2,EXTRA CREDIT (1)  LECTURE HEAVY (1),14,12/14/2012,ECON101,5.0,3.0,N/A,N/A,N/A,N/A,,0,0,Cantor is a great professor with a great sense of humor.
Paul  Cantor,Norwalk Community College,Economics department, Norwalk, CT,8,3.4,N/A,3.2,EXTRA CREDIT (1)  LECTURE HEAVY (1),14,11/09/2012,ECO101,1.5,5.0,N/A,N/A,N/A,N/A,,2,0,The most confusing class that I ever took. The teachers mouth would move but the words will become mumble jumbo. He understood the topic while the class was confused and couldn\'t get a question in at all.
Paul  Cantor,Norwalk Community College,Economics department, Norwalk, CT,8,3.4,N/A,3.2,EXTRA CREDIT (1)  LECTURE HEAVY (1),14,07/16/2011,ECON102,3.5,3.0,N/A,N/A,N/A,N/A,,0,0,"He is actually a much better teacher than I realized at first. I think he belongs in a lecture hall rather than a 10-20 student interactive class room. If you take all the notes, review them, do all the homework/handouts/quiz/ex cred and review. You will come to realize he was great. 18 months years later I still reference my ECON 102 notebook."
Paul  Cantor,Norwalk Community College,Economics department, Norwalk, CT,8,3.4,N/A,3.2,EXTRA CREDIT (1)  LECTURE HEAVY (1),14,04/20/2011,ECON102,3.0,4.0,N/A,N/A,N/A,N/A,,0,0,"Cantor is very intelligent, but his teaching style is very confusing. He gets caught up on one concept for weeks, and has trouble clearly explaining everything else. He also tends to miss subtleties and nuances, so be straight forward and only use vocab from the book in class. He gives you a lot of opportunities to improve your grade."
Paul  Cantor,Norwalk Community College,Economics department, Norwalk, CT,8,3.4,N/A,3.2,EXTRA CREDIT (1)  LECTURE HEAVY (1),14,04/08/2011,MICRO102,5.0,4.0,N/A,N/A,N/A,N/A,,0,0,An excellent instructor! Take this class if you want to learn some economics.
Paul  Cantor,Norwalk Community College,Economics department, Norwalk, CT,8,3.4,N/A,3.2,EXTRA CREDIT (1)  LECTURE HEAVY (1),14,04/06/2011,MACRO01,2.0,3.0,N/A,N/A,N/A,N/A,,1,0,"Worst professor ever, does not have respect for students, specially towards the female kind."
Paul  Cantor,Norwalk Community College,Economics department, Norwalk, CT,8,3.4,N/A,3.2,EXTRA CREDIT (1)  LECTURE HEAVY (1),14,05/22/2010,ECON102,5.0,2.0,N/A,N/A,N/A,N/A,,0,0,"Great teacher! Kept the class interesting and gives students many ways to improve grades. Very interesting discussions and extra credit. Comparable teaching style to professors at competitive four year institutions. Explains a challenging subject very well, and makes concepts easy to grasp and applicalbe to every day life."
Paul  Cantor,Norwalk Community College,Economics department, Norwalk, CT,8,3.4,N/A,3.2,EXTRA CREDIT (1)  LECTURE HEAVY (1),14,02/26/2010,ECON102,1.0,3.0,N/A,N/A,N/A,N/A,,0,0,He freestyles microeconomics based on his previous experience.
Paul  Cantor,Norwalk Community College,Economics department, Norwalk, CT,8,3.4,N/A,3.2,EXTRA CREDIT (1)  LECTURE HEAVY (1),14,01/06/2010,ECN102,1.0,5.0,N/A,N/A,N/A,N/A,,0,0,"Worst professor I\'ve ever had at NCC. Gets nervous when teaching class, stayed on one chapter for a good 6 weeks (Chapter 3) causing our class to fall way back, not enough knowledge in material...frankly I don\'t know how he was approved to teach...my suggestion: when you spot this name, RUN!"
Paul  Cantor,Norwalk Community College,Economics department, Norwalk, CT,8,3.4,N/A,3.2,EXTRA CREDIT (1)  LECTURE HEAVY (1),14,11/11/2009,ECN101,2.0,3.0,N/A,N/A,N/A,N/A,,0,0,"I\'m sure he understands all of the material himself, but he was not great at actually teaching the information. The class basically got stuck on one concept for the whole semester and really fell behind. Open note quiz once a week, and there was a take home final. He\'s a good guy, but hasn\'t quite figured out how to teach in a way that makes sense"
