professor_name,school_name,department_name,local_name,state_name,year_since_first_review,star_rating,take_again,diff_index,tag_professor,num_student,post_date,name_onlines,student_star,student_difficult,attence,for_credits,would_take_agains,grades,stu_tags,help_useful,help_not_useful,comments
G  Petro,City College of New York,Psychology department, New York, NY,1,2.1,N/A,2.5,,4,11/30/2010,PSYCC6,2.0,4.0,N/A,N/A,N/A,N/A,,0,0,"She isn\'t helpful, she is absent a lot, she takes forever to put up your grades, she doesn\'t answer your questions and she never responds to your emails. I would pick any TA but her."
G  Petro,City College of New York,Psychology department, New York, NY,1,2.1,N/A,2.5,,4,11/03/2009,PSY102,1.0,3.0,N/A,N/A,N/A,N/A,,0,0,"she tells us to always ""put things in our own words"" and not use the same words from the textbook when doing our hw but when she teaches, she uses the same words from the textbook, so a bit hypocritical IMO."
G  Petro,City College of New York,Psychology department, New York, NY,1,2.1,N/A,2.5,,4,10/25/2009,PSYCH102,4.0,2.0,N/A,N/A,N/A,N/A,,0,0,"Real sweet, and helpful if you ask the right questions. If you dont read the required text youll be totally lost, as it should be."
G  Petro,City College of New York,Psychology department, New York, NY,1,2.1,N/A,2.5,,4,10/04/2009,PSYC5,1.5,1.0,N/A,N/A,N/A,N/A,,0,0,she knows just as much as you aftrer reading the chapter.
