professor_name,school_name,department_name,local_name,state_name,year_since_first_review,star_rating,take_again,diff_index,tag_professor,num_student,post_date,name_onlines,student_star,student_difficult,attence,for_credits,would_take_agains,grades,stu_tags,help_useful,help_not_useful,comments
Mohamad  Zoghi,City College of New York,Mechanical Engineering department, New York, NY,7,4.4,N/A,2.8,Inspirational (1)  Respected (1),11,01/27/2016,AET106,5.0,1.0,N/A,Yes,Yes,A+,INSPIRATIONAL  RESPECTED,0,0,He is the BEST professor in Farmingdale State College. Makes the class so interesting. Extremely helpful. He cares about the students and so friendly. He gives daily quiz which makes you follow the class and learn the material quickly. Do your homework and get on time to the class for quizzes. Strongly recommended. You Will Never Walk Alone.
Mohamad  Zoghi,City College of New York,Mechanical Engineering department, New York, NY,7,4.4,N/A,2.8,Inspirational (1)  Respected (1),11,11/11/2013,ENGS206,3.0,5.0,N/A,N/A,N/A,N/A,,0,1,"Very difficult teacher. There is usually a quiz at the start of each class. (even the day after an exam.) He also follows the textbook very closely. he is a nice guy, but he moves a little too fast and doesn\'t offer very in depth explanations. He will simply bombard you with difficult examples."
Mohamad  Zoghi,City College of New York,Mechanical Engineering department, New York, NY,7,4.4,N/A,2.8,Inspirational (1)  Respected (1),11,12/09/2010,GPH104,3.5,4.0,N/A,N/A,N/A,N/A,,0,1,quiz before every class and loads of hw for a one credit class. hand in your quiz 10 seconds late and ur grade gets reduced by 50%. not recommended!
Mohamad  Zoghi,City College of New York,Mechanical Engineering department, New York, NY,7,4.4,N/A,2.8,Inspirational (1)  Respected (1),11,06/09/2010,ME246,5.0,2.0,N/A,N/A,N/A,N/A,,0,0,"Three words, ""I love him"". the best professor in the dept. He is more of a friend than a professor. Straight forward class and his note are all u need to Ace the class."
Mohamad  Zoghi,City College of New York,Mechanical Engineering department, New York, NY,7,4.4,N/A,2.8,Inspirational (1)  Respected (1),11,02/04/2010,ENGR247,5.0,4.0,N/A,N/A,N/A,N/A,,0,0,i like him
Mohamad  Zoghi,City College of New York,Mechanical Engineering department, New York, NY,7,4.4,N/A,2.8,Inspirational (1)  Respected (1),11,12/18/2009,ME330,5.0,4.0,N/A,N/A,N/A,N/A,,0,0,Prof Zoghi. is a great a guy he cares about the student progress.He knows the material. Need to do the homework and the daily quizzes :). He gives extra credit project to help you get a better grade. Strongly recommended. Exams are open book but dont let this fool you. Need to study the material. DONT PROCRASTINATE .
Mohamad  Zoghi,City College of New York,Mechanical Engineering department, New York, NY,7,4.4,N/A,2.8,Inspirational (1)  Respected (1),11,05/29/2009,MEG400,4.5,2.0,N/A,N/A,N/A,N/A,,0,0,"Make sure you do all the homework. In exam if you don\'t understand, you better ask him. I didn\'t ask him during exam or in class so I did very bad. Lucky exam is open book and you gotta review the topic before the exam. Otherwise you will end up flipping pages all around."
Mohamad  Zoghi,City College of New York,Mechanical Engineering department, New York, NY,7,4.4,N/A,2.8,Inspirational (1)  Respected (1),11,05/15/2009,ME247,3.5,4.0,N/A,N/A,N/A,N/A,,0,0,"Very good professor. Work hard, and you will be rewarded."
Mohamad  Zoghi,City College of New York,Mechanical Engineering department, New York, NY,7,4.4,N/A,2.8,Inspirational (1)  Respected (1),11,03/30/2009,G4000,4.5,1.0,N/A,N/A,N/A,N/A,,0,0,No Comments
Mohamad  Zoghi,City College of New York,Mechanical Engineering department, New York, NY,7,4.4,N/A,2.8,Inspirational (1)  Respected (1),11,03/16/2009,ME247,4.5,2.0,N/A,N/A,N/A,N/A,,0,0,Prof. Zoghi is an outstanding professor and deserves to be recognized as one of the best part-time faculty members of the ME Department. He is always available during his office hours and is extremely helpful and clear. You can tell that he really cares about your progress. His tests are challenging but straight forward. You will learn a lot!
Mohamad  Zoghi,City College of New York,Mechanical Engineering department, New York, NY,7,4.4,N/A,2.8,Inspirational (1)  Respected (1),11,01/29/2009,ME247,4.5,2.0,N/A,N/A,N/A,N/A,,0,0,Great professor. Is really helpful. He works with you and not against you. Do your homework and get to class on time for his quizzes..
