professor_name,school_name,department_name,local_name,state_name,year_since_first_review,star_rating,take_again,diff_index,tag_professor,num_student,post_date,name_onlines,student_star,student_difficult,attence,for_credits,would_take_agains,grades,stu_tags,help_useful,help_not_useful,comments
Claire  Yan,University of British Columbia - Okanagan,Engineering department, Kelowna, BC,6,2.9,N/A,3.2,Caring (1)  Respected (1),9,05/08/2015,490,4.5,3.0,Not Mandatory,Yes,Yes,B-,RESPECTED  CARING,0,2,"Claire Yan has really improved her teaching style since the first year I had her back in 2010. She\'s enthusiastic, helpful, and I feel like she\'s really looking out for the students. She bubbly and even tries to encourage class participation during tough morning lectures. If you had to choose her course, do it. Exams are fair and conceptual based."
Claire  Yan,University of British Columbia - Okanagan,Engineering department, Kelowna, BC,6,2.9,N/A,3.2,Caring (1)  Respected (1),9,06/09/2014,ENGR490,4.0,3.0,N/A,N/A,N/A,N/A,,1,1,"Never really enthusiastic, but provides detailed notes, fair exams and outlines class expectations. If you attend class, take notes and are reasonably intelligent you will do fine. Mech Eng students will see her a lot so be sure to go to her office for all the Clarifications. Exam questions are closely related to assignments and lecture examples."
Claire  Yan,University of British Columbia - Okanagan,Engineering department, Kelowna, BC,6,2.9,N/A,3.2,Caring (1)  Respected (1),9,12/09/2013,ENGR310,4.5,2.0,N/A,N/A,N/A,N/A,,0,2,"Very organized, lets you know exactly what she expects from you on tests, very good marker, pretty easy, not sure why she is rated so low"
Claire  Yan,University of British Columbia - Okanagan,Engineering department, Kelowna, BC,6,2.9,N/A,3.2,Caring (1)  Respected (1),9,03/27/2013,APSC253260,4.5,3.0,N/A,N/A,N/A,N/A,,1,1,"A lot of people seem to have a problem with Clair, but honestly she\'s pretty good. If you listen closely and follow along, she presents material very well. Very nice person too!"
Claire  Yan,University of British Columbia - Okanagan,Engineering department, Kelowna, BC,6,2.9,N/A,3.2,Caring (1)  Respected (1),9,11/15/2011,ENGR310,1.0,4.0,N/A,N/A,N/A,N/A,,2,1,Bad prof. Needs a lesson in English because her communication is poor. Never answers questions properly and just confuses you more. She doesn\'t explain what she is teaching at all.
Claire  Yan,University of British Columbia - Okanagan,Engineering department, Kelowna, BC,6,2.9,N/A,3.2,Caring (1)  Respected (1),9,05/14/2011,APSC173,3.5,3.0,N/A,N/A,N/A,N/A,,0,1,"She is a strict prof., but knows her subject very well. Very helpful, has lot of office hours, so very approachable. Exams made by her are neither too hard, not too easy. Method of delivering the lectures is very good, explains everything with lot of examples. Overall not the best prof. but not that bad, as other people have mentioned here."
Claire  Yan,University of British Columbia - Okanagan,Engineering department, Kelowna, BC,6,2.9,N/A,3.2,Caring (1)  Respected (1),9,04/05/2011,APSC173,2.5,5.0,N/A,N/A,N/A,N/A,,1,1,"Hard to understand and an extremely hard marker. However, her notes can be quite helpful. Overall, she\'s not the best prof but she gets the point across."
Claire  Yan,University of British Columbia - Okanagan,Engineering department, Kelowna, BC,6,2.9,N/A,3.2,Caring (1)  Respected (1),9,01/10/2011,APSC173,1.0,3.0,N/A,N/A,N/A,N/A,,2,0,"You have to decide to not listen and copy notes only so you can look at things later, or you attempt to understand her gibberish which is extremely difficult and is only possible if you don\'t write notes. With this decision being the first one you\'ll make all semester this teacher is horrible!"
Claire  Yan,University of British Columbia - Okanagan,Engineering department, Kelowna, BC,6,2.9,N/A,3.2,Caring (1)  Respected (1),9,01/26/2009,APSCSEC3,1.0,3.0,N/A,N/A,N/A,N/A,,2,0,"RUN! She doesn\'t teach, she rambles on while being incomprehensible and then if you ask a question about what she\'s saying, she just repeats what she said and ignores your question essentially. Run while you still can"
