professor_name,school_name,department_name,local_name,state_name,year_since_first_review,star_rating,take_again,diff_index,tag_professor,num_student,post_date,name_onlines,student_star,student_difficult,attence,for_credits,would_take_agains,grades,stu_tags,help_useful,help_not_useful,comments
Aaron  Seitz,University of California Riverside,Psychology department, Riverside, CA,4,3.2,N/A,4.1,,7,06/07/2013,PSYC134,4.5,3.0,N/A,N/A,N/A,N/A,,0,0,"He is a very nice professor. I read these comments and at the first lecture, I was hesitant. But seriously, he is not that bad. The material is challenging but its college, every class should challenge students a little bit. He explained the material very well with examples and illustrations. He has a lot of passion for cognitive neuroscience."
Aaron  Seitz,University of California Riverside,Psychology department, Riverside, CA,4,3.2,N/A,4.1,,7,04/23/2013,PSYCH134,4.5,4.0,N/A,N/A,N/A,N/A,,0,0,"I find him unbiased and cool. Then again, maybe that is my bias because he is adorable. The whole of my impression comes from his lectures in which he seems interested in studying and teaching and portrays a good sense of humor and eagerness to help. This is a challenging class."
Aaron  Seitz,University of California Riverside,Psychology department, Riverside, CA,4,3.2,N/A,4.1,,7,03/15/2011,PSYCH132,5.0,2.0,N/A,N/A,N/A,N/A,,0,0,Awesome professor! Motivates students to try their best to achieve an A. There are quizzes/attendence clickers in lectures. Very nice guy. Talked to him during office hour and was very helpful! I strongly recommend you taking him. Class is very entertaining and he uses videos to demonstrate what he\'s teaching.
Aaron  Seitz,University of California Riverside,Psychology department, Riverside, CA,4,3.2,N/A,4.1,,7,02/04/2011,PSYC132,1.0,5.0,N/A,N/A,N/A,N/A,,0,0,AVOID THE CLASS BUT IF YOU HAVE TO TAKE IT TAKE IT WITH ANOTHER PROFESSOR!!! Difficult class and he makes it harder.
Aaron  Seitz,University of California Riverside,Psychology department, Riverside, CA,4,3.2,N/A,4.1,,7,01/22/2010,PSYCH132,2.0,5.0,N/A,N/A,N/A,N/A,,0,0,"All I can say is avoid!!! He was very arrogant and told the class that he was used to teaching students that went on to get their PHD\'s, what a jerk! Boring Class! HArd midterms! saying um like a million times! dont take him!!"
Aaron  Seitz,University of California Riverside,Psychology department, Riverside, CA,4,3.2,N/A,4.1,,7,06/10/2009,PSYCH132,1.0,5.0,N/A,N/A,N/A,N/A,,0,0,"He explained things in a very confusing manner and did not answer questions clearly. He did not treat us at our level, but rather as if we were the vast majority of the students from HIS school that went on to get their Ph.D.\'s. Tests were very hard and book was not too helpful."
Aaron  Seitz,University of California Riverside,Psychology department, Riverside, CA,4,3.2,N/A,4.1,,7,06/10/2009,PSYCH132,4.5,5.0,N/A,N/A,N/A,N/A,,0,0,He\'s a new professor and seems a little arrogant at times. He spoke to the class as if it was a graduate level class and the exams were difficult. Interesting demos but otherwise lecture was not so interesting. Please take Andersen for this class since he is the one that regularly teaches this class.
