professor_name,school_name,department_name,local_name,state_name,year_since_first_review,star_rating,take_again,diff_index,tag_professor,num_student,post_date,name_onlines,student_star,student_difficult,attence,for_credits,would_take_agains,grades,stu_tags,help_useful,help_not_useful,comments
S.  Plant,Lehman College,Computer Information Systems department, Bronx, NY,4,3.8,N/A,3.3,,7,05/19/2013,CIS106,5.0,3.0,N/A,N/A,N/A,N/A,,0,0,He is an excellent Prof.!! I really enjoyed learning in his class.
S.  Plant,Lehman College,Computer Information Systems department, Bronx, NY,4,3.8,N/A,3.3,,7,02/07/2011,CIS244,5.0,3.0,N/A,N/A,N/A,N/A,,0,0,PROF. PLANT IS VERY GOOD IN TEACHING DATABASE. HE MADE A DIFFICULT COURSE VERY EASY TO UNDERSTAND. I HAVE LEARNED A LOT. ATTENDANCE AND ASSIGNMENTS ARE IMPORTANT.
S.  Plant,Lehman College,Computer Information Systems department, Bronx, NY,4,3.8,N/A,3.3,,7,02/02/2011,CIS106,5.0,4.0,N/A,N/A,N/A,N/A,,0,0,"Great Professor!! I really learned a lot in his class. The lectures and assignments helped me so much that I was able to get a job. Attendance and class work are important. He is fair and very professional. If you?re not there to learn, don?t waste his time because he?s there to teach you. Overall, I enjoyed the class."
S.  Plant,Lehman College,Computer Information Systems department, Bronx, NY,4,3.8,N/A,3.3,,7,08/12/2010,CIS106,1.0,5.0,N/A,N/A,N/A,N/A,,0,0,"PROF. PLANT IS A HORRIBLE PROF WITH HIS BEAN HEAD!!!HE IS UNFAIR, INPATIENT, AND LIKES TO PICK HIS FAVORITES!!! HE NEED TO GO SIT DOWN SOME WHERE WITH HIS MILK DUD HEAD.. AND MIKE TYSON VOICE!!"
S.  Plant,Lehman College,Computer Information Systems department, Bronx, NY,4,3.8,N/A,3.3,,7,05/19/2009,CIS106,4.0,2.0,N/A,N/A,N/A,N/A,,0,0,"Great Professor. Attendence is important. Helped me learn more about Microsoft word, excel, access, and powerpoint."
S.  Plant,Lehman College,Computer Information Systems department, Bronx, NY,4,3.8,N/A,3.3,,7,05/19/2009,CIS106,4.5,3.0,N/A,N/A,N/A,N/A,,0,0,"great professor, helps alot"
S.  Plant,Lehman College,Computer Information Systems department, Bronx, NY,4,3.8,N/A,3.3,,7,05/19/2009,CIS106,2.0,3.0,N/A,N/A,N/A,N/A,,0,0,"Great computer teacher. Teaches well, helped me understand more about computers. Attendance is very important,and you must do hw and class work."
