professor_name,school_name,department_name,local_name,state_name,year_since_first_review,star_rating,take_again,diff_index,tag_professor,num_student,post_date,name_onlines,student_star,student_difficult,attence,for_credits,would_take_agains,grades,stu_tags,help_useful,help_not_useful,comments
Diana  Finn,SUNY Oswego,Psychology department, Oswego, NY,9,3.2,N/A,3.8,Amazing lectures (1)  Participation matters (1)  EXTRA CREDIT (1),5,05/03/2018,PSYCH100,5.0,3.0,Mandatory,Yes,Yes,A+,AMAZING LECTURES  PARTICIPATION MATTERS  EXTRA CREDIT,0,0,Awesome Teacher. Cant Rave enough.
Diana  Finn,SUNY Oswego,Psychology department, Oswego, NY,9,3.2,N/A,3.8,Amazing lectures (1)  Participation matters (1)  EXTRA CREDIT (1),5,11/09/2009,PSYCH100,2.0,3.0,N/A,N/A,N/A,N/A,,0,0,"She is not a great teacher. She does not do a good job explaining and her tests are pretty challenging. The only reason I passed this class was from doing well on the essays and doing extra credit. This class is 3 hours long, which is ridiculous for a pysch class because it is way too much information to retain."
Diana  Finn,SUNY Oswego,Psychology department, Oswego, NY,9,3.2,N/A,3.8,Amazing lectures (1)  Participation matters (1)  EXTRA CREDIT (1),5,06/10/2009,PSYCH100,5.0,5.0,N/A,N/A,N/A,N/A,,0,0,"Don\'t take this class, I took her 3 credit 3hr class once a week. Her tests are incredibly hard."
Diana  Finn,SUNY Oswego,Psychology department, Oswego, NY,9,3.2,N/A,3.8,Amazing lectures (1)  Participation matters (1)  EXTRA CREDIT (1),5,05/26/2009,PSYCH100,1.5,5.0,N/A,N/A,N/A,N/A,,0,0,Do not take a class with her. She is a terrible teacher and her exams are ridiculously hard.
Diana  Finn,SUNY Oswego,Psychology department, Oswego, NY,9,3.2,N/A,3.8,Amazing lectures (1)  Participation matters (1)  EXTRA CREDIT (1),5,05/19/2009,PSYCH100,2.5,3.0,N/A,N/A,N/A,N/A,,0,0,"She is an overall good teacher, but sometimes she isnt so good at explaining. Her assignments are very easy though. Make sure you keep up on the reading because the material can get difficult and confusing if you dont."
