professor_name,school_name,department_name,local_name,state_name,year_since_first_review,star_rating,take_again,diff_index,tag_professor,num_student,post_date,name_onlines,student_star,student_difficult,attence,for_credits,would_take_agains,grades,stu_tags,help_useful,help_not_useful,comments
Sue  Casper,Onondaga Community College,Physical Education department, Syracuse, NY,7,1.5,N/A,3.8,Skip class? You won\'t pass. (1)  Tough Grader (1)  Participation matters (1),8,05/06/2016,PEH157,1.0,5.0,Mandatory,Yes,N/A,N/A,TOUGH GRADER  PARTICIPATION MATTERS,0,0,Took this class my last semester at occ. Worst decision of my whole entire life. Would not recommend this class to my worse enemy She is a horrible teacher
Sue  Casper,Onondaga Community College,Physical Education department, Syracuse, NY,7,1.5,N/A,3.8,Skip class? You won\'t pass. (1)  Tough Grader (1)  Participation matters (1),8,05/20/2015,GOLF,1.0,5.0,Mandatory,Yes,N/A,N/A,,0,0,Simply the worst class I\'ve ever taken. I\'ve never met a teacher I hated so much. And this was a 1 credit golf class. Avoid at all cost.
Sue  Casper,Onondaga Community College,Physical Education department, Syracuse, NY,7,1.5,N/A,3.8,Skip class? You won\'t pass. (1)  Tough Grader (1)  Participation matters (1),8,04/30/2015,GOLF,1.5,3.0,Mandatory,Yes,N/A,B-,SKIP CLASS? YOU WON\'T PASS.,0,0,Terrible teacher. She acts as if she is some professional golfer and critiques every little detail in your swing. Doesn\'t respect valid excuses for missing class. Avoid at all costs.
Sue  Casper,Onondaga Community College,Physical Education department, Syracuse, NY,7,1.5,N/A,3.8,Skip class? You won\'t pass. (1)  Tough Grader (1)  Participation matters (1),8,12/20/2012,PEH157,1.5,5.0,N/A,N/A,N/A,N/A,,0,0,"She can be a very rude and condescending person. She tries to be funny, and then tries to politely tell you that you\'re a fool. Gives writing assignments for golf class, but never had time to actually play golf. Last class was held late after the final to play, but there were so many people that 1/4 of the class actually played a few holes. Beware."
Sue  Casper,Onondaga Community College,Physical Education department, Syracuse, NY,7,1.5,N/A,3.8,Skip class? You won\'t pass. (1)  Tough Grader (1)  Participation matters (1),8,10/09/2011,PEHGOLF,3.5,1.0,N/A,N/A,N/A,N/A,,1,0,She is a fair grader. She lets you pick your grade as long as you justify getting at grade. she can be hard on people but is nice
Sue  Casper,Onondaga Community College,Physical Education department, Syracuse, NY,7,1.5,N/A,3.8,Skip class? You won\'t pass. (1)  Tough Grader (1)  Participation matters (1),8,05/04/2010,PHYGOLF,1.5,3.0,N/A,N/A,N/A,N/A,,0,0,"total psycho....crazy hair, crazy leg, bad sense of humor, and the purple nose thing is true too. stay away from this woman"
Sue  Casper,Onondaga Community College,Physical Education department, Syracuse, NY,7,1.5,N/A,3.8,Skip class? You won\'t pass. (1)  Tough Grader (1)  Participation matters (1),8,11/18/2009,PETNS,1.0,3.0,N/A,N/A,N/A,N/A,,0,0,"I had her for tennis, she\'s a nazi! she made a girl cry in my class for being so bad. She loves making fun of people and will yell at anyone for no reason. Needs to retire and get her nose looked at, it turns purple when she gets mad."
Sue  Casper,Onondaga Community College,Physical Education department, Syracuse, NY,7,1.5,N/A,3.8,Skip class? You won\'t pass. (1)  Tough Grader (1)  Participation matters (1),8,01/26/2009,PHY113,1.0,5.0,N/A,N/A,N/A,N/A,,0,0,Worst Phys ed professor to have. She can\'t teach well. Gives students a hard time if they are having trouble.
