professor_name,school_name,department_name,local_name,state_name,year_since_first_review,star_rating,take_again,diff_index,tag_professor,num_student,post_date,name_onlines,student_star,student_difficult,attence,for_credits,would_take_agains,grades,stu_tags,help_useful,help_not_useful,comments
James  Smith,University of Colorado Denver,Economics department, Denver, CO,5,4.4,N/A,3.6,Respected (1)  Inspirational (1)  Hilarious (1),8,12/08/2014,ECON3801,5.0,4.0,Mandatory,Yes,N/A,Not,HILARIOUS  RESPECTED  INSPIRATIONAL,1,0,"Professor Smith is the best teacher I have ever had. He will always help you out, a genuinely cares for his students. He inspires students to become better and follow their dreams."
James  Smith,University of Colorado Denver,Economics department, Denver, CO,5,4.4,N/A,3.6,Respected (1)  Inspirational (1)  Hilarious (1),8,06/27/2014,ECON3801,5.0,5.0,Not Mandatory,N/A,N/A,A+,,1,0,Dr. Smith is a fantastic professor. He wants you to be a learned scholar in all facets not just econ. I didn\'t open the book once because he teaches so differently from it. Go to class and listen when he says to form a study group. The homework is hard at first but prepares you very well. Don\'t do anything last minute and you\'ll be fine.
James  Smith,University of Colorado Denver,Economics department, Denver, CO,5,4.4,N/A,3.6,Respected (1)  Inspirational (1)  Hilarious (1),8,11/03/2013,ECON3801,4.5,3.0,N/A,N/A,N/A,N/A,,1,0,"Great professor. Sometimes I think he\'s too smart for his own good. He is one of the most brilliant professors I\'ve had at UCD. I\'m an Econ minor and love the whole dept. He cares a lot about his students. The only odd parts are his methods of keeping student\'s focus. I highly recommend him, but take at least a low level calc class first."
James  Smith,University of Colorado Denver,Economics department, Denver, CO,5,4.4,N/A,3.6,Respected (1)  Inspirational (1)  Hilarious (1),8,05/24/2013,ECON3081,4.0,2.0,N/A,N/A,N/A,N/A,,1,0,"Smith is a great professor! He actually takes time to explain concepts and makes sure he answers questions. The tests aren\'t terrible as long as you study a little. Sure, he gets off topic quite a bit but it keeps the class entertaining. Highly recommended!"
James  Smith,University of Colorado Denver,Economics department, Denver, CO,5,4.4,N/A,3.6,Respected (1)  Inspirational (1)  Hilarious (1),8,03/22/2013,ECON3801,4.5,3.0,N/A,N/A,N/A,N/A,,1,0,Dr. Smith doesn\'t try to trick you. He is very straight forward about what he expects you to know and helps you to understand what is fundamental. He makes the information easy. I wish I could have him as a math professor for all my math courses.
James  Smith,University of Colorado Denver,Economics department, Denver, CO,5,4.4,N/A,3.6,Respected (1)  Inspirational (1)  Hilarious (1),8,05/08/2012,ECON3801,5.0,4.0,N/A,N/A,N/A,N/A,,1,0,"One of the best professors I have ever had. Very inspiring. Taught math econ in a way that I will never forget it. Great class, wonderful person, pretty darn funny too."
James  Smith,University of Colorado Denver,Economics department, Denver, CO,5,4.4,N/A,3.6,Respected (1)  Inspirational (1)  Hilarious (1),8,01/15/2012,ECON3801,2.0,5.0,N/A,N/A,N/A,N/A,,0,6,"I would not recommend this professor. It is very hard to learn from him because he is constantly going off on tangents. He also spends most of the class talking about different schools, not about economics. I had to teach most of the material to myself and I worked my butt off and had an A all semester and then ended up with an A- Very disappointed"
James  Smith,University of Colorado Denver,Economics department, Denver, CO,5,4.4,N/A,3.6,Respected (1)  Inspirational (1)  Hilarious (1),8,04/13/2009,ECON3801,5.0,3.0,N/A,N/A,N/A,N/A,,2,0,"Great Math Economics teacher, really makes Calculus very clear and the class is pretty easy too."
