professor_name,school_name,department_name,local_name,state_name,year_since_first_review,star_rating,take_again,diff_index,tag_professor,num_student,post_date,name_onlines,student_star,student_difficult,attence,for_credits,would_take_agains,grades,stu_tags,help_useful,help_not_useful,comments
Pascale  Vassy,City College of New York,French department, New York, NY,4,4.4,N/A,2.7,,6,07/03/2013,FREN122,5.0,2.0,N/A,N/A,N/A,N/A,,0,0,"Best French teacher at City College. She is incredibly dedicated in helping her students. Plus, she makes learning French grammar fun!"
Pascale  Vassy,City College of New York,French department, New York, NY,4,4.4,N/A,2.7,,6,01/24/2011,FREN121,4.0,3.0,N/A,N/A,N/A,N/A,,0,0,Dedicated to teaching her students. She WILL get you to participate. There is NO being quiet in her class! The textbook and workbook are major parts of the course. The tests are just like to reviews so study those and you shall receive a good grade.
Pascale  Vassy,City College of New York,French department, New York, NY,4,4.4,N/A,2.7,,6,12/30/2010,FREN121,5.0,2.0,N/A,N/A,N/A,N/A,,0,0,"This lady is by far hands down one of the better Prof. I have had at City College! I took during the Fall 2008 semester, and can actually say that I learned something. I plan on continuing French through self-study now. Great Professor!"
Pascale  Vassy,City College of New York,French department, New York, NY,4,4.4,N/A,2.7,,6,08/09/2010,FREN122,3.5,5.0,N/A,N/A,N/A,N/A,,0,0,she is a really good teacher and she really does care about students learning .... she moves very very fast ... I\'m not a native speaker so it was hard for me through out the whole semester BUT she passed me she gives alot of reading and papers so if u do poorly on test you can gain extra points through papers and DONT be late she hates that i took
Pascale  Vassy,City College of New York,French department, New York, NY,4,4.4,N/A,2.7,,6,05/04/2009,FREN121,4.0,1.0,N/A,N/A,N/A,N/A,,0,0,"has a ""french"" attitude yet not as bad as many of the other teachers...class is not bad she helps out and if you do your work you\'ll be fine =]"
Pascale  Vassy,City College of New York,French department, New York, NY,4,4.4,N/A,2.7,,6,01/26/2009,FREN121,5.0,3.0,N/A,N/A,N/A,N/A,,0,0,Awesome Professor. She is very french and flamboyant. But she gets to know her students very well and truly teaches teach the language. Her class is a tough class because she doesn\'t take laziness or lack of trying. She really believes her students can do well. She gives quite a few exams but if you attend class you\'ll do fine. Fun oral exam.
