professor_name,school_name,department_name,local_name,state_name,year_since_first_review,star_rating,take_again,diff_index,tag_professor,num_student,post_date,name_onlines,student_star,student_difficult,attence,for_credits,would_take_agains,grades,stu_tags,help_useful,help_not_useful,comments
Katyna  Lavery,The Art Institute of Pittsburgh (All),Fine Arts department, Pittsburgh, PA,4,3.0,N/A,4.0,,4,04/29/2013,PH101,5.0,3.0,N/A,N/A,N/A,N/A,,0,0,Katyna is an extremely dedicated instructor who always goes above and beyond for students who are dedicated to becoming successful photographers. The other lazy students who want the shortcut to success will complain and fail in the industry.
Katyna  Lavery,The Art Institute of Pittsburgh (All),Fine Arts department, Pittsburgh, PA,4,3.0,N/A,4.0,,4,01/07/2013,PHJA,1.0,4.0,N/A,N/A,N/A,N/A,,0,0,Get ready to never use the syllabus and be taken off topic every 5 minutes.
Katyna  Lavery,The Art Institute of Pittsburgh (All),Fine Arts department, Pittsburgh, PA,4,3.0,N/A,4.0,,4,12/22/2011,PH101,5.0,4.0,N/A,N/A,N/A,N/A,,0,0,best teacher ever!!!!
Katyna  Lavery,The Art Institute of Pittsburgh (All),Fine Arts department, Pittsburgh, PA,4,3.0,N/A,4.0,,4,01/27/2009,PH120,1.0,5.0,N/A,N/A,N/A,N/A,,0,0,No Comments
