professor_name,school_name,department_name,local_name,state_name,year_since_first_review,star_rating,take_again,diff_index,tag_professor,num_student,post_date,name_onlines,student_star,student_difficult,attence,for_credits,would_take_agains,grades,stu_tags,help_useful,help_not_useful,comments
Brian  Ray,Towson University,Mathematics department, Towson, MD,8,4.5,N/A,2.4,Skip class? You won\'t pass. (4)  Respected (3)  Gives good feedback (2)  Amazing lectures (2)  Tough Grader (1)  Inspirational (1)  Participation matters (1)  ACCESSIBLE OUTSIDE CLASS (1)  Caring (1),11,05/05/2017,MATH211,5.0,3.0,Mandatory,Yes,Yes,A-,CARING  ACCESSIBLE OUTSIDE CLASS  SKIP CLASS? YOU WON\'T PASS.,0,0,This professor is amazing. He puts the notes for class online (you have to print them out though) so you can follow along and fill them in as he does on the board. He is a very interactive professor and always makes sure that you are understanding. GO TO OFFICE HOURS!!! He is very helpful one on one and will make you feel more confident in yourself
Brian  Ray,Towson University,Mathematics department, Towson, MD,8,4.5,N/A,2.4,Skip class? You won\'t pass. (4)  Respected (3)  Gives good feedback (2)  Amazing lectures (2)  Tough Grader (1)  Inspirational (1)  Participation matters (1)  ACCESSIBLE OUTSIDE CLASS (1)  Caring (1),11,12/03/2015,MATH111,4.5,3.0,Mandatory,Yes,N/A,B-,RESPECTED  INSPIRATIONAL  GIVES GOOD FEEDBACK,0,0,"Greatest math teacher that I have ever had. Easy to understand, gives a great review sheet for exams. Attendance is required but if you miss a class you will miss a lot of information. I highly recommend this professor, he\'s very inspiring."
Brian  Ray,Towson University,Mathematics department, Towson, MD,8,4.5,N/A,2.4,Skip class? You won\'t pass. (4)  Respected (3)  Gives good feedback (2)  Amazing lectures (2)  Tough Grader (1)  Inspirational (1)  Participation matters (1)  ACCESSIBLE OUTSIDE CLASS (1)  Caring (1),11,11/30/2015,MATH211,4.5,2.0,Mandatory,Yes,Yes,B+,RESPECTED  SKIP CLASS? YOU WON\'T PASS.,0,0,"Great professor! I HATE math, but he made it so understandable and I found myself actually looking forward to his class. He assigns hw for practice, but doesn\'t grade it. The hw is VERY similar to the tests though, so make sure you do it! He\'s truly passionate about math, but understands that not everyone loves it as much as he does. Take him!"
Brian  Ray,Towson University,Mathematics department, Towson, MD,8,4.5,N/A,2.4,Skip class? You won\'t pass. (4)  Respected (3)  Gives good feedback (2)  Amazing lectures (2)  Tough Grader (1)  Inspirational (1)  Participation matters (1)  ACCESSIBLE OUTSIDE CLASS (1)  Caring (1),11,05/19/2015,MATH211,3.5,2.0,Mandatory,Yes,N/A,B+,TOUGH GRADER  RESPECTED  GIVES GOOD FEEDBACK,0,0,"Professor Ray is great! He\'s truly passionate about math. I LOVED his class, he made 75 minutes fly by(although I usually hate math). Only issue is that he sometimes moved too fast, but overall he was very clear and helpful. Doesn\'t just want his students to memorize steps but to understand the material. Gives credit where it\'s deserved."
Brian  Ray,Towson University,Mathematics department, Towson, MD,8,4.5,N/A,2.4,Skip class? You won\'t pass. (4)  Respected (3)  Gives good feedback (2)  Amazing lectures (2)  Tough Grader (1)  Inspirational (1)  Participation matters (1)  ACCESSIBLE OUTSIDE CLASS (1)  Caring (1),11,04/22/2015,MATH211,5.0,2.0,N/A,Yes,N/A,N/A,PARTICIPATION MATTERS  AMAZING LECTURES  SKIP CLASS? YOU WON\'T PASS.,0,0,"Brian Ray is hands down the most professional, most caring, and overall best professor for any class I have ever had. Calculus has proven to be an intensely difficult course, but he makes it manageable. he gives out note packets that you do, in full, in class and the tests are exactly like to them, and the optional homework. Take him."
Brian  Ray,Towson University,Mathematics department, Towson, MD,8,4.5,N/A,2.4,Skip class? You won\'t pass. (4)  Respected (3)  Gives good feedback (2)  Amazing lectures (2)  Tough Grader (1)  Inspirational (1)  Participation matters (1)  ACCESSIBLE OUTSIDE CLASS (1)  Caring (1),11,02/19/2015,MATH211,5.0,3.0,Mandatory,Yes,Yes,A,AMAZING LECTURES  SKIP CLASS? YOU WON\'T PASS.,2,0,"If you have to take Calculus as a Business school major, TAKE WITH THIS PROFESSOR. He reviews all of the basic algebra you need to know. Explains everything step-by-step. Supplements lectures with detailed worksheets. You can use homework sheets on quizzes. Tests are exactly as he prepares you for. Partial credit counts! Go to class and pass!"
Brian  Ray,Towson University,Mathematics department, Towson, MD,8,4.5,N/A,2.4,Skip class? You won\'t pass. (4)  Respected (3)  Gives good feedback (2)  Amazing lectures (2)  Tough Grader (1)  Inspirational (1)  Participation matters (1)  ACCESSIBLE OUTSIDE CLASS (1)  Caring (1),11,11/22/2013,MATH111,5.0,1.0,Mandatory,N/A,N/A,A+,,1,0,"IF YOU MUST TAKE A MATH FOR YOUR CORE, TAKE BRIAN RAY. an amazing teacher, tests are set up so you can choose problems you know how to do, and can skip ones you dont. requires you to do homework, grades on accuracy. Tests mirror homework, so as long as you do homework you don\'t have to study, but still has study guides everything is explained well"
Brian  Ray,Towson University,Mathematics department, Towson, MD,8,4.5,N/A,2.4,Skip class? You won\'t pass. (4)  Respected (3)  Gives good feedback (2)  Amazing lectures (2)  Tough Grader (1)  Inspirational (1)  Participation matters (1)  ACCESSIBLE OUTSIDE CLASS (1)  Caring (1),11,11/16/2011,AAB006,1.5,4.0,N/A,N/A,N/A,N/A,,0,2,Mr. Ray is incompetent when it comes to making tests. One problem winds up being 20 points which if you get wrong will bring down your grade on that test dramatically. Talks to you like your a 5 year old. The class is very easy but the way he makes his tests are so hard that its not even worth taking.
Brian  Ray,Towson University,Mathematics department, Towson, MD,8,4.5,N/A,2.4,Skip class? You won\'t pass. (4)  Respected (3)  Gives good feedback (2)  Amazing lectures (2)  Tough Grader (1)  Inspirational (1)  Participation matters (1)  ACCESSIBLE OUTSIDE CLASS (1)  Caring (1),11,06/05/2011,MATH115,4.5,2.0,N/A,N/A,N/A,N/A,,0,0,"Mr. Ray is sooo nice. He will explain things over to you if you are bad at math, such as myself. Gives out lots of hw for extra points and practice. Must come to class if you do not already know this stuff."
Brian  Ray,Towson University,Mathematics department, Towson, MD,8,4.5,N/A,2.4,Skip class? You won\'t pass. (4)  Respected (3)  Gives good feedback (2)  Amazing lectures (2)  Tough Grader (1)  Inspirational (1)  Participation matters (1)  ACCESSIBLE OUTSIDE CLASS (1)  Caring (1),11,05/24/2011,MATH105,5.0,3.0,N/A,N/A,N/A,N/A,,0,0,Brian is the man. If you need a math gened then take this class. Not only is the class material easy its practical. You will learn useful information and it\'s all very straight forward. Brian is clear cut in what he expects and the way he teaches. He teaches math the way it should be taught. Very nice guy and should take this class.
Brian  Ray,Towson University,Mathematics department, Towson, MD,8,4.5,N/A,2.4,Skip class? You won\'t pass. (4)  Respected (3)  Gives good feedback (2)  Amazing lectures (2)  Tough Grader (1)  Inspirational (1)  Participation matters (1)  ACCESSIBLE OUTSIDE CLASS (1)  Caring (1),11,08/25/2009,MATH111,5.0,1.0,N/A,N/A,N/A,N/A,,1,0,"Cool dude, i don\'t know if he still teaches at Towson, very clear going over the information, great teacher, teaches the material, makes it easy for everyone to understand and wants everyone to do well"
