professor_name,school_name,department_name,local_name,state_name,year_since_first_review,star_rating,take_again,diff_index,tag_professor,num_student,post_date,name_onlines,student_star,student_difficult,attence,for_credits,would_take_agains,grades,stu_tags,help_useful,help_not_useful,comments
Rochelle  Garson,Fashion Institute of Technology,Marketing department, New York, NY,2,4.9,N/A,1.5,,8,10/11/2011,PARFA,5.0,1.0,N/A,N/A,N/A,N/A,,0,0,I have had this prof at Parsons for multiple semesters. She is one of the most amazing lecturers ever. She is so interesting and current - she will wow you with her class and you will learn so much useful stuff. The work load is a group thing. She definately made a diffence - one of the best professors I ever had - here or Spain!!
Rochelle  Garson,Fashion Institute of Technology,Marketing department, New York, NY,2,4.9,N/A,1.5,,8,01/05/2011,MK351,5.0,1.0,N/A,N/A,N/A,N/A,,0,0,"Amazing Professor! She is really cool, funky and interesting! she always brings in fun ads to share with the class! really up to date with whats going on in the fashion world! you gatta take her classes! great dresser too! your ganna want to come to class just to see what shes ganna wear! I know she usually teaches ecommerce and market research."
Rochelle  Garson,Fashion Institute of Technology,Marketing department, New York, NY,2,4.9,N/A,1.5,,8,01/05/2011,MKT351,5.0,2.0,N/A,N/A,N/A,N/A,,0,0,"Hugely interesting class, very interactive class, great new learning, never boring."
Rochelle  Garson,Fashion Institute of Technology,Marketing department, New York, NY,2,4.9,N/A,1.5,,8,05/18/2010,FM117,4.5,2.0,N/A,N/A,N/A,N/A,,0,0,Amazingggg professor!!!! You better jump at the chance to take a class with her! TRUST ME it\'ll be the best time you\'ve ever had in class!!!!!
Rochelle  Garson,Fashion Institute of Technology,Marketing department, New York, NY,2,4.9,N/A,1.5,,8,04/28/2010,FM117,5.0,1.0,N/A,N/A,N/A,N/A,,0,0,She likes to bring interesting materials to class and talk about it. Stylish and funny. She is savvy about marketing and advertising. It was interesting to listen to her analysis of buying.
Rochelle  Garson,Fashion Institute of Technology,Marketing department, New York, NY,2,4.9,N/A,1.5,,8,11/27/2009,FMM117,5.0,3.0,N/A,N/A,N/A,N/A,,0,0,"great energy, interesting, fun class"
Rochelle  Garson,Fashion Institute of Technology,Marketing department, New York, NY,2,4.9,N/A,1.5,,8,05/18/2009,MK301,5.0,1.0,N/A,N/A,N/A,N/A,,0,0,"TAKE THIS CLASS.. shes awesome .. young, stylish and down to earth my partner screwed me with my project.. i did like 90% myself i called her and she totally understood and was so nice about it all u have to do is the work she asks u to do which isnt a lot .. TAKE HER I PROMISE YOULL B GLAD U DID!"
Rochelle  Garson,Fashion Institute of Technology,Marketing department, New York, NY,2,4.9,N/A,1.5,,8,05/11/2009,MK351,4.5,1.0,N/A,N/A,N/A,N/A,,0,0,She is absolutely histerical. I had her for a 6:30pm class and didn\'t even mind going. She makes the whole class crack up. Light workload but you definitely understand the material taught. shes a little wacky but great personality-LOVED her!
