professor_name,school_name,department_name,local_name,state_name,year_since_first_review,star_rating,take_again,diff_index,tag_professor,num_student,post_date,name_onlines,student_star,student_difficult,attence,for_credits,would_take_agains,grades,stu_tags,help_useful,help_not_useful,comments
Pierre  Hadaya,Universite du Quebec a Montreal,Computer Science department, Montreal, QC,8,4.4,N/A,2.0,ACCESSIBLE OUTSIDE CLASS (1)  Skip class? You won\'t pass. (1)  Gives good feedback (1),8,12/21/2017,MET4902,5.0,3.0,N/A,Yes,Yes,B,,0,0,"Prof complètement fou, mais vraiment passionnant. Aime ses sincèrement ses étudiants . Si tous mes prof pouvaient être comme lui!"
Pierre  Hadaya,Universite du Quebec a Montreal,Computer Science department, Montreal, QC,8,4.4,N/A,2.0,ACCESSIBLE OUTSIDE CLASS (1)  Skip class? You won\'t pass. (1)  Gives good feedback (1),8,01/11/2017,MET4902,5.0,3.0,Mandatory,Yes,Yes,A,GIVES GOOD FEEDBACK  SKIP CLASS? YOU WON\'T PASS.  ACCESSIBLE OUTSIDE CLASS,0,1,"Great teacher, great class. Attendance is a must."
Pierre  Hadaya,Universite du Quebec a Montreal,Computer Science department, Montreal, QC,8,4.4,N/A,2.0,ACCESSIBLE OUTSIDE CLASS (1)  Skip class? You won\'t pass. (1)  Gives good feedback (1),8,12/17/2016,MET4902,4.0,3.0,N/A,Yes,Yes,N/A,,0,0,"Very funny and entertaining teacher. He has a lot of experience and funny anecdotes he\'ll tell you about during class. The class itself is interesting, but I feel he does a poor job preparing you for the final exam (that is really hard). Other than that, you can finish with a decent grade if you score well on the other projects."
Pierre  Hadaya,Universite du Quebec a Montreal,Computer Science department, Montreal, QC,8,4.4,N/A,2.0,ACCESSIBLE OUTSIDE CLASS (1)  Skip class? You won\'t pass. (1)  Gives good feedback (1),8,10/23/2013,MET8355,4.5,3.0,N/A,N/A,N/A,N/A,,2,0,"Excellent orateur, il est impossible de s\'endormir dans ses cours. Ce prof, est super dynamique. Soyez pr\xc3\xaats \xc3\xa0 vous le faire dire, si vous n\'avez pas la bonne r\xc3\xa9ponse ou bien r\xc3\xa9pondu \xc3\xa0 la question par un autre chemin...Takatakkk"
Pierre  Hadaya,Universite du Quebec a Montreal,Computer Science department, Montreal, QC,8,4.4,N/A,2.0,ACCESSIBLE OUTSIDE CLASS (1)  Skip class? You won\'t pass. (1)  Gives good feedback (1),8,08/04/2010,MET4901,4.5,1.0,N/A,N/A,N/A,N/A,,2,0,"C\'est le deuxi\xc3\xa8me meilleur prof que j\'ai eu depuis que suis \xc3\xa0 l\'UQAM. P\xc3\xa9dagogiquement il est bon, maitrise bien la mati\xc3\xa8re. Soucieux de la r\xc3\xa9ussite des \xc3\xa9tudiants. A l\'entendre parler, on dirait qu\'on va couler les examens. C\'est sa fa\xc3\xa7on de stimuler les \xc3\xa9tudiants. Je vous le recommande fortement."
Pierre  Hadaya,Universite du Quebec a Montreal,Computer Science department, Montreal, QC,8,4.4,N/A,2.0,ACCESSIBLE OUTSIDE CLASS (1)  Skip class? You won\'t pass. (1)  Gives good feedback (1),8,09/07/2009,MET4901,5.0,1.0,N/A,N/A,N/A,N/A,,0,0,bon prof
Pierre  Hadaya,Universite du Quebec a Montreal,Computer Science department, Montreal, QC,8,4.4,N/A,2.0,ACCESSIBLE OUTSIDE CLASS (1)  Skip class? You won\'t pass. (1)  Gives good feedback (1),8,03/02/2009,MET4901,3.0,1.0,N/A,N/A,N/A,N/A,,0,0,Class ok
Pierre  Hadaya,Universite du Quebec a Montreal,Computer Science department, Montreal, QC,8,4.4,N/A,2.0,ACCESSIBLE OUTSIDE CLASS (1)  Skip class? You won\'t pass. (1)  Gives good feedback (1),8,01/26/2009,MET4901,4.5,1.0,N/A,N/A,N/A,N/A,,0,0,No Comments
