professor_name,school_name,department_name,local_name,state_name,year_since_first_review,star_rating,take_again,diff_index,tag_professor,num_student,post_date,name_onlines,student_star,student_difficult,attence,for_credits,would_take_agains,grades,stu_tags,help_useful,help_not_useful,comments
Sharon  Hobenshield,University of Victoria,Social Work department, Victoria, BC,5,3.4,N/A,2.3,Participation matters (1),4,12/16/2014,SOCW354,4.0,2.0,N/A,Yes,N/A,N/A,PARTICIPATION MATTERS,0,0,"Sharon, like many of her students, is also pursuing a post-graduate degree. She acknowledges and respects that most of her students are working and studying and caring for family. The course syllabus is demanding, but she did what she could to accommodate student needs. She encouraged students to set high standards for themselves."
Sharon  Hobenshield,University of Victoria,Social Work department, Victoria, BC,5,3.4,N/A,2.3,Participation matters (1),4,03/20/2011,SOCW354,3.0,2.0,N/A,N/A,N/A,N/A,,0,0,"Hands-off, only seemed concerned with marking. If you don\'t get a good group, you\'ll be on your own!"
Sharon  Hobenshield,University of Victoria,Social Work department, Victoria, BC,5,3.4,N/A,2.3,Participation matters (1),4,04/04/2010,SOCW354,2.0,3.0,N/A,N/A,N/A,N/A,,0,0,"Sharon wasn\'t too bad, very hands off and not too engaging in discussions. It\'s hard to follow what she expects from the class or from individuals. I don\'t think she understands that we can\'t put 150% in one course, it\'s hard to balance her expectations with other courses."
Sharon  Hobenshield,University of Victoria,Social Work department, Victoria, BC,5,3.4,N/A,2.3,Participation matters (1),4,01/27/2009,SOCW354,4.5,2.0,N/A,N/A,N/A,N/A,,0,0,"Sharon is incredibly hands off. This was a group learning process; if you get a good group, you\'ll enjoy the class. I really enjoyed the class, the materials, and Sharon\'s patience pedagogy."
