professor_name,school_name,department_name,local_name,state_name,year_since_first_review,star_rating,take_again,diff_index,tag_professor,num_student,post_date,name_onlines,student_star,student_difficult,attence,for_credits,would_take_agains,grades,stu_tags,help_useful,help_not_useful,comments
KE  Huang,Temple University,Statistics department, Philadelphia, PA,3,1.9,N/A,3.6,,7,05/07/2012,STAT1102,3.5,4.0,N/A,N/A,N/A,N/A,,0,0,Pretty difficult class. I struggled with a lot of the material. Finally went to her office hours and she really made an attempt to help me understand some of the material.
KE  Huang,Temple University,Statistics department, Philadelphia, PA,3,1.9,N/A,3.6,,7,01/30/2011,STAT1102,2.0,2.0,N/A,N/A,N/A,N/A,,0,0,"i had huang last semester, and it was definitely difficult to understand her lectures due to her heaving accent. however, she does curve your grade generously at the end. i missed one out of the three exams (worth a great deal of points) and didn\'t do so well on the online quizzes and tests, yet surprisingly, i still manage to pass the class."
KE  Huang,Temple University,Statistics department, Philadelphia, PA,3,1.9,N/A,3.6,,7,01/06/2011,CALC1102,1.5,5.0,N/A,N/A,N/A,N/A,,0,0,"Ke huang is undoubtedly intelligent, but she lacks passion to teach her students. She lacks the undying need to help her students succeed. My only word of advice is to run...seriously! She\'s very difficult to understand, and honestly makes her students feel dumb for asking qustions."
KE  Huang,Temple University,Statistics department, Philadelphia, PA,3,1.9,N/A,3.6,,7,12/21/2010,STAT1102,1.0,4.0,N/A,N/A,N/A,N/A,,0,0,She is very hard to understand. She is probably very smart but just simply cannot relay the material to her students in a way they can understand or let alone comprehend. Her tests are hard and not anything like what she tells you will be on the test. Would not take her if you get easily frustrated because she is not very willing to help explain.
KE  Huang,Temple University,Statistics department, Philadelphia, PA,3,1.9,N/A,3.6,,7,10/29/2010,STAT1102,1.0,4.0,N/A,N/A,N/A,N/A,,0,0,"I cannot understand a word this professor says, and when you ask a question she gets very frustrated when she is unable to communicate what she means. Practice for test is a lot easier than actual test. Somehow managed to get an A. She seems like a smart woman, but her inability to speak English well creates many problems."
KE  Huang,Temple University,Statistics department, Philadelphia, PA,3,1.9,N/A,3.6,,7,04/14/2010,STAT1001,2.0,3.0,N/A,N/A,N/A,N/A,,0,0,"I truly believe if her English skills were good enough she\'d be a better teacher, but unfortunately half the time her words are not coming out clear enough for you to hear. So basically, if you\'re bad at math and you need teacher assistance she would not be the teacher to take."
KE  Huang,Temple University,Statistics department, Philadelphia, PA,3,1.9,N/A,3.6,,7,01/27/2009,STAT2103,2.5,3.0,N/A,N/A,N/A,N/A,,0,0,"taking business stat now, will definitely update ASAP. so far, she is hard to understand and handwriting is hard to comprehend"
