professor_name,school_name,department_name,local_name,state_name,year_since_first_review,star_rating,take_again,diff_index,tag_professor,num_student,post_date,name_onlines,student_star,student_difficult,attence,for_credits,would_take_agains,grades,stu_tags,help_useful,help_not_useful,comments
Loro  Kujjo,Lansing Community College,Biology department, Lansing, MI,3,1.9,N/A,4.5,,4,04/13/2012,BIO202,4.0,3.0,N/A,N/A,N/A,N/A,,0,0,"Awesome Class, Great Prof!"
Loro  Kujjo,Lansing Community College,Biology department, Lansing, MI,3,1.9,N/A,4.5,,4,05/26/2009,BIOL202,1.0,5.0,N/A,N/A,N/A,N/A,,0,0,"At least half of the class dropped out, reads direct from powerpoints, does not answer questions when asked, does not hold active conversations regarding topics, heavy accent, some information is taught incorrectly then corrected later."
Loro  Kujjo,Lansing Community College,Biology department, Lansing, MI,3,1.9,N/A,4.5,,4,05/26/2009,BIOL202,1.0,5.0,N/A,N/A,N/A,N/A,,0,0,No Comments
Loro  Kujjo,Lansing Community College,Biology department, Lansing, MI,3,1.9,N/A,4.5,,4,01/27/2009,BIOL202,1.5,5.0,N/A,N/A,N/A,N/A,,0,0,"Difficult to understand, avoids answering questions, does not listen to students, lack of direction in lab setting, reads word-for-word from the course Powerpoints in lectures, and students basically teach themselves. Extremely difficult for all students, requires significant time with tutors to complete work."
