professor_name,school_name,department_name,local_name,state_name,year_since_first_review,star_rating,take_again,diff_index,tag_professor,num_student,post_date,name_onlines,student_star,student_difficult,attence,for_credits,would_take_agains,grades,stu_tags,help_useful,help_not_useful,comments
Angela  Ginorio,University of Washington,Women\'s Studies department, Seattle, WA,8,2.3,N/A,3.1,Caring (1)  Get ready to read (1)  Participation matters (1),11,06/09/2017,GWSS427,4.0,4.0,N/A,Yes,Yes,N/A,PARTICIPATION MATTERS  GET READY TO READ  CARING,0,0,"Because of the reviews that were already given, I went into this class last quarter ready to switch out. But from the 1st class, I knew that I wanted to keep taking the course. Angela is an amazingly caring instructor who goes out of her way to provide accommodations for her students. And the class itself is very interesting, definitely take it!"
Angela  Ginorio,University of Washington,Women\'s Studies department, Seattle, WA,8,2.3,N/A,3.1,Caring (1)  Get ready to read (1)  Participation matters (1),11,06/12/2012,GWSS427,1.0,2.0,N/A,N/A,N/A,N/A,,0,0,"Interesting course description led me to take the class, but I was disappointed by the instruction. Very disorganized, and not clear at all about class expectations. Could have been such a great class, but instead was my lowest priority for the quarter."
Angela  Ginorio,University of Washington,Women\'s Studies department, Seattle, WA,8,2.3,N/A,3.1,Caring (1)  Get ready to read (1)  Participation matters (1),11,03/22/2012,GWSS200,1.5,2.0,N/A,N/A,N/A,N/A,,0,0,"She is a nice person, but extremely disorganized. I would highly recommend GWSS 200 but NOT from her. I failed the midterm due to a miscommunication on which readings to write on."
Angela  Ginorio,University of Washington,Women\'s Studies department, Seattle, WA,8,2.3,N/A,3.1,Caring (1)  Get ready to read (1)  Participation matters (1),11,12/06/2011,GWSS428,2.0,3.0,N/A,N/A,N/A,N/A,,0,0,"She is a nice person but that\'s completely irrelevant if you want to get a good grade or learn anything. She\'s unorganized, unhelpful, talks in circles but never actually explains anything & never replies to emails in a timely manner. There\'s no concrete grading system she uses, just on how much she likes you. DON\'T TAKE HER IF U HAVE A CHOICE!!!!!"
Angela  Ginorio,University of Washington,Women\'s Studies department, Seattle, WA,8,2.3,N/A,3.1,Caring (1)  Get ready to read (1)  Participation matters (1),11,12/06/2011,GWSS428,1.5,4.0,N/A,N/A,N/A,N/A,,0,0,"Professor is absolutely disorganized, unprepared and unclear. I am a GWSS major, clearly I have an interest inthe subject, but she turned a class that had such potential into an absolute waste of time. She has no tangible grading policies so it all comes down to favoritism and if you ever have an issue, she just gets defensive and refuses to help."
Angela  Ginorio,University of Washington,Women\'s Studies department, Seattle, WA,8,2.3,N/A,3.1,Caring (1)  Get ready to read (1)  Participation matters (1),11,05/06/2011,WOMEN200,5.0,2.0,N/A,N/A,N/A,N/A,,0,0,She is simply amazing!
Angela  Ginorio,University of Washington,Women\'s Studies department, Seattle, WA,8,2.3,N/A,3.1,Caring (1)  Get ready to read (1)  Participation matters (1),11,01/14/2011,WOMEN200,1.5,3.0,N/A,N/A,N/A,N/A,,0,0,"I have only just started taking this class and I already loathe it. I am a women\'s studies major, but she is hard to understand and disorganized. The class is total joke as we never talk about the readings and she spends most of the time trying to make technology work."
Angela  Ginorio,University of Washington,Women\'s Studies department, Seattle, WA,8,2.3,N/A,3.1,Caring (1)  Get ready to read (1)  Participation matters (1),11,05/24/2010,WMNS200,1.5,3.0,N/A,N/A,N/A,N/A,,0,0,One of the worst classes I have ever taken. Her discussions were free form.She is unorganized. She is unable to communicate clear instructions. Her midterms had too many questions w/out enough time to complete the test. Take another class from a more experienced prof!
Angela  Ginorio,University of Washington,Women\'s Studies department, Seattle, WA,8,2.3,N/A,3.1,Caring (1)  Get ready to read (1)  Participation matters (1),11,05/14/2010,WOMEN200,1.0,2.0,N/A,N/A,N/A,N/A,,0,0,Literally the worst professor I\'ve ever had. I knew I should have dropped when it took her 30 minutes to take roll the first day. She assigns a****load of different work but is extremely unorganized and doesn\'t seem to understand her own expectations.
Angela  Ginorio,University of Washington,Women\'s Studies department, Seattle, WA,8,2.3,N/A,3.1,Caring (1)  Get ready to read (1)  Participation matters (1),11,08/08/2009,WS427,5.0,5.0,N/A,N/A,N/A,N/A,,0,1,"The class was intense, very discussion oriented as well as writing. But the teacher is increadible, very helpful and approachable."
Angela  Ginorio,University of Washington,Women\'s Studies department, Seattle, WA,8,2.3,N/A,3.1,Caring (1)  Get ready to read (1)  Participation matters (1),11,01/28/2009,WOMEN428,1.5,4.0,N/A,N/A,N/A,N/A,,0,0,"This is the worst class I have ever taken.It is a ""discussion"" class, so every day we have to sit in a circle.The syllabus is really hard to understand I and had to keep emailing her to clarify what she meant. Yesterday she actually pulled out a nail file and used it while a student was talking.No lie.If you value your time, do not take this class."
