professor_name,school_name,department_name,local_name,state_name,year_since_first_review,star_rating,take_again,diff_index,tag_professor,num_student,post_date,name_onlines,student_star,student_difficult,attence,for_credits,would_take_agains,grades,stu_tags,help_useful,help_not_useful,comments
Stefan  Kolb,San Diego State University,Mathematics department, San Diego, CA,0,3.5,N/A,3.2,,5,07/28/2009,MATH141,4.5,2.0,N/A,N/A,N/A,N/A,,0,0,Very helpful professor. The classroom time was well oranized and with his help I got a good grade even I don\'t like Math very much.
Stefan  Kolb,San Diego State University,Mathematics department, San Diego, CA,0,3.5,N/A,3.2,,5,05/28/2009,MATH141,2.5,5.0,N/A,N/A,N/A,N/A,,0,0,If you don\'t mind being lost all the time take this class. The instructor really tried but what he taught and what was on the test was VERY different. Also gave us study material for final which ended up being entirely different. I feel like I wasted my time. If you don\'t have good grasp on the material you will spend hours at the tutor.!
Stefan  Kolb,San Diego State University,Mathematics department, San Diego, CA,0,3.5,N/A,3.2,,5,05/04/2009,MATH141,3.0,5.0,N/A,N/A,N/A,N/A,,0,0,"Not my fav teacher, not sure if it was him or the course but we sped through the material and completed it 1 month of school still left in order to study for the final. Class avg 70, spent most of my time at the tutor relearning all sections, but he did try. Learned more at the tutor than in this class, take at a com college if you can."
Stefan  Kolb,San Diego State University,Mathematics department, San Diego, CA,0,3.5,N/A,3.2,,5,01/28/2009,MATH141,3.0,2.0,N/A,N/A,N/A,N/A,,0,0,"I didn\'t really get him, but he is gorgeous so that\'s why I showed up to class. I don\'t think I actually learned anything though."
Stefan  Kolb,San Diego State University,Mathematics department, San Diego, CA,0,3.5,N/A,3.2,,5,01/26/2009,MATH141,4.5,2.0,N/A,N/A,N/A,N/A,,0,0,"SUPER HOT!!! Hottest German professor ever! Take him, you\'ll love it!"
