professor_name,school_name,department_name,local_name,state_name,year_since_first_review,star_rating,take_again,diff_index,tag_professor,num_student,post_date,name_onlines,student_star,student_difficult,attence,for_credits,would_take_agains,grades,stu_tags,help_useful,help_not_useful,comments
William  Lawson,Binghamton University (SUNY),Music department, Binghamton, NY,3,4.4,N/A,1.9,,7,09/08/2012,MUSP256A,5.0,1.0,N/A,N/A,N/A,N/A,,0,0,"The best teacher on campus. He talks in perfect diction, but he forgets he went over things and repeats himself a lot. But the nicest man ever."
William  Lawson,Binghamton University (SUNY),Music department, Binghamton, NY,3,4.4,N/A,1.9,,7,01/17/2011,MUS215,4.0,1.0,N/A,N/A,N/A,N/A,,1,0,Quite the interesting fellow. Do the assignments and show up to class without an attitude problem and you\'ll be fine. He can get a little annoying sometimes just because people tend to take advantedge of his good nature and walk all over him until he snaps and gets upset. Really nice guy though.
William  Lawson,Binghamton University (SUNY),Music department, Binghamton, NY,3,4.4,N/A,1.9,,7,12/26/2010,MUS115,4.0,2.0,N/A,N/A,N/A,N/A,,0,0,"Fantastic if you\'re motivated and interested, but God help you if you\'re not. Don\'t screw it up...you\'ll miss out on a lot of learning from an extremely knowledgeable and passionate professor (for both Theory I and II)."
William  Lawson,Binghamton University (SUNY),Music department, Binghamton, NY,3,4.4,N/A,1.9,,7,05/23/2009,MUS120,3.5,2.0,N/A,N/A,N/A,N/A,,0,0,"Either an easy A or easy F. So few assignments that if you mess up on one it will terribly hurt your grade. We did 2 homeworks, 2 tests, and the final. If youre a music person and know the material already it is terribly boring. He put people on the spot a lot so you have to know whats going on. Attendance is required, ugh."
William  Lawson,Binghamton University (SUNY),Music department, Binghamton, NY,3,4.4,N/A,1.9,,7,05/05/2009,MUS120,4.0,5.0,N/A,N/A,N/A,N/A,,0,0,"extremely boring! and attendance counts, so your stuck there! otherwise a very easy course"
William  Lawson,Binghamton University (SUNY),Music department, Binghamton, NY,3,4.4,N/A,1.9,,7,03/24/2009,MUS115,5.0,1.0,N/A,N/A,N/A,N/A,,0,0,"Great guy, great teacher, gave out the test questions before the test and only gave a few homework assignments."
William  Lawson,Binghamton University (SUNY),Music department, Binghamton, NY,3,4.4,N/A,1.9,,7,03/23/2009,MUS215,5.0,1.0,N/A,N/A,N/A,N/A,,0,0,Bill Lawson is the law in music!
