professor_name,school_name,department_name,local_name,state_name,year_since_first_review,star_rating,take_again,diff_index,tag_professor,num_student,post_date,name_onlines,student_star,student_difficult,attence,for_credits,would_take_agains,grades,stu_tags,help_useful,help_not_useful,comments
Steven  Antler,Roosevelt University,Economics department, Chicago, IL,2,2.1,N/A,3.9,,11,11/27/2011,ECON403,1.0,5.0,N/A,N/A,N/A,N/A,,0,0,Very inconsistent with syllabus and lecturing. Hard to follow and unhelpful.
Steven  Antler,Roosevelt University,Economics department, Chicago, IL,2,2.1,N/A,3.9,,11,05/28/2011,ECON234,3.0,3.0,N/A,N/A,N/A,N/A,,0,0,"Project guidelines aren\'t clear but have fun with it, it isn\'t too bad. Easy grading, very enthusiastic. If you want to learn a lot, you have to try and teach yourself the concepts. Or, you can leave the class with an A and not understand a thing about Probs and Stats. Antler is a great teacher if you want to learn."
Steven  Antler,Roosevelt University,Economics department, Chicago, IL,2,2.1,N/A,3.9,,11,03/31/2011,ECON234,3.0,2.0,N/A,N/A,N/A,N/A,,0,0,"This class was in a relaxed atmosphere. As long as you read the book, youre fine."
Steven  Antler,Roosevelt University,Economics department, Chicago, IL,2,2.1,N/A,3.9,,11,03/21/2011,ECON463,4.5,1.0,N/A,N/A,N/A,N/A,,0,0,very straightforward. lays out what he\'ll be covering and gives numerous examples mimicking his exam questions. he leaves it up to you to come prepared with questions if you don\'t understand something. i\'d take him again.
Steven  Antler,Roosevelt University,Economics department, Chicago, IL,2,2.1,N/A,3.9,,11,12/14/2010,ECON363,5.0,3.0,N/A,N/A,N/A,N/A,,0,0,Extremely Enthusiastic.
Steven  Antler,Roosevelt University,Economics department, Chicago, IL,2,2.1,N/A,3.9,,11,11/04/2009,ECN463,1.0,5.0,N/A,N/A,N/A,N/A,,0,0,"This is the worst instructor I\'ve ever had. His lectures are very unorganized and he does not explain things very well. I understand the book, which he doesn\'t really use, more so than his lectures and tests."
Steven  Antler,Roosevelt University,Economics department, Chicago, IL,2,2.1,N/A,3.9,,11,11/03/2009,ECON363,1.0,5.0,N/A,N/A,N/A,N/A,,0,0,avoid
Steven  Antler,Roosevelt University,Economics department, Chicago, IL,2,2.1,N/A,3.9,,11,09/22/2009,ECON463,1.0,5.0,N/A,N/A,N/A,N/A,,0,0,Awful teacher! Very unorganized. Has no structure to class. Does not explain material. I have looked to youtube to learn the concepts. After looking on youtube I learned the that material is not very complicated. I would tell you not to take his class but he is the only one that teaches it.
Steven  Antler,Roosevelt University,Economics department, Chicago, IL,2,2.1,N/A,3.9,,11,09/08/2009,ECON410,1.0,5.0,N/A,N/A,N/A,N/A,,0,0,The Worst
Steven  Antler,Roosevelt University,Economics department, Chicago, IL,2,2.1,N/A,3.9,,11,07/15/2009,ECON400,1.0,5.0,N/A,N/A,N/A,N/A,,0,0,AVOID LIKE THE PLAGUE
Steven  Antler,Roosevelt University,Economics department, Chicago, IL,2,2.1,N/A,3.9,,11,07/14/2009,ECON401,1.0,4.0,N/A,N/A,N/A,N/A,,0,0,Doesn\'t teach the material neccessary to pass the class. He is too consumed with Obama.
