professor_name,school_name,department_name,local_name,state_name,year_since_first_review,star_rating,take_again,diff_index,tag_professor,num_student,post_date,name_onlines,student_star,student_difficult,attence,for_credits,would_take_agains,grades,stu_tags,help_useful,help_not_useful,comments
Oliver  Just,SUNY Rockland Community College,Chemistry department, Suffern, NY,1,3.1,N/A,3.5,,6,05/14/2010,CHEM102H,5.0,5.0,N/A,N/A,N/A,N/A,,0,0,"If your an honors student, you have no choice but to take him.DO NOT SLACK OFF IN THIS CLASS, READ AND RE-READ ALL CHAPTERS and know all the equations! Homework and practices are an optional half letter grade increase! Concepts on practices are the same on tests, you get full credit on tests if you work problem correctly but have wrong answer!"
Oliver  Just,SUNY Rockland Community College,Chemistry department, Suffern, NY,1,3.1,N/A,3.5,,6,11/30/2009,CHEM203,3.5,2.0,N/A,N/A,N/A,N/A,,0,0,"Choose him over any other teacher for ORGO. this class is hard but at least it pays off with the grade in the end! Kim will give you a run for your money and an B at best, Just will make you work but your B for sure, or A is guurrenteed."
Oliver  Just,SUNY Rockland Community College,Chemistry department, Suffern, NY,1,3.1,N/A,3.5,,6,11/24/2009,CHM101H,1.0,4.0,N/A,N/A,N/A,N/A,,0,0,"Worst teacher i have had at RCC. Hard to understand his accent, doesnt teach the material he puts on tests, and doesnt offer extra help. I took him and got a D then retook chem again and got an A. what was the difference? i had a good teacher the second time around. do not take him unless ur already amazing in chem and dont need things explained"
Oliver  Just,SUNY Rockland Community College,Chemistry department, Suffern, NY,1,3.1,N/A,3.5,,6,11/18/2009,CHEM101H,1.5,5.0,N/A,N/A,N/A,N/A,,0,0,"First of all I want to say that I got an A in his class. With that said, trust me when I say do not take this teacher. If your an honors student you will have no choice but to teach yourself the book because the words that come out of his mouth in class are meaningless. Great guy nice personality, definitely knows his stuff but cant teach. AVOID!"
Oliver  Just,SUNY Rockland Community College,Chemistry department, Suffern, NY,1,3.1,N/A,3.5,,6,06/02/2009,CHM202,4.0,2.0,N/A,N/A,N/A,N/A,,0,0,HE is AMAZING....trust me...take his class...group quizzes and tests...and then if u do the homework its a Half letter grade increase on your final grade. His class is not easy but if you work hard and understand everything he will be fair with the grading at the end....I highly reccomend him over any organic chemistry teacher at RCC
Oliver  Just,SUNY Rockland Community College,Chemistry department, Suffern, NY,1,3.1,N/A,3.5,,6,04/27/2009,CHM101,3.5,3.0,N/A,N/A,N/A,N/A,,0,0,"Good teacher, gives you slides so you dont have to go through the book. Hes kind of hard to understand in class, but if you go to his office hes really helpful. Chemistry is hard no matter what teacher you have, so you do have to work pretty hard to get an A."
