professor_name,school_name,department_name,local_name,state_name,year_since_first_review,star_rating,take_again,diff_index,tag_professor,num_student,post_date,name_onlines,student_star,student_difficult,attence,for_credits,would_take_agains,grades,stu_tags,help_useful,help_not_useful,comments
Stephanie  Shore,High Point University,Mathematics department, High Point, NC,8,2.0,N/A,3.4,TEST HEAVY (1)  LOTS OF HOMEWORK (1)  Tough Grader (1)  ACCESSIBLE OUTSIDE CLASS (1)  LECTURE HEAVY (1)  EXTRA CREDIT (1),5,04/05/2017,MTH1300,4.0,2.0,Not Mandatory,Yes,No,A,LOTS OF HOMEWORK  EXTRA CREDIT  ACCESSIBLE OUTSIDE CLASS,0,0,"I took Shore for Finite Math and she was great. She went very slow and made sure everyone understood the material. She is ALWAYS available for office hours, which helped a lot. She really wants you to do well, so she replaces your lowest test score with your final and drops a lot of homework grades. Its math, so it is hard. But she made it easier"
Stephanie  Shore,High Point University,Mathematics department, High Point, NC,8,2.0,N/A,3.4,TEST HEAVY (1)  LOTS OF HOMEWORK (1)  Tough Grader (1)  ACCESSIBLE OUTSIDE CLASS (1)  LECTURE HEAVY (1)  EXTRA CREDIT (1),5,10/27/2016,BUSCAL2010,1.0,5.0,Mandatory,Yes,No,B,TOUGH GRADER  LECTURE HEAVY  TEST HEAVY,0,0,She reads through her script and writes on the board. Very hard to follow and take notes. She will no do review days before tests. She teaches the concept of the problem once and expects the mastery of the chapter when giving the tests.
Stephanie  Shore,High Point University,Mathematics department, High Point, NC,8,2.0,N/A,3.4,TEST HEAVY (1)  LOTS OF HOMEWORK (1)  Tough Grader (1)  ACCESSIBLE OUTSIDE CLASS (1)  LECTURE HEAVY (1)  EXTRA CREDIT (1),5,01/15/2010,MTH141,2.5,4.0,N/A,N/A,N/A,N/A,,0,0,SO BORING. She just does problems out of the book the whole hour of class. Does not fully explain anything!
Stephanie  Shore,High Point University,Mathematics department, High Point, NC,8,2.0,N/A,3.4,TEST HEAVY (1)  LOTS OF HOMEWORK (1)  Tough Grader (1)  ACCESSIBLE OUTSIDE CLASS (1)  LECTURE HEAVY (1)  EXTRA CREDIT (1),5,10/29/2009,MTH141,1.5,4.0,N/A,N/A,N/A,N/A,,0,0,She is very hard to follow in class and tests are hard. SHe offers help all the time and is good with that but still doesnt help.. Tests are very hard.
Stephanie  Shore,High Point University,Mathematics department, High Point, NC,8,2.0,N/A,3.4,TEST HEAVY (1)  LOTS OF HOMEWORK (1)  Tough Grader (1)  ACCESSIBLE OUTSIDE CLASS (1)  LECTURE HEAVY (1)  EXTRA CREDIT (1),5,01/26/2009,MTH101,1.0,2.0,N/A,N/A,N/A,N/A,,0,1,Perhaps the most boring teacher I\'ve ever had. I learned more in one day from the book than I did all semester from her. She looks like a misplaced cowboy and is in love with her stupid TI-84 calculator. Class was basically an hour for doing homework. Totally worthless and would only recommend to insomniacs
