professor_name,school_name,department_name,local_name,state_name,year_since_first_review,star_rating,take_again,diff_index,tag_professor,num_student,post_date,name_onlines,student_star,student_difficult,attence,for_credits,would_take_agains,grades,stu_tags,help_useful,help_not_useful,comments
Thomas  Spiridellis,John Jay College of Criminal Justice,Physical Education department, New York, NY,3,5.0,N/A,1.0,,6,03/26/2012,GYM301,5.0,1.0,N/A,N/A,N/A,N/A,,2,2,probably the best teacher i have ever had hes so awesome and really knows what he is talking about!
Thomas  Spiridellis,John Jay College of Criminal Justice,Physical Education department, New York, NY,3,5.0,N/A,1.0,,6,01/03/2011,PED103,5.0,1.0,N/A,N/A,N/A,N/A,,1,0,"Yes, take this course! Easy A! 1 quiz, participation, attendance, mid-term, final, and 1 paper is your grade. He tells you exactly what is on the tests, straight from his notes!!!! His class is very laid back and interactive. Show him that you care about the material and participate. Also, talk to him outside of class! Easy A."
Thomas  Spiridellis,John Jay College of Criminal Justice,Physical Education department, New York, NY,3,5.0,N/A,1.0,,6,02/17/2010,PED103,5.0,1.0,N/A,N/A,N/A,N/A,,1,0,GREAT PROFESSOR. KNOWS HIS STUFF. CLASS ONE DAY..GYM WORKOUTS THE OTHER. TWO TAKE HOME TESTS..ONE RESEARCH PAPER.. EASY FINAL. GUARANTEED A IN HIS CLASS. VERY HELPFUL!! I RECOMMEND!!
Thomas  Spiridellis,John Jay College of Criminal Justice,Physical Education department, New York, NY,3,5.0,N/A,1.0,,6,06/02/2009,PED1,5.0,1.0,N/A,N/A,N/A,N/A,,1,0,"Great guy, fun attitude, knows his stuff. Easy A, you learn a lot. I really enjoyed his class."
Thomas  Spiridellis,John Jay College of Criminal Justice,Physical Education department, New York, NY,3,5.0,N/A,1.0,,6,05/14/2009,PED103,5.0,1.0,N/A,N/A,N/A,N/A,,2,0,"LOVE HIM ,very easy and a great guy. He\'s very helpful. He gives a midterm ,a term paper and a take home final. GREAT PROFESOR.He also lets the class leave early.:)"
Thomas  Spiridellis,John Jay College of Criminal Justice,Physical Education department, New York, NY,3,5.0,N/A,1.0,,6,04/21/2009,PED103,5.0,1.0,N/A,N/A,N/A,N/A,,1,0,"GREAT VERY OUTGOING GIVES 2 TAKE HOME EXAMS AND A COUPLE OF TEST IN CLASS I FAILED THEM And a paper ... i didnt do well on his test but i still received an ""A"" ... I BELIEVE HE ONLY TEACHES MORNING CLASSES SAY GUD MORNING TO HIM AND TLK 2 HIM ALOT SO HE CAN REALLY GET TO KNOW YOU.... HE FREAkin eaSYYY"
