professor_name,school_name,department_name,local_name,state_name,year_since_first_review,star_rating,take_again,diff_index,tag_professor,num_student,post_date,name_onlines,student_star,student_difficult,attence,for_credits,would_take_agains,grades,stu_tags,help_useful,help_not_useful,comments
Itai  Halevi,University of Massachusetts - Boston,English department, Boston, MA,3,4.5,92%,3.1,Gives good feedback (13)  Hilarious (12)  Caring (7)  Inspirational (6)  Amazing lectures (5)  LOTS OF HOMEWORK (5)  Respected (4)  Tough Grader (3)  Get ready to read (3)  Participation matters (2)  ACCESSIBLE OUTSIDE CLASS (2)  SO MANY PAPERS (2)  Clear grading criteria (1)  Skip class? You won\'t pass. (1),52,04/09/2018,ENGL102,5.0,3.0,Mandatory,Yes,Yes,A,RESPECTED  TOUGH GRADER  GIVES GOOD FEEDBACK,0,0,Amazing teacher. Gives interesting lectures & makes sure the whole class understands the material. He wants you to learn & be creative. Overall an amazing teacher.
Itai  Halevi,University of Massachusetts - Boston,English department, Boston, MA,3,4.5,92%,3.1,Gives good feedback (13)  Hilarious (12)  Caring (7)  Inspirational (6)  Amazing lectures (5)  LOTS OF HOMEWORK (5)  Respected (4)  Tough Grader (3)  Get ready to read (3)  Participation matters (2)  ACCESSIBLE OUTSIDE CLASS (2)  SO MANY PAPERS (2)  Clear grading criteria (1)  Skip class? You won\'t pass. (1),52,04/03/2018,ENGL101H,1.0,3.0,Not Mandatory,Yes,No,B-,LOTS OF HOMEWORK  SO MANY PAPERS  TOUGH GRADER,1,1,"Hes not all the hype that this page says that he is. Halevi is kinda rude to his students, especially if you dont understand the material. Hes also a goof; spends the class telling jokes and doesnt teach. Most of his essays/writings tend to be very vague and he expects his students to write like grad students."
Itai  Halevi,University of Massachusetts - Boston,English department, Boston, MA,3,4.5,92%,3.1,Gives good feedback (13)  Hilarious (12)  Caring (7)  Inspirational (6)  Amazing lectures (5)  LOTS OF HOMEWORK (5)  Respected (4)  Tough Grader (3)  Get ready to read (3)  Participation matters (2)  ACCESSIBLE OUTSIDE CLASS (2)  SO MANY PAPERS (2)  Clear grading criteria (1)  Skip class? You won\'t pass. (1),52,01/04/2018,ENG101,5.0,3.0,N/A,Yes,Yes,A,GET READY TO READ  GIVES GOOD FEEDBACK  AMAZING LECTURES,2,0,"Personality as vivid as his green hair, such a down to earth dude. Class is just discussion & laid back, 99% of work is done outside of class (homework almost every night, but manageable). If you put effort into your work, he\'s an extremely fair grader. My perspective on writing/my writing style improved a lot as a result of this class. THE GOAT"
Itai  Halevi,University of Massachusetts - Boston,English department, Boston, MA,3,4.5,92%,3.1,Gives good feedback (13)  Hilarious (12)  Caring (7)  Inspirational (6)  Amazing lectures (5)  LOTS OF HOMEWORK (5)  Respected (4)  Tough Grader (3)  Get ready to read (3)  Participation matters (2)  ACCESSIBLE OUTSIDE CLASS (2)  SO MANY PAPERS (2)  Clear grading criteria (1)  Skip class? You won\'t pass. (1),52,12/25/2017,ENG101,5.0,4.0,Mandatory,Yes,Yes,A-,GIVES GOOD FEEDBACK  PARTICIPATION MATTERS  HILARIOUS,0,0,"He\'s so down to earth and wants you to share your opinion. Sometimes the class would begin talking about something else and he would go along with it (pros and cons to that) But overall, his assignments are interesting and he lets you really guide the class. You can\'t slack and expect to pass the class, you really have to work for your grades"
Itai  Halevi,University of Massachusetts - Boston,English department, Boston, MA,3,4.5,92%,3.1,Gives good feedback (13)  Hilarious (12)  Caring (7)  Inspirational (6)  Amazing lectures (5)  LOTS OF HOMEWORK (5)  Respected (4)  Tough Grader (3)  Get ready to read (3)  Participation matters (2)  ACCESSIBLE OUTSIDE CLASS (2)  SO MANY PAPERS (2)  Clear grading criteria (1)  Skip class? You won\'t pass. (1),52,12/21/2017,ENG101,5.0,4.0,Mandatory,Yes,Yes,N/A,SO MANY PAPERS  HILARIOUS  CLEAR GRADING CRITERIA,0,0,He has a lot of charisma and is very bold. Even if I thought my writing was bad I would still get good grades on everything. You are given a sufficient amount of time to complete your work and the lectures are really fun and you only take notes if you see something you feel like you should remember. Really going to miss this class.
Itai  Halevi,University of Massachusetts - Boston,English department, Boston, MA,3,4.5,92%,3.1,Gives good feedback (13)  Hilarious (12)  Caring (7)  Inspirational (6)  Amazing lectures (5)  LOTS OF HOMEWORK (5)  Respected (4)  Tough Grader (3)  Get ready to read (3)  Participation matters (2)  ACCESSIBLE OUTSIDE CLASS (2)  SO MANY PAPERS (2)  Clear grading criteria (1)  Skip class? You won\'t pass. (1),52,12/21/2017,ENGL101H,5.0,4.0,Mandatory,Yes,Yes,A,AMAZING LECTURES  INSPIRATIONAL  LOTS OF HOMEWORK,0,0,"Hakevi\'s class was a great challenge, but well worth my time and effort. He is one of the hardest Honors 101 teachers because he really makes you work for the A. He is very big on critical thinking and will challenge you to grow as a writer. There are a lot of assignments so it isn\'t that hard to get a B, but this was a truly enjoyable class."
Itai  Halevi,University of Massachusetts - Boston,English department, Boston, MA,3,4.5,92%,3.1,Gives good feedback (13)  Hilarious (12)  Caring (7)  Inspirational (6)  Amazing lectures (5)  LOTS OF HOMEWORK (5)  Respected (4)  Tough Grader (3)  Get ready to read (3)  Participation matters (2)  ACCESSIBLE OUTSIDE CLASS (2)  SO MANY PAPERS (2)  Clear grading criteria (1)  Skip class? You won\'t pass. (1),52,12/15/2017,ENG101,4.0,3.0,Mandatory,Yes,Yes,B,HILARIOUS  CARING,0,0,He was funny and I liked his class. There\'s no textbook and everything is online. He responds fast.
Itai  Halevi,University of Massachusetts - Boston,English department, Boston, MA,3,4.5,92%,3.1,Gives good feedback (13)  Hilarious (12)  Caring (7)  Inspirational (6)  Amazing lectures (5)  LOTS OF HOMEWORK (5)  Respected (4)  Tough Grader (3)  Get ready to read (3)  Participation matters (2)  ACCESSIBLE OUTSIDE CLASS (2)  SO MANY PAPERS (2)  Clear grading criteria (1)  Skip class? You won\'t pass. (1),52,05/08/2017,ENG101,5.0,3.0,Not Mandatory,Yes,Yes,A,INSPIRATIONAL  RESPECTED  AMAZING LECTURES,0,0,hes the best teacher Ive had
Itai  Halevi,University of Massachusetts - Boston,English department, Boston, MA,3,4.5,92%,3.1,Gives good feedback (13)  Hilarious (12)  Caring (7)  Inspirational (6)  Amazing lectures (5)  LOTS OF HOMEWORK (5)  Respected (4)  Tough Grader (3)  Get ready to read (3)  Participation matters (2)  ACCESSIBLE OUTSIDE CLASS (2)  SO MANY PAPERS (2)  Clear grading criteria (1)  Skip class? You won\'t pass. (1),52,04/19/2017,ENG102,5.0,3.0,Mandatory,Yes,Yes,N/A,GIVES GOOD FEEDBACK  HILARIOUS  INSPIRATIONAL,0,0,THE GOAT.
Itai  Halevi,University of Massachusetts - Boston,English department, Boston, MA,3,4.5,92%,3.1,Gives good feedback (13)  Hilarious (12)  Caring (7)  Inspirational (6)  Amazing lectures (5)  LOTS OF HOMEWORK (5)  Respected (4)  Tough Grader (3)  Get ready to read (3)  Participation matters (2)  ACCESSIBLE OUTSIDE CLASS (2)  SO MANY PAPERS (2)  Clear grading criteria (1)  Skip class? You won\'t pass. (1),52,03/01/2017,ENGL101H,5.0,3.0,Not Mandatory,Yes,Yes,A,ACCESSIBLE OUTSIDE CLASS  HILARIOUS  AMAZING LECTURES,0,0,Hands down the best professor I\'ve ever had. Great guy as well.
Itai  Halevi,University of Massachusetts - Boston,English department, Boston, MA,3,4.5,92%,3.1,Gives good feedback (13)  Hilarious (12)  Caring (7)  Inspirational (6)  Amazing lectures (5)  LOTS OF HOMEWORK (5)  Respected (4)  Tough Grader (3)  Get ready to read (3)  Participation matters (2)  ACCESSIBLE OUTSIDE CLASS (2)  SO MANY PAPERS (2)  Clear grading criteria (1)  Skip class? You won\'t pass. (1),52,10/17/2016,ENG101,5.0,4.0,Mandatory,Yes,Yes,N/A,HILARIOUS  TOUGH GRADER  INSPIRATIONAL,0,1,"Not your average professor. Does not tell you want to hear or what you\'re comfortable hearing. Will say what you need to hear. Is not afraid to talk about anything. Firmly believes in the importance of writing and expressing your opinion. Very confident, and very open to discussing anything. I highly recommend this professor. Won\'t let you down"
Itai  Halevi,University of Massachusetts - Boston,English department, Boston, MA,3,4.5,92%,3.1,Gives good feedback (13)  Hilarious (12)  Caring (7)  Inspirational (6)  Amazing lectures (5)  LOTS OF HOMEWORK (5)  Respected (4)  Tough Grader (3)  Get ready to read (3)  Participation matters (2)  ACCESSIBLE OUTSIDE CLASS (2)  SO MANY PAPERS (2)  Clear grading criteria (1)  Skip class? You won\'t pass. (1),52,07/19/2016,ENG102,5.0,3.0,Mandatory,Yes,Yes,A,CARING  GIVES GOOD FEEDBACK  HILARIOUS,0,0,Halevi is an awesome professor! His teaching style is super laid back but you still learn a lot from his lectures. Hands down one of my favorite professors at UMB.
Itai  Halevi,University of Massachusetts - Boston,English department, Boston, MA,3,4.5,92%,3.1,Gives good feedback (13)  Hilarious (12)  Caring (7)  Inspirational (6)  Amazing lectures (5)  LOTS OF HOMEWORK (5)  Respected (4)  Tough Grader (3)  Get ready to read (3)  Participation matters (2)  ACCESSIBLE OUTSIDE CLASS (2)  SO MANY PAPERS (2)  Clear grading criteria (1)  Skip class? You won\'t pass. (1),52,05/27/2016,ENGL102,5.0,4.0,Mandatory,Yes,Yes,A,ACCESSIBLE OUTSIDE CLASS  LOTS OF HOMEWORK  CARING,0,0,"Fantastic professor who cares about his students and wants them to succeed. Granted this class is a ton of work, but he makes it fun and gives every chance for the student to do well. I can guarantee if you go to class and do the work you will do well. It\'s reading heavy but the reading was enjoyable. Smart man - big heart. Class runs late haha!"
Itai  Halevi,University of Massachusetts - Boston,English department, Boston, MA,3,4.5,92%,3.1,Gives good feedback (13)  Hilarious (12)  Caring (7)  Inspirational (6)  Amazing lectures (5)  LOTS OF HOMEWORK (5)  Respected (4)  Tough Grader (3)  Get ready to read (3)  Participation matters (2)  ACCESSIBLE OUTSIDE CLASS (2)  SO MANY PAPERS (2)  Clear grading criteria (1)  Skip class? You won\'t pass. (1),52,05/06/2016,ENGL102,4.0,4.0,Mandatory,Yes,Yes,WD,CARING  PARTICIPATION MATTERS,0,0,"I cant say it enough, but you have to earn it. Loved his teaching style work hard and you\'ll appreciate it."
Itai  Halevi,University of Massachusetts - Boston,English department, Boston, MA,3,4.5,92%,3.1,Gives good feedback (13)  Hilarious (12)  Caring (7)  Inspirational (6)  Amazing lectures (5)  LOTS OF HOMEWORK (5)  Respected (4)  Tough Grader (3)  Get ready to read (3)  Participation matters (2)  ACCESSIBLE OUTSIDE CLASS (2)  SO MANY PAPERS (2)  Clear grading criteria (1)  Skip class? You won\'t pass. (1),52,04/15/2016,ENG102,5.0,3.0,Mandatory,Yes,N/A,A-,GIVES GOOD FEEDBACK  INSPIRATIONAL  HILARIOUS,1,0,"He is just amazing, wonderful prof , his teaching style is wonderful he is hilarious you know you would think this would be a typical English class but with tai its a diff class with him ,although the assignments are pretty long, but thats fine he\'ll help you with any thing any time i would take him again"
Itai  Halevi,University of Massachusetts - Boston,English department, Boston, MA,3,4.5,92%,3.1,Gives good feedback (13)  Hilarious (12)  Caring (7)  Inspirational (6)  Amazing lectures (5)  LOTS OF HOMEWORK (5)  Respected (4)  Tough Grader (3)  Get ready to read (3)  Participation matters (2)  ACCESSIBLE OUTSIDE CLASS (2)  SO MANY PAPERS (2)  Clear grading criteria (1)  Skip class? You won\'t pass. (1),52,02/27/2016,ENG102,4.5,4.0,Mandatory,Yes,N/A,N/A,GET READY TO READ  LOTS OF HOMEWORK  GIVES GOOD FEEDBACK,0,0,Professor Halevi provides an element of leadership that is unmatched by any professor I have ever had. The genuine concern for his students is unequivocal. He will make you work for your grade so do not expect an easy A. What you can expect is that he will prepare you for success in academia and the workforce. A true consummate professional.
Itai  Halevi,University of Massachusetts - Boston,English department, Boston, MA,3,4.5,92%,3.1,Gives good feedback (13)  Hilarious (12)  Caring (7)  Inspirational (6)  Amazing lectures (5)  LOTS OF HOMEWORK (5)  Respected (4)  Tough Grader (3)  Get ready to read (3)  Participation matters (2)  ACCESSIBLE OUTSIDE CLASS (2)  SO MANY PAPERS (2)  Clear grading criteria (1)  Skip class? You won\'t pass. (1),52,02/14/2016,ENG102,5.0,3.0,Mandatory,Yes,N/A,N/A,GIVES GOOD FEEDBACK  AMAZING LECTURES  INSPIRATIONAL,0,0,Best professor this year so far
Itai  Halevi,University of Massachusetts - Boston,English department, Boston, MA,3,4.5,92%,3.1,Gives good feedback (13)  Hilarious (12)  Caring (7)  Inspirational (6)  Amazing lectures (5)  LOTS OF HOMEWORK (5)  Respected (4)  Tough Grader (3)  Get ready to read (3)  Participation matters (2)  ACCESSIBLE OUTSIDE CLASS (2)  SO MANY PAPERS (2)  Clear grading criteria (1)  Skip class? You won\'t pass. (1),52,12/18/2015,ENG101,5.0,2.0,Mandatory,Yes,Yes,A+,HILARIOUS  RESPECTED,0,0,"Best teacher I have ever had. Really amazing, awesome & very intelligent. Cares about our opinions. He really prepared us for everything. Writing became easier & enjoyable. We had a lot of mini essays to write for homework. Some assignments were a lot to read, but the things we read & worked on were very interesting & honest and sparked opinions"
Itai  Halevi,University of Massachusetts - Boston,English department, Boston, MA,3,4.5,92%,3.1,Gives good feedback (13)  Hilarious (12)  Caring (7)  Inspirational (6)  Amazing lectures (5)  LOTS OF HOMEWORK (5)  Respected (4)  Tough Grader (3)  Get ready to read (3)  Participation matters (2)  ACCESSIBLE OUTSIDE CLASS (2)  SO MANY PAPERS (2)  Clear grading criteria (1)  Skip class? You won\'t pass. (1),52,12/09/2015,ENGL101H,4.5,3.0,Mandatory,Yes,N/A,N/A,GET READY TO READ  GIVES GOOD FEEDBACK  RESPECTED,1,0,Mr. Halevi was amazing. He clearly explained and discussed the readings and assignments. This man is one of the best teachers I have ever had. Showed alot of effort in his lesson plans.
Itai  Halevi,University of Massachusetts - Boston,English department, Boston, MA,3,4.5,92%,3.1,Gives good feedback (13)  Hilarious (12)  Caring (7)  Inspirational (6)  Amazing lectures (5)  LOTS OF HOMEWORK (5)  Respected (4)  Tough Grader (3)  Get ready to read (3)  Participation matters (2)  ACCESSIBLE OUTSIDE CLASS (2)  SO MANY PAPERS (2)  Clear grading criteria (1)  Skip class? You won\'t pass. (1),52,11/19/2015,ENGL101,5.0,4.0,Mandatory,Yes,Yes,N/A,GIVES GOOD FEEDBACK  CARING,3,0,"As an international student, English is not my first language. where i am from, the academic language is french and it was hard to learn english. Mr Halevi really gave me good feedback on all my papers and especially when he noticed that i was struggling because the french academic\'s writing is different much different from the american\'s."
