professor_name,school_name,department_name,local_name,state_name,year_since_first_review,star_rating,take_again,diff_index,tag_professor,num_student,post_date,name_onlines,student_star,student_difficult,attence,for_credits,would_take_agains,grades,stu_tags,help_useful,help_not_useful,comments
Virginia  Stamatakis,Suffolk County Community College,Writing department, Selden, NY,1,3.9,N/A,3.0,,7,04/06/2010,ESL3,5.0,4.0,N/A,N/A,N/A,N/A,,0,0,She really wants us to learn!!!!
Virginia  Stamatakis,Suffolk County Community College,Writing department, Selden, NY,1,3.9,N/A,3.0,,7,11/22/2009,ESL008,5.0,4.0,N/A,N/A,N/A,N/A,,0,0,"Great teacher! Clear, great explanations. A good grammarian. She returned our papers on time-most teachers don\'t and her comments were helpful. She helped me to really understand English."
Virginia  Stamatakis,Suffolk County Community College,Writing department, Selden, NY,1,3.9,N/A,3.0,,7,10/09/2009,ESL0000,4.5,4.0,N/A,N/A,N/A,N/A,,0,0,She\'s helpful and clear. She likes her students and does the best she can for them.
Virginia  Stamatakis,Suffolk County Community College,Writing department, Selden, NY,1,3.9,N/A,3.0,,7,07/03/2009,EG18,4.5,3.0,N/A,N/A,N/A,N/A,,0,0,Great teacher. Always stayed after class for extra help.
Virginia  Stamatakis,Suffolk County Community College,Writing department, Selden, NY,1,3.9,N/A,3.0,,7,02/06/2009,ESL018,2.0,2.0,N/A,N/A,N/A,N/A,,0,0,"NICE PROFESSORS, BUT ALWAYS LATE AND HARD TO UNDERSTAND WHAT SHE IS EXPLAINING"
Virginia  Stamatakis,Suffolk County Community College,Writing department, Selden, NY,1,3.9,N/A,3.0,,7,02/03/2009,ESL018,2.5,2.0,N/A,N/A,N/A,N/A,,0,0,nice professors but she\'s always late and lose too much time telling stories. she used to be a high school teacher at copiague so she\'s learning how to be an ESL professor. nice person but not the best professor to have for writing. the day of the final test she was late
Virginia  Stamatakis,Suffolk County Community College,Writing department, Selden, NY,1,3.9,N/A,3.0,,7,01/27/2009,ESL018,3.5,2.0,N/A,N/A,N/A,N/A,,0,0,nice professor but she\'s always late serioulsly. the day of the final test she was late and sometime is hard to understand her explanations. she\' more like a high school professor but she has great stories and all the times is there to help u
