professor_name,school_name,department_name,local_name,state_name,year_since_first_review,star_rating,take_again,diff_index,tag_professor,num_student,post_date,name_onlines,student_star,student_difficult,attence,for_credits,would_take_agains,grades,stu_tags,help_useful,help_not_useful,comments
Eric  Steinbaugh,Florida SouthWestern State College,English department, Fort Myers, FL,5,2.4,N/A,3.0,,12,05/01/2015,ENC1102,1.0,4.0,N/A,Yes,N/A,N/A,,1,0,He is very sarcastic and unclear. Never opens the book. Has no sympathy and dont expect any extra credit.
Eric  Steinbaugh,Florida SouthWestern State College,English department, Fort Myers, FL,5,2.4,N/A,3.0,,12,04/30/2014,ENC1102,2.0,3.0,N/A,Yes,N/A,A,,0,0,"This class was very frustrating. The modules were not informative, the book is rarely used, and the professor is not as helpful as one would wish. I have no idea where half of the information on the quizzes came from. This guy is weird. If you can take this class with another professor, do it!!!"
Eric  Steinbaugh,Florida SouthWestern State College,English department, Fort Myers, FL,5,2.4,N/A,3.0,,12,04/25/2014,ENC1102377,3.5,2.0,N/A,Yes,N/A,N/A,,1,0,"He can be a little sarcastic but I LOVED this professor. He is funny with his weekly announcements and is always available to help. He responded to my questions mostly in the same day and grading was quick as lightning. There is no reason you shouldn\'t get an A in this class unless you have some difficulty with grammar, in which he is helpful!"
Eric  Steinbaugh,Florida SouthWestern State College,English department, Fort Myers, FL,5,2.4,N/A,3.0,,12,04/24/2014,ENC1102,3.0,4.0,N/A,Yes,N/A,N/A,,1,0,"I took this class online and really struggled. The beginning was easy but then the workload became heavy. On top of my other classes and out of school responsibilities, I had to take an F for the class because I was unable to complete the assignments on time. I wouldn\'t recommend this class unless you really like vigorous work."
Eric  Steinbaugh,Florida SouthWestern State College,English department, Fort Myers, FL,5,2.4,N/A,3.0,,12,11/12/2013,ENC1102,4.5,3.0,Mandatory,Yes,N/A,N/A,,0,0,"I think he was great, he is very fast at responding to emails I even sent some at 10 pm at night and he still responded. He clearly states in everything he writes if you have any questions just ASK. He is very helpful and I really enjoyed the assignments."
Eric  Steinbaugh,Florida SouthWestern State College,English department, Fort Myers, FL,5,2.4,N/A,3.0,,12,09/13/2013,ENC1102,1.0,5.0,Mandatory,Yes,N/A,A-,,0,0,"I just can not express how terrible this guy is, he is sarcastic, condescending and rude. His quiz does not follow either the textbook, syllabus or learning module, instead you have to keep your book close and plan having to read chapters that were not assigned as part of the module to find the answers. HORRIBLE"
Eric  Steinbaugh,Florida SouthWestern State College,English department, Fort Myers, FL,5,2.4,N/A,3.0,,12,12/16/2012,ENC173,2.0,4.0,N/A,N/A,N/A,N/A,,0,0,My experience in this class was frustrated. I did not fell that professor was there to help. It felt like he was there to see me fall.
Eric  Steinbaugh,Florida SouthWestern State College,English department, Fort Myers, FL,5,2.4,N/A,3.0,,12,12/05/2011,ENC1102,5.0,1.0,N/A,N/A,N/A,N/A,,0,0,This online course has been revised as a Technical Communication class. Prof. Steinbaugh was entertaining and engaging throughout the course. He replies to questions promptly. I thought he was down to earth and fair. Easy class. Beneficial for the workplace. I wouldn\'t hesitate in taking another class with this professor.
Eric  Steinbaugh,Florida SouthWestern State College,English department, Fort Myers, FL,5,2.4,N/A,3.0,,12,08/18/2010,ENC1102,3.0,3.0,N/A,N/A,N/A,N/A,,0,0,"He was sarcastic EVERY time anyone would ask him something. I took the online version of his class so I didn\'t mind much because you can choose what you listen to during an online class. He does take forever to grade, but that could be because grading 4,000 word papers for around 60 students takes time. I didn\'t like him much from my experience."
Eric  Steinbaugh,Florida SouthWestern State College,English department, Fort Myers, FL,5,2.4,N/A,3.0,,12,08/10/2010,ENC1102,1.0,3.0,N/A,N/A,N/A,N/A,,0,0,He never grades your papers. Not having a graded paper doesn\'t help you with your next paper very much. Would NEVER take him again.
Eric  Steinbaugh,Florida SouthWestern State College,English department, Fort Myers, FL,5,2.4,N/A,3.0,,12,04/29/2010,ENC1102,1.5,2.0,N/A,N/A,N/A,N/A,,0,0,Takes for ever to grade papers. You don\'t know the grade (or what u need to improve on) until the day your next paper is due.
Eric  Steinbaugh,Florida SouthWestern State College,English department, Fort Myers, FL,5,2.4,N/A,3.0,,12,03/07/2010,ENC1101,1.5,2.0,N/A,N/A,N/A,N/A,,0,0,"I took the online version of this class. His answers to students questions were often sarcastic, his grading system is mysterious (you will not know your grade until the end of the semester). Easy class, but not very fun."
