professor_name,school_name,department_name,local_name,state_name,year_since_first_review,star_rating,take_again,diff_index,tag_professor,num_student,post_date,name_onlines,student_star,student_difficult,attence,for_credits,would_take_agains,grades,stu_tags,help_useful,help_not_useful,comments
Tracy  Linderholm,University of Florida,Education department, Gainesville, FL,1,3.4,N/A,3.2,,9,08/26/2010,EDF3210,4.5,4.0,N/A,N/A,N/A,N/A,,0,0,"She\'s a very good professor. She knows a lot about the subject. The class is lots of fun and very straight forward. Her lectures are very nice and organized. Some background in psych is needed before taking this class. Not an easy A, but totally worth it!"
Tracy  Linderholm,University of Florida,Education department, Gainesville, FL,1,3.4,N/A,3.2,,9,04/28/2010,EDF3210,3.5,5.0,N/A,N/A,N/A,N/A,,0,0,"PREPARE TO STUDY YOUR BUTT OFF. Theres a 20 pg paper. When I received mine back she said ""you did a really nice job I can tell you put forth a lot of effort"" I got an 83. She takes random attendance & wont tell you if youve missed one. So you can never calculate your grade. Dont take the class if youre just trying to get words."
Tracy  Linderholm,University of Florida,Education department, Gainesville, FL,1,3.4,N/A,3.2,,9,04/28/2010,EDF3210,3.5,4.0,N/A,N/A,N/A,N/A,,0,0,"Really nice and caring lady. From first few lectures youd assume its an easy class UNTIL THE TEST. Tests are SO applied & you need to have thorough background knowledge of psych prior to the class. Also theres a 20 page paper, RIDICULOUS. You arent allowed to use quotes shes a tough grader.If youre taking this class for words DONT!"
Tracy  Linderholm,University of Florida,Education department, Gainesville, FL,1,3.4,N/A,3.2,,9,04/08/2010,EDF3210,5.0,2.0,N/A,N/A,N/A,N/A,,0,0,She\'s a very good professor. She knows a lot about the subject and applies everything she teaches to her lectures. Her tests are not that easy but they are fair. Very interesting class if you are into education or cognitive psych (or psychology at all). Recommended.
Tracy  Linderholm,University of Florida,Education department, Gainesville, FL,1,3.4,N/A,3.2,,9,01/29/2010,EDF6215,1.0,4.0,N/A,N/A,N/A,N/A,,0,0,"Not very important course. I hate this class, even I got A though!"
Tracy  Linderholm,University of Florida,Education department, Gainesville, FL,1,3.4,N/A,3.2,,9,01/19/2010,EDF6215,1.0,3.0,N/A,N/A,N/A,N/A,,0,0,"She is the most weird teacher I ever had. Not a fan. She has 30% grade given based on her mood. if you want to get an A in her class, you must show some slave-like respect to her and the class. Don\'t take this class!"
Tracy  Linderholm,University of Florida,Education department, Gainesville, FL,1,3.4,N/A,3.2,,9,06/19/2009,EDF6215,2.0,4.0,N/A,N/A,N/A,N/A,,0,0,not a fan
Tracy  Linderholm,University of Florida,Education department, Gainesville, FL,1,3.4,N/A,3.2,,9,03/27/2009,EDF3210,5.0,2.0,N/A,N/A,N/A,N/A,,0,0,No Comments
Tracy  Linderholm,University of Florida,Education department, Gainesville, FL,1,3.4,N/A,3.2,,9,01/27/2009,EDF6215,5.0,1.0,N/A,N/A,N/A,N/A,,0,0,"Loved her! And loved her class!! Very helpful with comments, and very sweet. AND, the class was very interesting. Take her, you won\'t be disappointed!"
