professor_name,school_name,department_name,local_name,state_name,year_since_first_review,star_rating,take_again,diff_index,tag_professor,num_student,post_date,name_onlines,student_star,student_difficult,attence,for_credits,would_take_agains,grades,stu_tags,help_useful,help_not_useful,comments
Richard  Shiring,Coastline Community College - Garden Grove,Not Specified department, Garden Grove, CA,5,4.5,N/A,4.3,LOTS OF HOMEWORK (1)  Participation matters (1)  Clear grading criteria (1),6,09/16/2017,MATH010,5.0,4.0,N/A,Yes,Yes,A+,CLEAR GRADING CRITERIA  LOTS OF HOMEWORK  PARTICIPATION MATTERS,0,0,"Online courses can be difficult, you need self discipline and have to search for the answer on your own, not all did that. But he patiently went through solutions anyways with people, time and time again. It can take about a half hour sometimes to type out an entire solution in the forum, and he did this dozens of times. Very patient & brilliant."
Richard  Shiring,Coastline Community College - Garden Grove,Not Specified department, Garden Grove, CA,5,4.5,N/A,4.3,LOTS OF HOMEWORK (1)  Participation matters (1)  Clear grading criteria (1),6,02/01/2014,C160,4.0,2.0,Mandatory,N/A,N/A,N/A,,0,0,"Mr. Shiring is such a sweet and caring professor! He takes attendance every class and as the semester goes on, the lectures evidently get harder to follow. The homework and quizzes are online. The homework can be repeated until you get 100%, and the quizzes can be repeated 3x. He\'s a fair grader and lets you use a calculator. Take him!"
Richard  Shiring,Coastline Community College - Garden Grove,Not Specified department, Garden Grove, CA,5,4.5,N/A,4.3,LOTS OF HOMEWORK (1)  Participation matters (1)  Clear grading criteria (1),6,08/26/2013,MATH170,4.5,1.0,N/A,N/A,N/A,N/A,,1,0,Great and funny professor! Took this class in the summer and literally got an A+ in his class. Just do all his assignments on Mathlab and do the review problems. Gives out lots of bonus points for tests so do them all! Put in some effort and get an Easy A!
Richard  Shiring,Coastline Community College - Garden Grove,Not Specified department, Garden Grove, CA,5,4.5,N/A,4.3,LOTS OF HOMEWORK (1)  Participation matters (1)  Clear grading criteria (1),6,08/14/2013,MATH170,4.0,2.0,N/A,N/A,N/A,N/A,,0,0,"Funny older guy, PHD in math, can be a bit unclear but he\'s always willing to help. Gives out extra credit and grades fairly. checks attendance. tests correlate with homework (big plus for a math teacher). Easy A if you understand all the concepts. would definitely take again."
Richard  Shiring,Coastline Community College - Garden Grove,Not Specified department, Garden Grove, CA,5,4.5,N/A,4.3,LOTS OF HOMEWORK (1)  Participation matters (1)  Clear grading criteria (1),6,06/18/2013,MATHC160,5.0,2.0,N/A,N/A,N/A,N/A,,1,0,"Kind, funny old man. Class isn\'t fun but it\'s stats so what do you expect. He really is a great teacher. I got D\'s in math in high school and managed an A. It took a lot of effort though. He will answer all your questions and will stay after class. He really takes the time to get to know his students. My favorite teacher at coastline. Will miss him"
Richard  Shiring,Coastline Community College - Garden Grove,Not Specified department, Garden Grove, CA,5,4.5,N/A,4.3,LOTS OF HOMEWORK (1)  Participation matters (1)  Clear grading criteria (1),6,08/22/2012,MATMC120,5.0,1.0,N/A,N/A,N/A,N/A,,0,1,"Very Helpful , Easy A, He is new in this field."
