professor_name,school_name,department_name,local_name,state_name,year_since_first_review,star_rating,take_again,diff_index,tag_professor,num_student,post_date,name_onlines,student_star,student_difficult,attence,for_credits,would_take_agains,grades,stu_tags,help_useful,help_not_useful,comments
Jane  Scott,Roger Williams University,Writing department, Bristol, RI,9,4.6,N/A,1.8,Get ready to read (3)  Respected (3)  Caring (2)  Hilarious (1)  Clear grading criteria (1)  GRADED BY FEW THINGS (1)  Gives good feedback (1)  Participation matters (1),9,04/03/2018,CORE103,5.0,1.0,N/A,Yes,Yes,A,GET READY TO READ  PARTICIPATION MATTERS  CARING,0,0,"Professor Scott is a real Southern sweetheart. She is especially caring, nice and makes class easygoing/relaxed. The class is not very demanding, it\'s how a core curriculum class should be! Even two years after her class, she still recognizes me on campus and is always friendly and smiles. Calls her students ""darling"" and ""angel"" like a grandma."
Jane  Scott,Roger Williams University,Writing department, Bristol, RI,9,4.6,N/A,1.8,Get ready to read (3)  Respected (3)  Caring (2)  Hilarious (1)  Clear grading criteria (1)  GRADED BY FEW THINGS (1)  Gives good feedback (1)  Participation matters (1),9,01/28/2018,CORE103,4.0,3.0,Mandatory,Yes,Yes,A,GET READY TO READ  GIVES GOOD FEEDBACK  RESPECTED,0,0,"She was an absolutely great teacher that was really passionate about what she was teaching. Although I personally wasn\'t very interested in the topic, she made it fun to learn about and I actually enjoyed going to her class. She has very reasonable expectations and is quite down to earth about life. I very much enjoyed having her."
Jane  Scott,Roger Williams University,Writing department, Bristol, RI,9,4.6,N/A,1.8,Get ready to read (3)  Respected (3)  Caring (2)  Hilarious (1)  Clear grading criteria (1)  GRADED BY FEW THINGS (1)  Gives good feedback (1)  Participation matters (1),9,11/17/2017,CORE104,5.0,3.0,Mandatory,Yes,Yes,N/A,RESPECTED  GET READY TO READ  GRADED BY FEW THINGS,0,0,"SUPER NICE! Very understanding when it comes to attendance, and quizzes/tests are not to difficult."
Jane  Scott,Roger Williams University,Writing department, Bristol, RI,9,4.6,N/A,1.8,Get ready to read (3)  Respected (3)  Caring (2)  Hilarious (1)  Clear grading criteria (1)  GRADED BY FEW THINGS (1)  Gives good feedback (1)  Participation matters (1),9,03/24/2016,WTG101,5.0,2.0,Mandatory,Yes,Yes,A,CARING  CLEAR GRADING CRITERIA,1,0,"Such a sweet professor that really wants her students to do well! Easy A with effort, just follow the criteria for the papers and you will do good. Understands that in the morning students will be late so having her in the morning isn\'t a problem. Wish she taught more courses!"
Jane  Scott,Roger Williams University,Writing department, Bristol, RI,9,4.6,N/A,1.8,Get ready to read (3)  Respected (3)  Caring (2)  Hilarious (1)  Clear grading criteria (1)  GRADED BY FEW THINGS (1)  Gives good feedback (1)  Participation matters (1),9,12/09/2014,CRITWTNG,2.5,2.0,Mandatory,Yes,N/A,N/A,RESPECTED  HILARIOUS,0,1,"Jane is the best. She has high energy levels, sometimes too high for 9 in the morning. She gives a lot of freedom on the assignments so its good if you like that. Attendance is mandatory, but if you have a good excuse you\'re fine."
Jane  Scott,Roger Williams University,Writing department, Bristol, RI,9,4.6,N/A,1.8,Get ready to read (3)  Respected (3)  Caring (2)  Hilarious (1)  Clear grading criteria (1)  GRADED BY FEW THINGS (1)  Gives good feedback (1)  Participation matters (1),9,11/16/2011,WTG101,5.0,1.0,N/A,N/A,N/A,N/A,,0,0,she\'s the sweetest lady in the world! all teachers should be exactly like her
Jane  Scott,Roger Williams University,Writing department, Bristol, RI,9,4.6,N/A,1.8,Get ready to read (3)  Respected (3)  Caring (2)  Hilarious (1)  Clear grading criteria (1)  GRADED BY FEW THINGS (1)  Gives good feedback (1)  Participation matters (1),9,11/19/2010,CORE103,5.0,2.0,N/A,N/A,N/A,N/A,,1,0,Professor Scott is awesome. She makes you want to learn and treats you like an individual and not a number. She is the best!
Jane  Scott,Roger Williams University,Writing department, Bristol, RI,9,4.6,N/A,1.8,Get ready to read (3)  Respected (3)  Caring (2)  Hilarious (1)  Clear grading criteria (1)  GRADED BY FEW THINGS (1)  Gives good feedback (1)  Participation matters (1),9,09/28/2010,PHIL104,5.0,1.0,N/A,N/A,N/A,N/A,,1,0,She is the best and the coolest professor I\'ve ever met!!!! I want to go to school just so I can go to her classes!!
Jane  Scott,Roger Williams University,Writing department, Bristol, RI,9,4.6,N/A,1.8,Get ready to read (3)  Respected (3)  Caring (2)  Hilarious (1)  Clear grading criteria (1)  GRADED BY FEW THINGS (1)  Gives good feedback (1)  Participation matters (1),9,05/27/2009,EXPO101,5.0,1.0,N/A,N/A,N/A,N/A,,1,0,The nicest lady in the WORLD!!! Calls everyone in class darlings or sweeties. I got an A on every paper. Not much work at all....5 papers tops and they are easy. Overall the nicest lady and an easy A. I wish she taught more classes!!
