professor_name,school_name,department_name,local_name,state_name,year_since_first_review,star_rating,take_again,diff_index,tag_professor,num_student,post_date,name_onlines,student_star,student_difficult,attence,for_credits,would_take_agains,grades,stu_tags,help_useful,help_not_useful,comments
Melinda  Ostraff,Brigham Young University,Biology department, Provo, UT,5,2.5,N/A,1.6,LECTURE HEAVY (6)  EXTRA CREDIT (5)  GROUP PROJECTS (2)  Skip class? You won\'t pass. (2)  Clear grading criteria (2)  Participation matters (2)  Get ready to read (1)  Gives good feedback (1),62,01/01/2018,BIO235,5.0,2.0,Mandatory,Yes,Yes,A+,EXTRA CREDIT  CLEAR GRADING CRITERIA,1,0,She is great! You know exactly what you will be tested and when we all didnt do super well on the first test she let has resubmit answers. There are in class quizzes every class but they arent too hard if you study flashcards and she ends up dropping a couple. She sounded WAY better than the other guy who teaches this class!
Melinda  Ostraff,Brigham Young University,Biology department, Provo, UT,5,2.5,N/A,1.6,LECTURE HEAVY (6)  EXTRA CREDIT (5)  GROUP PROJECTS (2)  Skip class? You won\'t pass. (2)  Clear grading criteria (2)  Participation matters (2)  Get ready to read (1)  Gives good feedback (1),62,03/31/2017,BIO100,1.0,1.0,Mandatory,Yes,No,A-,LECTURE HEAVY  GROUP PROJECTS,1,0,"This professor was honestly one of the worst I\'ve ever had. She is not mean, she just does not know what she is talking about. She reads from her slides. She is not very confident. The class is ridiculously easy though, you can pass without hardly trying. The level of group work is nauseating, and the activities don\'t teach you."
Melinda  Ostraff,Brigham Young University,Biology department, Provo, UT,5,2.5,N/A,1.6,LECTURE HEAVY (6)  EXTRA CREDIT (5)  GROUP PROJECTS (2)  Skip class? You won\'t pass. (2)  Clear grading criteria (2)  Participation matters (2)  Get ready to read (1)  Gives good feedback (1),62,04/25/2016,BIO100,5.0,1.0,Mandatory,Yes,Yes,A+,PARTICIPATION MATTERS  CLEAR GRADING CRITERIA,0,0,"Easiest Biology class ever. If you\'re looking for an easy A, take Ostraff for BIO 100. Final is made up of a bunch of easy writing assignments throughout the semester, and the tests are easy. Great class to take if you\'re trying to knock out a GE and boost your GPA. Class itself is kind of boring, but the easiness of it makes up for it."
Melinda  Ostraff,Brigham Young University,Biology department, Provo, UT,5,2.5,N/A,1.6,LECTURE HEAVY (6)  EXTRA CREDIT (5)  GROUP PROJECTS (2)  Skip class? You won\'t pass. (2)  Clear grading criteria (2)  Participation matters (2)  Get ready to read (1)  Gives good feedback (1),62,04/07/2016,BIO100,2.0,2.0,Mandatory,Yes,N/A,A,LECTURE HEAVY  GET READY TO READ  EXTRA CREDIT,1,0,Honestly she is a real nice lady but the class is extremely boring and has long lectures filled with information that mostly is not on the tests. Assigns lots of random readings as well that are not tested on.
Melinda  Ostraff,Brigham Young University,Biology department, Provo, UT,5,2.5,N/A,1.6,LECTURE HEAVY (6)  EXTRA CREDIT (5)  GROUP PROJECTS (2)  Skip class? You won\'t pass. (2)  Clear grading criteria (2)  Participation matters (2)  Get ready to read (1)  Gives good feedback (1),62,04/01/2016,BIO100,5.0,1.0,Mandatory,Yes,N/A,A,LECTURE HEAVY  EXTRA CREDIT  GIVES GOOD FEEDBACK,1,0,Great class. This is what I hope for all generals at BYU. Gave a good overall grasp on biology in the world and how I fit into that. She opened my eyes to both sides of several arguments and really helped me see how biology is prevalent.
Melinda  Ostraff,Brigham Young University,Biology department, Provo, UT,5,2.5,N/A,1.6,LECTURE HEAVY (6)  EXTRA CREDIT (5)  GROUP PROJECTS (2)  Skip class? You won\'t pass. (2)  Clear grading criteria (2)  Participation matters (2)  Get ready to read (1)  Gives good feedback (1),62,04/01/2016,BIO100,5.0,1.0,Mandatory,Yes,Yes,A+,EXTRA CREDIT,0,0,"The class is very insightful. Although the lectures can be long, I found the class very educational and focused on the problems in the world today. I left feeling like I have a better understanding on biology and how I fit into the overall scheme of the world. And the tests/assignments aren\'t too tough!"
Melinda  Ostraff,Brigham Young University,Biology department, Provo, UT,5,2.5,N/A,1.6,LECTURE HEAVY (6)  EXTRA CREDIT (5)  GROUP PROJECTS (2)  Skip class? You won\'t pass. (2)  Clear grading criteria (2)  Participation matters (2)  Get ready to read (1)  Gives good feedback (1),62,02/06/2016,BIO100,2.0,4.0,Not Mandatory,Yes,N/A,A,LECTURE HEAVY  GROUP PROJECTS,0,1,"Is more interested in her research than in teaching the class. No sympathy, even when she schedules tests for impossibly short windows of time."
Melinda  Ostraff,Brigham Young University,Biology department, Provo, UT,5,2.5,N/A,1.6,LECTURE HEAVY (6)  EXTRA CREDIT (5)  GROUP PROJECTS (2)  Skip class? You won\'t pass. (2)  Clear grading criteria (2)  Participation matters (2)  Get ready to read (1)  Gives good feedback (1),62,12/22/2015,BIO100,3.5,1.0,Mandatory,Yes,N/A,A,SKIP CLASS? YOU WON\'T PASS.  LECTURE HEAVY  PARTICIPATION MATTERS,0,0,"Dr. Ostraff is an incredible person. She knows her stuff. Expect many portfolios, which are papers about an assigned subject. Not difficult. Attend the TA reviews for the exams and you will easily get an A. The final is a paper/project. The class is often run by the TAs because Dr. Ostraff lives forever away."
Melinda  Ostraff,Brigham Young University,Biology department, Provo, UT,5,2.5,N/A,1.6,LECTURE HEAVY (6)  EXTRA CREDIT (5)  GROUP PROJECTS (2)  Skip class? You won\'t pass. (2)  Clear grading criteria (2)  Participation matters (2)  Get ready to read (1)  Gives good feedback (1),62,12/21/2015,BIO100,2.0,1.0,Mandatory,Yes,N/A,A,,2,0,"Rarely really heard the teacher teach. Did not learn much about Biology. Tests were fair, project was fair. I really wish I could have learned about Biology. EXTREMELY boring."
Melinda  Ostraff,Brigham Young University,Biology department, Provo, UT,5,2.5,N/A,1.6,LECTURE HEAVY (6)  EXTRA CREDIT (5)  GROUP PROJECTS (2)  Skip class? You won\'t pass. (2)  Clear grading criteria (2)  Participation matters (2)  Get ready to read (1)  Gives good feedback (1),62,12/18/2015,BIO100,2.5,2.0,N/A,Yes,N/A,A+,,1,0,"Sis. Ostraff seems very nice; however, her class is boring. The TAs taught more than she does. The class was an easy A: go to class, because rush writes are given everyday. Before tests, go to TA reviews and they will tell you EVERYTHING you need to know, and after, go over it with them and you\'ll get half the points back. Don\'t bother reading."
Melinda  Ostraff,Brigham Young University,Biology department, Provo, UT,5,2.5,N/A,1.6,LECTURE HEAVY (6)  EXTRA CREDIT (5)  GROUP PROJECTS (2)  Skip class? You won\'t pass. (2)  Clear grading criteria (2)  Participation matters (2)  Get ready to read (1)  Gives good feedback (1),62,11/07/2015,BIO100,4.5,1.0,Mandatory,Yes,Yes,A,EXTRA CREDIT  SKIP CLASS? YOU WON\'T PASS.,0,0,"Sister Ostraff is an amazing professor. She is very passionate about biology and shares many real-life examples. She takes time out of class for us to do a fun activity which relates to her lectures. The tests are very basic, which is fitting because it\'s a 100 class. There is a ""rush write"" each class and you have to go if you want the points."
Melinda  Ostraff,Brigham Young University,Biology department, Provo, UT,5,2.5,N/A,1.6,LECTURE HEAVY (6)  EXTRA CREDIT (5)  GROUP PROJECTS (2)  Skip class? You won\'t pass. (2)  Clear grading criteria (2)  Participation matters (2)  Get ready to read (1)  Gives good feedback (1),62,11/04/2015,BIO100,3.0,1.0,Mandatory,Yes,N/A,A,,1,0,"Sooo boring but so easy. She seems like a nice person, but her lectures are read from the slide and I don\'t feel like I learned much else from my High School Bio class. Easy A though, if you want that. You have to go to class because she has rush writes for points everyday. I didn\'t even buy a textbook and I got an A."
Melinda  Ostraff,Brigham Young University,Biology department, Provo, UT,5,2.5,N/A,1.6,LECTURE HEAVY (6)  EXTRA CREDIT (5)  GROUP PROJECTS (2)  Skip class? You won\'t pass. (2)  Clear grading criteria (2)  Participation matters (2)  Get ready to read (1)  Gives good feedback (1),62,12/28/2014,BIO100,2.5,3.0,N/A,Yes,N/A,A-,LECTURE HEAVY,2,0,I did not like this class one bit. The lectures were very long and she didn\'t really keep people interested. I didn\'t feel like I learned anything. You have to complete papers weekly that are busy work and often very confusing. Its an ok class for a general but I would not want to take it again.
Melinda  Ostraff,Brigham Young University,Biology department, Provo, UT,5,2.5,N/A,1.6,LECTURE HEAVY (6)  EXTRA CREDIT (5)  GROUP PROJECTS (2)  Skip class? You won\'t pass. (2)  Clear grading criteria (2)  Participation matters (2)  Get ready to read (1)  Gives good feedback (1),62,04/16/2014,BIO100,1.5,2.0,N/A,N/A,N/A,N/A,,2,1,"Easy class to get an A in if you\'re just looking to get a GE done. But if you want to learn something? Forget it. Lectures are read, confusing and dull. Daily quizzes are worded horribly. Class was very disorganized. That being said, if you do the essays (follow the rubrics), and go to test reviews. it\'s an easy A. Final is a take home essay."
Melinda  Ostraff,Brigham Young University,Biology department, Provo, UT,5,2.5,N/A,1.6,LECTURE HEAVY (6)  EXTRA CREDIT (5)  GROUP PROJECTS (2)  Skip class? You won\'t pass. (2)  Clear grading criteria (2)  Participation matters (2)  Get ready to read (1)  Gives good feedback (1),62,04/11/2014,BIO100,1.0,2.0,N/A,N/A,N/A,N/A,,2,0,Honestly? One of the worst classes I\'ve ever taken at BYU. Not even worth the painfully dull lectures that she mangles every class period. Awful communication + ambiguous daily quizzes make this class beyond awful. Don\'t take it.
Melinda  Ostraff,Brigham Young University,Biology department, Provo, UT,5,2.5,N/A,1.6,LECTURE HEAVY (6)  EXTRA CREDIT (5)  GROUP PROJECTS (2)  Skip class? You won\'t pass. (2)  Clear grading criteria (2)  Participation matters (2)  Get ready to read (1)  Gives good feedback (1),62,12/27/2013,COS126,5.0,3.0,N/A,N/A,N/A,N/A,,0,1,she was great. I learned so much from her class. the tests and quizzes were reasonably easy but made me think. i would take this class over if i could
Melinda  Ostraff,Brigham Young University,Biology department, Provo, UT,5,2.5,N/A,1.6,LECTURE HEAVY (6)  EXTRA CREDIT (5)  GROUP PROJECTS (2)  Skip class? You won\'t pass. (2)  Clear grading criteria (2)  Participation matters (2)  Get ready to read (1)  Gives good feedback (1),62,12/17/2013,BIO100,4.0,1.0,N/A,N/A,N/A,N/A,,2,0,"She has the TA\'s teach a lot of the classes, and takes daily quizzes which are for the most part easy, but most of the time there is one out of the five that are somewhat of a trick question. Lectures are pretty interesting (for bio) and the TA\'s grade the 1 page papers pretty leniently. 1 hardish midterm and an easy final."
Melinda  Ostraff,Brigham Young University,Biology department, Provo, UT,5,2.5,N/A,1.6,LECTURE HEAVY (6)  EXTRA CREDIT (5)  GROUP PROJECTS (2)  Skip class? You won\'t pass. (2)  Clear grading criteria (2)  Participation matters (2)  Get ready to read (1)  Gives good feedback (1),62,12/10/2013,BIO100,3.0,2.0,N/A,N/A,N/A,N/A,,0,0,"She\'s nice, but has the most boring lectures. You only have 1 test after you learn basic bio. After that it\'s all about plants, but there\'s no test for it. Our final is a 1 pg paper. We took quizzes every day at the start of class. We had a few short 1-2 pg papers throughout the semester, super easy. Just do it and you\'ll easily get an A."
Melinda  Ostraff,Brigham Young University,Biology department, Provo, UT,5,2.5,N/A,1.6,LECTURE HEAVY (6)  EXTRA CREDIT (5)  GROUP PROJECTS (2)  Skip class? You won\'t pass. (2)  Clear grading criteria (2)  Participation matters (2)  Get ready to read (1)  Gives good feedback (1),62,11/22/2013,BIO100,2.5,1.0,N/A,N/A,N/A,N/A,,0,0,"Boring lectures, but easy class. TA\'s were super helpful. She\'s a nice professor, but if you want to actually learn about biology, I\'d take from someone else. If you want an easy good grade, take from her."
Melinda  Ostraff,Brigham Young University,Biology department, Provo, UT,5,2.5,N/A,1.6,LECTURE HEAVY (6)  EXTRA CREDIT (5)  GROUP PROJECTS (2)  Skip class? You won\'t pass. (2)  Clear grading criteria (2)  Participation matters (2)  Get ready to read (1)  Gives good feedback (1),62,05/09/2013,BIO100,2.5,2.0,N/A,N/A,N/A,N/A,,0,0,"Professor is more interested n her research than the class. Learned useless information about ants, cocunut trees, Punnett squares which we studied in 7th grade. Do not recommend."
