professor_name,school_name,department_name,local_name,state_name,year_since_first_review,star_rating,take_again,diff_index,tag_professor,num_student,post_date,name_onlines,student_star,student_difficult,attence,for_credits,would_take_agains,grades,stu_tags,help_useful,help_not_useful,comments
Rachael  Shwom,Rutgers - State University of New Jersey,Environmental Science department, New Brunswick, NJ,8,4.9,N/A,1.4,Clear grading criteria (1)  Skip class? You won\'t pass. (1)  Amazing lectures (1),5,01/18/2017,ENES175,5.0,2.0,Not Mandatory,Yes,Yes,N/A,SKIP CLASS? YOU WON\'T PASS.  CLEAR GRADING CRITERIA  AMAZING LECTURES,0,0,"Great class. Lectures are very interesting if you like environmental issues, and her midterm and final are multiple choice questions from class handouts and readings."
Rachael  Shwom,Rutgers - State University of New Jersey,Environmental Science department, New Brunswick, NJ,8,4.9,N/A,1.4,Clear grading criteria (1)  Skip class? You won\'t pass. (1)  Amazing lectures (1),5,04/03/2016,ENES175,4.5,1.0,Mandatory,Yes,Yes,A,,2,1,Class lectures were very interesting. Follow the power points and homework readings and you will be fine for tests.
Rachael  Shwom,Rutgers - State University of New Jersey,Environmental Science department, New Brunswick, NJ,8,4.9,N/A,1.4,Clear grading criteria (1)  Skip class? You won\'t pass. (1)  Amazing lectures (1),5,04/10/2013,ENERGYSOC,5.0,2.0,N/A,N/A,N/A,N/A,,2,0,Shes awesome. Her reading guides and lecture guide handouts are what helped me ACE the class! no textbook req. all printouts that are fairly easy to read. DEFINITELY RECOMMEND TAKING HER!
Rachael  Shwom,Rutgers - State University of New Jersey,Environmental Science department, New Brunswick, NJ,8,4.9,N/A,1.4,Clear grading criteria (1)  Skip class? You won\'t pass. (1)  Amazing lectures (1),5,04/01/2013,374175,5.0,1.0,N/A,N/A,N/A,N/A,,1,0,Great class and prof! She makes the class easy by giving out lecture and reading guides which you fill out during lecture and from the readings on sakai. Exams come straight from them! But you have to go to lecture to get the guides.
Rachael  Shwom,Rutgers - State University of New Jersey,Environmental Science department, New Brunswick, NJ,8,4.9,N/A,1.4,Clear grading criteria (1)  Skip class? You won\'t pass. (1)  Amazing lectures (1),5,12/01/2009,ENES175,5.0,1.0,N/A,N/A,N/A,N/A,,1,0,she is very energetic and excited about the material. The course load is minimal far cry from overwhelming. Very good class and extremely well taught!Definitely encourage people to take her course.
