professor_name,school_name,department_name,local_name,state_name,year_since_first_review,star_rating,take_again,diff_index,tag_professor,num_student,post_date,name_onlines,student_star,student_difficult,attence,for_credits,would_take_agains,grades,stu_tags,help_useful,help_not_useful,comments
Michelle  Banks,University of Windsor,English department, Windsor, ON,4,4.7,N/A,2.6,,13,10/23/2013,26361,4.5,2.0,N/A,N/A,N/A,N/A,,0,0,My favourite prof yet. She\'s hilarious and insightful and sarcastic. I highly recommend any class with Dr. Banks.
Michelle  Banks,University of Windsor,English department, Windsor, ON,4,4.7,N/A,2.6,,13,04/29/2013,26120,5.0,2.0,N/A,N/A,N/A,N/A,,0,0,"I thought this class would be another useless writing skills course, but Dr. Banks did an amazing job with it. She\'s funny, personable, smart, and really clear - one of the best teachers I\'ve ever had. I will definitely be taking more classes with her in the future"
Michelle  Banks,University of Windsor,English department, Windsor, ON,4,4.7,N/A,2.6,,13,04/12/2013,ENG26123,5.0,4.0,N/A,N/A,N/A,N/A,,0,0,Very good class. Especially since it was 100 people and usually those classes are just lectures/boring. She encouraged thinking and interpretations in every class.
Michelle  Banks,University of Windsor,English department, Windsor, ON,4,4.7,N/A,2.6,,13,12/18/2012,LIT260,5.0,2.0,N/A,N/A,N/A,N/A,,0,0,"If you\'re an English major, take as many of her courses as possible. She\'s intelligent, humorous, helpful and extremely fair in terms of testing and workload. And unlike some of the other professors, she isn\'t arrogant and doesn\'t believe that only her ideas are correct. Simply an awesome teacher."
Michelle  Banks,University of Windsor,English department, Windsor, ON,4,4.7,N/A,2.6,,13,10/06/2012,ENGL260,4.5,3.0,N/A,N/A,N/A,N/A,,0,0,So far the class is going good. She is funny and is interested in having students figure out things as a class rather than straight lecture. Lectures are interesting.
Michelle  Banks,University of Windsor,English department, Windsor, ON,4,4.7,N/A,2.6,,13,08/02/2012,ENG140,3.5,2.0,N/A,N/A,N/A,N/A,,0,0,"First time taking an English class, was not disappointed. Diverse and interesting book selection. One aspect I did not care for was the unstructured participation mark. Otherwise, pretty good class overall comparing literary works with their film counterparts."
Michelle  Banks,University of Windsor,English department, Windsor, ON,4,4.7,N/A,2.6,,13,02/17/2012,ENG101,5.0,3.0,N/A,N/A,N/A,N/A,,0,0,"Awesome Prof, very approchable and down to earth. I have had her twice and learned an exceeding amount in comparison to other profs."
Michelle  Banks,University of Windsor,English department, Windsor, ON,4,4.7,N/A,2.6,,13,11/23/2011,ENG101,5.0,2.0,N/A,N/A,N/A,N/A,,0,0,Great Professor. Incredibly approachable and helpful.
Michelle  Banks,University of Windsor,English department, Windsor, ON,4,4.7,N/A,2.6,,13,08/13/2010,ENG270,4.5,1.0,N/A,N/A,N/A,N/A,,0,0,"One of the best lecturers I\'ve had the privilege of hearing! Gives a fair amount of context along with analysis. Entertaining as all get out. Midterm/exam/papers seem difficult, but she marks very generously."
Michelle  Banks,University of Windsor,English department, Windsor, ON,4,4.7,N/A,2.6,,13,03/11/2010,ENG375,4.5,4.0,N/A,N/A,N/A,N/A,,0,0,Banks is my favorite Prof in the English department. I took her 3 times and loved every class.She is funny during lecture and keeps you interested the whole time. SHe is also very down to earth with is a great quality to have in a prof
Michelle  Banks,University of Windsor,English department, Windsor, ON,4,4.7,N/A,2.6,,13,12/19/2009,ENG120,5.0,3.0,N/A,N/A,N/A,N/A,,0,0,"Great prof, very helpful and approachable, lectures were easy to follow and take notes during, she never moved too fast through materiel because she writes on the board. Tests were not too difficult if you knew the material and attended classes. I learned a lot and would definitely take more classes with her given the opportunity."
Michelle  Banks,University of Windsor,English department, Windsor, ON,4,4.7,N/A,2.6,,13,07/25/2009,ENG280,5.0,2.0,N/A,N/A,N/A,N/A,,0,0,No Comments
Michelle  Banks,University of Windsor,English department, Windsor, ON,4,4.7,N/A,2.6,,13,01/27/2009,ENG301,5.0,4.0,N/A,N/A,N/A,N/A,,0,0,All around great.
