professor_name,school_name,department_name,local_name,state_name,year_since_first_review,star_rating,take_again,diff_index,tag_professor,num_student,post_date,name_onlines,student_star,student_difficult,attence,for_credits,would_take_agains,grades,stu_tags,help_useful,help_not_useful,comments
David  Frakes,Arizona State University,Biomedical department, Tempe, AZ,6,4.8,N/A,1.9,LOTS OF HOMEWORK (1)  Gives good feedback (1)  Respected (1)  Inspirational (1),8,01/02/2015,ASU101,5.0,1.0,Mandatory,Yes,N/A,A,INSPIRATIONAL,1,0,I took his Electrical Engineering ASU 101 and as long as you came to class (which was really interesting and I wanted to go every week) and did the homework assignment it is an easy class. I learned a lot and it is a lot better than what I have heard about other ASU 101 classes.
David  Frakes,Arizona State University,Biomedical department, Tempe, AZ,6,4.8,N/A,1.9,LOTS OF HOMEWORK (1)  Gives good feedback (1)  Respected (1)  Inspirational (1),8,12/18/2014,ASU101,5.0,1.0,N/A,Yes,N/A,N/A,RESPECTED,0,0,You can tell that Dr. Frakes really wants his students to succeed. He\'s enthusiastic about his major. This class is pretty standard compared to the other ASU 101 classes. You have to write a one page paper on each guest speaker and then there\'s a group presentation in the end about a BME topic you\'re interested in.
David  Frakes,Arizona State University,Biomedical department, Tempe, AZ,6,4.8,N/A,1.9,LOTS OF HOMEWORK (1)  Gives good feedback (1)  Respected (1)  Inspirational (1),8,12/04/2014,ASU101,4.5,2.0,Mandatory,Yes,Yes,A+,GIVES GOOD FEEDBACK  LOTS OF HOMEWORK,0,0,He was very helpful in class and out of class. He would respond quickly to any email and he is super nice.
David  Frakes,Arizona State University,Biomedical department, Tempe, AZ,6,4.8,N/A,1.9,LOTS OF HOMEWORK (1)  Gives good feedback (1)  Respected (1)  Inspirational (1),8,05/03/2013,BME,5.0,2.0,N/A,N/A,N/A,N/A,,0,0,You can tell Dr. Frakes puts in the effort to make sure you succeed in class; he has clear and reasonable expectations from you. He even dropped material from an exam because 99% of the class had no idea what he was talking about. He\'s very helpful and friendly in office hours.
David  Frakes,Arizona State University,Biomedical department, Tempe, AZ,6,4.8,N/A,1.9,LOTS OF HOMEWORK (1)  Gives good feedback (1)  Respected (1)  Inspirational (1),8,12/04/2011,BME194,5.0,1.0,N/A,N/A,N/A,N/A,,0,0,I had him for the third module of BME 194. He was in the lecture part of the class. He is lectures were clear and he always encouraged students participation in class and had activities to support the material. I cannot say much about how hard are his tests since he did not have any. We were only graded in the lab homework.
David  Frakes,Arizona State University,Biomedical department, Tempe, AZ,6,4.8,N/A,1.9,LOTS OF HOMEWORK (1)  Gives good feedback (1)  Respected (1)  Inspirational (1),8,12/13/2010,ASU101,4.5,1.0,N/A,N/A,N/A,N/A,,0,0,"Because I only took ASU 101, I cant say too much, but from what I saw he taught very well, was very interested in the success of the class and maintaining our interest, and was very passionate about the material. Definitely recommend him for a teacher, and I look forward to having a class with him in the future."
David  Frakes,Arizona State University,Biomedical department, Tempe, AZ,6,4.8,N/A,1.9,LOTS OF HOMEWORK (1)  Gives good feedback (1)  Respected (1)  Inspirational (1),8,12/02/2010,BME350,5.0,4.0,N/A,N/A,N/A,N/A,,0,0,"Great at making difficult concepts clear and is very helpful during office hours. If Frakes is listed as the teacher, take the class."
David  Frakes,Arizona State University,Biomedical department, Tempe, AZ,6,4.8,N/A,1.9,LOTS OF HOMEWORK (1)  Gives good feedback (1)  Respected (1)  Inspirational (1),8,01/27/2009,BME350,4.5,3.0,N/A,N/A,N/A,N/A,,0,0,"He makes sure that the class understands everything and tries to explain it clearly. He wants to make sure that the class is interested. His test can be hard though. He is a really nice guy. Good teacher, hard class."
