professor_name,school_name,department_name,local_name,state_name,year_since_first_review,star_rating,take_again,diff_index,tag_professor,num_student,post_date,name_onlines,student_star,student_difficult,attence,for_credits,would_take_agains,grades,stu_tags,help_useful,help_not_useful,comments
Jonathan  Rhoad,Missouri Western State University,Chemistry department, St. Joseph, MO,9,4.5,N/A,3.6,Caring (3)  Tough Grader (2)  Skip class? You won\'t pass. (2)  BEWARE OF POP QUIZZES (1)  Amazing lectures (1)  ACCESSIBLE OUTSIDE CLASS (1)  Gives good feedback (1)  GRADED BY FEW THINGS (1),9,02/17/2018,CHE310,3.0,5.0,Not Mandatory,Yes,No,C-,CARING  ACCESSIBLE OUTSIDE CLASS  GRADED BY FEW THINGS,0,0,Hardest Class ever taken. His tests are the hardest things ever. He is an amazing teacher himself who is willing to help in anyway possible. He expects you to watch recorded lectures and take notes outside of class. Homework is somewhat optional and that isn\'t a good thing in a class like this. If you need structure and rules don\'t take w/ Rhoad
Jonathan  Rhoad,Missouri Western State University,Chemistry department, St. Joseph, MO,9,4.5,N/A,3.6,Caring (3)  Tough Grader (2)  Skip class? You won\'t pass. (2)  BEWARE OF POP QUIZZES (1)  Amazing lectures (1)  ACCESSIBLE OUTSIDE CLASS (1)  Gives good feedback (1)  GRADED BY FEW THINGS (1),9,02/01/2017,CHEM104,5.0,4.0,Mandatory,Yes,Yes,INC,AMAZING LECTURES  SKIP CLASS? YOU WON\'T PASS.  BEWARE OF POP QUIZZES,0,0,"He has amazing lectures. He uses the clicker system well where if most of the students don\'t understand he opens it up to discussion and let\'s us redo the question. He also gives random pop quizzes. He told us it is a 50/50 chance of having a quiz every day in class, so attendance is necessary. he\'s Amazing! absolutely should take for CHEM 101!!!!!"
Jonathan  Rhoad,Missouri Western State University,Chemistry department, St. Joseph, MO,9,4.5,N/A,3.6,Caring (3)  Tough Grader (2)  Skip class? You won\'t pass. (2)  BEWARE OF POP QUIZZES (1)  Amazing lectures (1)  ACCESSIBLE OUTSIDE CLASS (1)  Gives good feedback (1)  GRADED BY FEW THINGS (1),9,01/02/2016,CHE312,3.5,4.0,N/A,Yes,N/A,N/A,TOUGH GRADER  GIVES GOOD FEEDBACK  CARING,0,0,"Very difficult. I wouldn\'t recommend taken this class with a full semester of credit hours. The professor is very helpful - posts anything the students want on Moodle (recorded lectures, old tests, etc). Requires a lot of memorization, and you will need to remember all the reactions taught in Org I. The accompanying lab is very entertaining."
Jonathan  Rhoad,Missouri Western State University,Chemistry department, St. Joseph, MO,9,4.5,N/A,3.6,Caring (3)  Tough Grader (2)  Skip class? You won\'t pass. (2)  BEWARE OF POP QUIZZES (1)  Amazing lectures (1)  ACCESSIBLE OUTSIDE CLASS (1)  Gives good feedback (1)  GRADED BY FEW THINGS (1),9,06/13/2015,310,4.0,4.0,Not Mandatory,Yes,N/A,B+,SKIP CLASS? YOU WON\'T PASS.  CARING  TOUGH GRADER,2,0,"This was the most time consuming class I have ever taken. The amount of time spent studying outside of class was greater than my in class 16 credit hour semester. This being said, STUDY, and you should do ok. Dr. Rhoad was hard, but honestly the most helpful professor I have ever came in contact with at MWSU."
Jonathan  Rhoad,Missouri Western State University,Chemistry department, St. Joseph, MO,9,4.5,N/A,3.6,Caring (3)  Tough Grader (2)  Skip class? You won\'t pass. (2)  BEWARE OF POP QUIZZES (1)  Amazing lectures (1)  ACCESSIBLE OUTSIDE CLASS (1)  Gives good feedback (1)  GRADED BY FEW THINGS (1),9,12/22/2012,CHE312,5.0,4.0,N/A,N/A,N/A,N/A,,0,0,"Loved this class! Dr. Rhoad is an excellent instructor! Engages students, works with them to be certain they understand concepts. Follows his syllabus. Goes above and beyond to ensure his material is understood."
Jonathan  Rhoad,Missouri Western State University,Chemistry department, St. Joseph, MO,9,4.5,N/A,3.6,Caring (3)  Tough Grader (2)  Skip class? You won\'t pass. (2)  BEWARE OF POP QUIZZES (1)  Amazing lectures (1)  ACCESSIBLE OUTSIDE CLASS (1)  Gives good feedback (1)  GRADED BY FEW THINGS (1),9,12/22/2012,CHE310,5.0,4.0,N/A,N/A,N/A,N/A,,1,0,"AMAZING instructor! Brilliant, funny, articulate, invested in student success! Available for questions and discussions. Approachable. Understanding. Highly recommend his courses!"
Jonathan  Rhoad,Missouri Western State University,Chemistry department, St. Joseph, MO,9,4.5,N/A,3.6,Caring (3)  Tough Grader (2)  Skip class? You won\'t pass. (2)  BEWARE OF POP QUIZZES (1)  Amazing lectures (1)  ACCESSIBLE OUTSIDE CLASS (1)  Gives good feedback (1)  GRADED BY FEW THINGS (1),9,10/14/2011,CHE310,5.0,1.0,N/A,N/A,N/A,N/A,,0,0,Best Professor I have had yet. Has time for students no matter what. Explains all concepts very well. Best organic teacher you can take at MWSU.
Jonathan  Rhoad,Missouri Western State University,Chemistry department, St. Joseph, MO,9,4.5,N/A,3.6,Caring (3)  Tough Grader (2)  Skip class? You won\'t pass. (2)  BEWARE OF POP QUIZZES (1)  Amazing lectures (1)  ACCESSIBLE OUTSIDE CLASS (1)  Gives good feedback (1)  GRADED BY FEW THINGS (1),9,03/26/2010,ORGANCHEM,5.0,4.0,N/A,N/A,N/A,N/A,,0,0,
Jonathan  Rhoad,Missouri Western State University,Chemistry department, St. Joseph, MO,9,4.5,N/A,3.6,Caring (3)  Tough Grader (2)  Skip class? You won\'t pass. (2)  BEWARE OF POP QUIZZES (1)  Amazing lectures (1)  ACCESSIBLE OUTSIDE CLASS (1)  Gives good feedback (1)  GRADED BY FEW THINGS (1),9,01/27/2009,CHE310,5.0,2.0,N/A,N/A,N/A,N/A,,0,0,"Teaches organic well, and as long as you study and ask questions you\'ll be fine. Very approachable, even outside of office hours. Always willing to explain things if you just can\'t understand something. Relates to the students well. No condescension, always respectful and friendly."
