professor_name,school_name,department_name,local_name,state_name,year_since_first_review,star_rating,take_again,diff_index,tag_professor,num_student,post_date,name_onlines,student_star,student_difficult,attence,for_credits,would_take_agains,grades,stu_tags,help_useful,help_not_useful,comments
Bridget  Clarke,University of Montana - Missoula,Philosophy department, Missoula, MT,4,4.1,N/A,3.4,,5,03/03/2013,PHIL999,5.0,4.0,N/A,N/A,N/A,N/A,,2,2,"I can\'t say enough good things about the manner in which she teaches or the material she chooses to teach. She listens - yet has control over the class direction. She is approachable and very intelligent. As other users have said, and i will repeat, she is only one of two prof\'s that care about the students as much as she does her own research."
Bridget  Clarke,University of Montana - Missoula,Philosophy department, Missoula, MT,4,4.1,N/A,3.4,,5,06/26/2012,PHIL201,5.0,3.0,N/A,N/A,N/A,N/A,,1,2,Professor Clarke is the best - seriously. I took her seminar in ethics and it was fantastic. I\'ve noticed a lot of philosophy professors tend to shoot people down all the time but Prof. Clarke actually listens to what you say. Her assignments are reasonable and she\'s so helpful if you need help or clarification. She\'s seriously awesome.
Bridget  Clarke,University of Montana - Missoula,Philosophy department, Missoula, MT,4,4.1,N/A,3.4,,5,02/10/2011,PHIL210,5.0,1.0,N/A,N/A,N/A,N/A,,1,1,"I took deductive logic with Clark and did quite well. The book is frustrating and useless, but her explanations made things MUCH more clear. She is enthusiastic and has a pleasant disposition and isn\'t afraid to help if you\'re willing to ask for it. No one who could have sought help but didn\'t deserves to badmouth her or her classes."
Bridget  Clarke,University of Montana - Missoula,Philosophy department, Missoula, MT,4,4.1,N/A,3.4,,5,08/08/2010,PHIL300,4.5,4.0,N/A,N/A,N/A,N/A,,1,2,An excellent professor. She keeps class discussions lively and germane. She asks a lot from her students but is eager to help them succeed.
Bridget  Clarke,University of Montana - Missoula,Philosophy department, Missoula, MT,4,4.1,N/A,3.4,,5,01/27/2009,PHIL210,1.0,5.0,N/A,N/A,N/A,N/A,,2,3,"For being a logic professor, sure lacks logic."
