professor_name,school_name,department_name,local_name,state_name,year_since_first_review,star_rating,take_again,diff_index,tag_professor,num_student,post_date,name_onlines,student_star,student_difficult,attence,for_credits,would_take_agains,grades,stu_tags,help_useful,help_not_useful,comments
James  Brau,University of Oregon,Physics department, Eugene, OR,8,2.8,N/A,3.2,Clear grading criteria (3)  TEST HEAVY (1)  Tough Grader (1)  LECTURE HEAVY (1)  Participation matters (1),11,06/12/2017,ASTR123,4.0,4.0,Not Mandatory,Yes,Yes,B+,TEST HEAVY  LECTURE HEAVY  CLEAR GRADING CRITERIA,0,0,"Three midterms (lowest one is dropped), and a final. They\'re mostly multiple choice but are pretty long. He knows what he is talking about and will bring up some pretty interesting stuff relating to the class. Attendance is pretty important but not tracked per se."
James  Brau,University of Oregon,Physics department, Eugene, OR,8,2.8,N/A,3.2,Clear grading criteria (3)  TEST HEAVY (1)  Tough Grader (1)  LECTURE HEAVY (1)  Participation matters (1),11,03/28/2016,FIN201,3.0,4.0,Not Mandatory,Yes,N/A,N/A,CLEAR GRADING CRITERIA  PARTICIPATION MATTERS,0,0,"Great Professor, love that he puts the lectures up on youtube, it makes full time work and school much easier."
James  Brau,University of Oregon,Physics department, Eugene, OR,8,2.8,N/A,3.2,Clear grading criteria (3)  TEST HEAVY (1)  Tough Grader (1)  LECTURE HEAVY (1)  Participation matters (1),11,10/21/2015,ASTR 101,2.5,2.0,Mandatory,Yes,N/A,A,,0,0,"Class was easy. Got an A in the class, even though I fell asleep most of his boring lectures. Make sure to bring an iclicker for this class, since it is 10% of your grade. I tried talking to him after class, but he seemed annoyed. After, that I stopped approaching him. If you want an easy A, it\'d be a great class for you."
James  Brau,University of Oregon,Physics department, Eugene, OR,8,2.8,N/A,3.2,Clear grading criteria (3)  TEST HEAVY (1)  Tough Grader (1)  LECTURE HEAVY (1)  Participation matters (1),11,08/14/2015,ASTR123,3.5,2.0,Mandatory,Yes,N/A,B,TOUGH GRADER  CLEAR GRADING CRITERIA,0,1,"Attendance is mandatory via iClicker. 3 midterms (best 2 grades are taken). 1 final. and 1 final paper. The questions on tests come from his lectures. It feels like bulimic studying, but if you went to all with him, you could get much more out of the class."
James  Brau,University of Oregon,Physics department, Eugene, OR,8,2.8,N/A,3.2,Clear grading criteria (3)  TEST HEAVY (1)  Tough Grader (1)  LECTURE HEAVY (1)  Participation matters (1),11,04/08/2015,123,2.0,4.0,Mandatory,Yes,N/A,A,,0,1,"BORING, RUDE, TOO SERIOUS for an 100 level class. His lectures were boring, talked about things I already knew... When I asked him a question, he just kind of brushed me off and I was like okay. I guess I asked you a stupid question. Thanks for the humiliation prof. If you can handle a boringrude professor, y\'all should take this class."
James  Brau,University of Oregon,Physics department, Eugene, OR,8,2.8,N/A,3.2,Clear grading criteria (3)  TEST HEAVY (1)  Tough Grader (1)  LECTURE HEAVY (1)  Participation matters (1),11,03/21/2015,ASTR122,1.0,4.0,N/A,Yes,N/A,N/A,,0,0,"He is so boring that it is painful to attend class, but he does have quizzes with iclickers most days. Your lowest midterm is dropped which is nice, but the tests do not reflect what is taught in lectures. It is not hard to pass the class per se, but you would have to read the textbook thoroughly to get an A."
James  Brau,University of Oregon,Physics department, Eugene, OR,8,2.8,N/A,3.2,Clear grading criteria (3)  TEST HEAVY (1)  Tough Grader (1)  LECTURE HEAVY (1)  Participation matters (1),11,06/10/2013,ASTR122,3.0,4.0,N/A,N/A,N/A,N/A,,0,0,"Very tough course, only take if you are an extremely science minded person. Easily one of the most failed undergrad science courses. Take another class if you\'re looking for a easy science credit, this is not the class for that."
James  Brau,University of Oregon,Physics department, Eugene, OR,8,2.8,N/A,3.2,Clear grading criteria (3)  TEST HEAVY (1)  Tough Grader (1)  LECTURE HEAVY (1)  Participation matters (1),11,06/26/2011,ASTRO121,2.5,1.0,N/A,N/A,N/A,N/A,,0,0,Class was extremely easy and boring. He pretty much just read his website word for word at a pretty slow speed. Has you do a project which was fairly easy. He is a good choice if you want a very easy professor. If you want to learn astronomy go rent a science channel documentary and save your money.
James  Brau,University of Oregon,Physics department, Eugene, OR,8,2.8,N/A,3.2,Clear grading criteria (3)  TEST HEAVY (1)  Tough Grader (1)  LECTURE HEAVY (1)  Participation matters (1),11,05/12/2010,AST123,4.5,3.0,N/A,N/A,N/A,N/A,,0,0,"Awesome class, you don\'t need to have taken Ast 121 or Ast 122 for this class in particular. Prof. Brau is really clear on his points, especially if you need help with certain concepts. His tests are based on mostly lecture notes, but he does make sure you do the reading by placing specific reading questions on the test. Excellent guy overall."
James  Brau,University of Oregon,Physics department, Eugene, OR,8,2.8,N/A,3.2,Clear grading criteria (3)  TEST HEAVY (1)  Tough Grader (1)  LECTURE HEAVY (1)  Participation matters (1),11,03/05/2009,ASTR122,3.5,2.0,N/A,N/A,N/A,N/A,,0,0,Fairly Easy class. Never opened Textbook once. Attendance is not mandatory but if you just go to class and pay attention just a little you\'ll be fine. test questions are often verbatim from notes and lectures (which are all online). He even puts together a review page online before every test that proved very helpful. i recommend this class.
James  Brau,University of Oregon,Physics department, Eugene, OR,8,2.8,N/A,3.2,Clear grading criteria (3)  TEST HEAVY (1)  Tough Grader (1)  LECTURE HEAVY (1)  Participation matters (1),11,01/27/2009,ASTR122,1.0,5.0,N/A,N/A,N/A,N/A,,0,0,Completely boring class. Prof isn\'t easy to work with and doesn\'t explain the material very well. Be prepared to fall asleep in class and read the text outside of class. Print lecture notes before class cause there\'s not time to take notes. Exams are mostly off of lecture notes.
