professor_name,school_name,department_name,local_name,state_name,year_since_first_review,star_rating,take_again,diff_index,tag_professor,num_student,post_date,name_onlines,student_star,student_difficult,attence,for_credits,would_take_agains,grades,stu_tags,help_useful,help_not_useful,comments
Lisa  Cohen,Wesleyan University,English department, Middletown, CT,7,3.8,N/A,3.6,Respected (3)  Gives good feedback (3)  Participation matters (2)  Inspirational (1),8,12/13/2016,ENG325,5.0,4.0,Mandatory,Yes,Yes,A-,RESPECTED  INSPIRATIONAL  GIVES GOOD FEEDBACK,0,0,"She\'s sharp as a tack and will not let things slide. But you give what you get from her, and you can get A LOT. Would HIGHLY recommend any writer take a class with her. She transformed both my writing and perspective on writing. She\'s given me faith in writers and when I think of my liberal arts education, I will always think of her."
Lisa  Cohen,Wesleyan University,English department, Middletown, CT,7,3.8,N/A,3.6,Respected (3)  Gives good feedback (3)  Participation matters (2)  Inspirational (1),8,11/17/2016,ENGL325,4.0,3.0,Mandatory,Yes,Yes,N/A,PARTICIPATION MATTERS  RESPECTED  GIVES GOOD FEEDBACK,0,0,"Great readings, good class discussion. Not too much work. Is initially intimidating, but eventually she gets easier to read. I feel like my writing really improved, largely because of the structure of the workshop."
Lisa  Cohen,Wesleyan University,English department, Middletown, CT,7,3.8,N/A,3.6,Respected (3)  Gives good feedback (3)  Participation matters (2)  Inspirational (1),8,11/06/2016,ENG292,5.0,4.0,Mandatory,Yes,Yes,N/A,GIVES GOOD FEEDBACK  RESPECTED  PARTICIPATION MATTERS,0,0,"Prof Cohen is the only teacher/professor who has ever made influenced my writing. Her class was tough, but I feel much more capable as a writer than I had ever imagined. Your writing will get wrung out, but the ultimate product is incredible. I wish I could take more classes with her."
Lisa  Cohen,Wesleyan University,English department, Middletown, CT,7,3.8,N/A,3.6,Respected (3)  Gives good feedback (3)  Participation matters (2)  Inspirational (1),8,05/30/2013,ENGL360,2.5,4.0,N/A,N/A,N/A,N/A,,1,0,"I initially loved the course because I thought the material was very interesting and she did well in facilitating class discussions. She seemed to really love my writing in class, but her grade did not reflect that. There is a huge disparity between her comments and her grading. I wish she had been more clear as to what I was missing to get that A."
Lisa  Cohen,Wesleyan University,English department, Middletown, CT,7,3.8,N/A,3.6,Respected (3)  Gives good feedback (3)  Participation matters (2)  Inspirational (1),8,09/30/2010,ENGL326,4.0,3.0,N/A,N/A,N/A,N/A,,0,0,"I took two classes with Prof. Cohen (one an advanced 3-hour workshop), and it took me a long time to believe that she genuinely liked me. Yes, she can be intimidating, but don\'t let it deter you from taking her classes. The topics she explores in nonfiction are fascinating, and she prompts you to write some very interesting things."
Lisa  Cohen,Wesleyan University,English department, Middletown, CT,7,3.8,N/A,3.6,Respected (3)  Gives good feedback (3)  Participation matters (2)  Inspirational (1),8,05/31/2010,ENG292,4.0,3.0,N/A,N/A,N/A,N/A,,0,0,"I had her for a workshop and thought she was great. Generally if you participate and work hard (turn your work in on time, truly revise, etc), you will learn a lot and earn a decent grade. You may disagree with some of her opinions, but trust her because she is very bright and often right."
Lisa  Cohen,Wesleyan University,English department, Middletown, CT,7,3.8,N/A,3.6,Respected (3)  Gives good feedback (3)  Participation matters (2)  Inspirational (1),8,11/05/2009,ENGL326,2.5,4.0,N/A,N/A,N/A,N/A,,1,0,"She is incredibly opinionated and you can only achieve a good grade by saying exactly what she thinks and agreeing with her--- no room for original interpretation or different styles of writing. I\'m sure she is very smart and educated, but she is not good in a classroom... very supportive, strict when there is no need to be. Won\'t take her again."
Lisa  Cohen,Wesleyan University,English department, Middletown, CT,7,3.8,N/A,3.6,Respected (3)  Gives good feedback (3)  Participation matters (2)  Inspirational (1),8,10/06/2009,ENG325,3.0,4.0,N/A,N/A,N/A,N/A,,0,0,"Though I think she has a genuine interest in working with her students, she is blinded by her own opinions and preferences. The class is an exercise in figuring out what SHE likes, and if you don\'t do (or can\'t figure out) what she wants, your grade will reflect it!\r She plays favorites, and I didn\'t think her ""favorite"" was talented. Disappointing"
