professor_name,school_name,department_name,local_name,state_name,year_since_first_review,star_rating,take_again,diff_index,tag_professor,num_student,post_date,name_onlines,student_star,student_difficult,attence,for_credits,would_take_agains,grades,stu_tags,help_useful,help_not_useful,comments
James T  McArdle,SUNY Plattsburgh,Marketing department, Plattsburgh, NY,2,4.9,N/A,1.0,,4,04/29/2011,MKE290,5.0,1.0,N/A,N/A,N/A,N/A,,0,0,"He\'s great! His teaching style is wonderful and he gives real life examples. His grading is way chill, you could draw a picture on the test and he\'ll give you points for trying. He gives the short answer questions a week in advance for tests. The group project is a joke and an easy A. Try your best to get him for Principles of Marketing."
James T  McArdle,SUNY Plattsburgh,Marketing department, Plattsburgh, NY,2,4.9,N/A,1.0,,4,12/14/2010,MKE223,5.0,1.0,N/A,N/A,N/A,N/A,,0,0,legit the most chill teacher ever.
James T  McArdle,SUNY Plattsburgh,Marketing department, Plattsburgh, NY,2,4.9,N/A,1.0,,4,12/26/2009,MKE290,5.0,1.0,N/A,N/A,N/A,N/A,,0,0,"awesome teacher, the test is basically given to you before hand if you just learn the information he gives you and try its a guaranteed A"
James T  McArdle,SUNY Plattsburgh,Marketing department, Plattsburgh, NY,2,4.9,N/A,1.0,,4,10/29/2009,MKE290,4.5,1.0,N/A,N/A,N/A,N/A,,0,0,"good teacher, very easy class. he grades just on test pretty much and has one easy group project. I recomend this guy."
