professor_name,school_name,department_name,local_name,state_name,year_since_first_review,star_rating,take_again,diff_index,tag_professor,num_student,post_date,name_onlines,student_star,student_difficult,attence,for_credits,would_take_agains,grades,stu_tags,help_useful,help_not_useful,comments
Christopher  Endrinal,University of Massachusetts,Music department, Lowell, MA,4,4.5,N/A,2.6,,14,04/24/2013,MUSICTHEORY2,5.0,3.0,N/A,N/A,N/A,N/A,,0,0,"Prof. Endrinal is the best teacher I\'ve ever had. No one is more enthusiastic and knowledgeable about their work than he is. I, like many was devastated when he was let go from Umass Lowell. That was a huge mistake on their behalf."
Christopher  Endrinal,University of Massachusetts,Music department, Lowell, MA,4,4.5,N/A,2.6,,14,05/14/2012,MUSTH102,5.0,1.0,N/A,N/A,N/A,N/A,,0,0,"Awesome professor, loved every class, always brought in different examples from recent years to help us understand the curriculum. I\'m gonna miss him"
Christopher  Endrinal,University of Massachusetts,Music department, Lowell, MA,4,4.5,N/A,2.6,,14,11/18/2011,TH3,4.0,1.0,N/A,N/A,N/A,N/A,,0,0,"Show up, do the minimum work, and collect an easy A."
Christopher  Endrinal,University of Massachusetts,Music department, Lowell, MA,4,4.5,N/A,2.6,,14,11/13/2011,THEOR1,5.0,4.0,N/A,N/A,N/A,N/A,,0,0,"A brilliant, caring teacher...UML is lucky to have him."
Christopher  Endrinal,University of Massachusetts,Music department, Lowell, MA,4,4.5,N/A,2.6,,14,10/04/2011,THEOR3,4.0,1.0,N/A,N/A,N/A,N/A,,0,0,Dr. E. is awesome and if you show up you\'ll get a decent grade. Consider who else you would have to take the classes with too!
Christopher  Endrinal,University of Massachusetts,Music department, Lowell, MA,4,4.5,N/A,2.6,,14,09/28/2011,TH3,3.0,1.0,N/A,N/A,N/A,N/A,,0,0,Dr. Edrinal is really into what he teaches. Pretty easy A too so I highily recommend him!
Christopher  Endrinal,University of Massachusetts,Music department, Lowell, MA,4,4.5,N/A,2.6,,14,04/25/2011,MUS203,5.0,3.0,N/A,N/A,N/A,N/A,,0,0,"Dr. E is probably one of the best teachers I\'ve ever had. He\'s very into the class, and very into the students. You have to do homework, I nearly failed cause I didn\'t do it, but it\'s nothing hard. Just pay attention in class and you\'ll be gold. Also, DO NOT miss his ""Transformers"" lecture. It\'s the best."
Christopher  Endrinal,University of Massachusetts,Music department, Lowell, MA,4,4.5,N/A,2.6,,14,11/19/2010,MUSICTHRY,4.5,3.0,N/A,N/A,N/A,N/A,,0,0,Fantastic. I\'ve taken Theory I-III and Aural Skills III and IV with him. In his opinion the class\'s grades are a reflection of his teaching. He\'s not easy but not ridiculously hard either. He grades all the homework assignments so be sure to come prepared! But he\'s a great professor and an awesome guy. I miss his classes now that I\'m done.
Christopher  Endrinal,University of Massachusetts,Music department, Lowell, MA,4,4.5,N/A,2.6,,14,07/16/2010,MT3,4.0,1.0,N/A,N/A,N/A,N/A,,0,0,I think he\'s pretty easy. Had 2 classes with him and he knows his stuff.
Christopher  Endrinal,University of Massachusetts,Music department, Lowell, MA,4,4.5,N/A,2.6,,14,11/16/2009,MTHRY3,5.0,3.0,N/A,N/A,N/A,N/A,,0,0,"Energetic--I\'ve never seen a professor so invested in the success of his students. Takes your grades personally, and always tries to make sure you know the material before moving on. Very hard to get a bad grade if you keep up with him."
Christopher  Endrinal,University of Massachusetts,Music department, Lowell, MA,4,4.5,N/A,2.6,,14,11/04/2009,EURO101,4.0,5.0,N/A,N/A,N/A,N/A,,0,0,"He\'s tough, but he can teach"
Christopher  Endrinal,University of Massachusetts,Music department, Lowell, MA,4,4.5,N/A,2.6,,14,04/15/2009,MUSIC102,5.0,3.0,N/A,N/A,N/A,N/A,,0,0,"Dr. E knows exactly how to help students with what they have trouble with. He\'s open to questions, and willing to take extra time if something is troublesome. Plus he makes everything interesting and exciting!"
Christopher  Endrinal,University of Massachusetts,Music department, Lowell, MA,4,4.5,N/A,2.6,,14,04/03/2009,MUSIC7120,5.0,3.0,N/A,N/A,N/A,N/A,,0,0,Good teacher!! Everyone like him. He makes time fly in his class. Very funny professor.
Christopher  Endrinal,University of Massachusetts,Music department, Lowell, MA,4,4.5,N/A,2.6,,14,03/31/2009,THEOR1,5.0,4.0,N/A,N/A,N/A,N/A,,0,0,This guy is great! Knows exactly what he is doing and loves what he does. He is always enthused about the material. He is helpful and will always be open to help. Just keep up with homework and study for all quizzes and exams.
