professor_name,school_name,department_name,local_name,state_name,year_since_first_review,star_rating,take_again,diff_index,tag_professor,num_student,post_date,name_onlines,student_star,student_difficult,attence,for_credits,would_take_agains,grades,stu_tags,help_useful,help_not_useful,comments
Rebecca  Korzec,University of Baltimore,Law department, Baltimore, MD,5,2.0,N/A,3.0,Get ready to read (1)  Participation matters (1),5,11/22/2014,CONTRACTS1,1.5,3.0,N/A,Yes,N/A,N/A,GET READY TO READ  PARTICIPATION MATTERS,0,0,"She is slow moving between points. Will stand in silence without a problem, which makes the class unbearably slow. The book Is awesome. Outline the problems in the book, it\'s not worth writing out the (optional) answers. Read the case, take the rule, move on. A final, can submit problem answers to her for feedback."
Rebecca  Korzec,University of Baltimore,Law department, Baltimore, MD,5,2.0,N/A,3.0,Get ready to read (1)  Participation matters (1),5,10/31/2011,LAW611,1.0,4.0,N/A,N/A,N/A,N/A,,1,0,"Contracts & ILS ? so I spent about 6 hours a week w/ her, ugh. Never called on me once. By the end of the semester she called on the same 5 people. I felt unprepared going into Contracts II. She talks about her personal life way too much. Stay away if you can. My ILS TA Susan was really helpful though. I had Hatcher for K2 who was the best."
Rebecca  Korzec,University of Baltimore,Law department, Baltimore, MD,5,2.0,N/A,3.0,Get ready to read (1)  Participation matters (1),5,11/22/2009,LAW611,2.5,3.0,N/A,N/A,N/A,N/A,,1,0,"A decent teacher. She likes to explain things to death, but that can be good. Her grading is very fair/Borderline generous. Only con is that going to her office hours is a waste of time. Her idea of helpful feedback is telling you that you need to do better. She won\'t tell you anything more specific than that. She\'s a nice lady though."
Rebecca  Korzec,University of Baltimore,Law department, Baltimore, MD,5,2.0,N/A,3.0,Get ready to read (1)  Participation matters (1),5,08/06/2009,LAW611,3.0,2.0,N/A,N/A,N/A,N/A,,0,1,Prof. Korzec cares a lot about professionalism and civility between students. If you are respectful to her she is respectful to you. The text book she used was awesome!
Rebecca  Korzec,University of Baltimore,Law department, Baltimore, MD,5,2.0,N/A,3.0,Get ready to read (1)  Participation matters (1),5,01/26/2009,LAW611,2.0,3.0,N/A,N/A,N/A,N/A,,1,0,"Professor Korzec is very intelligent, but she shares very few of her knowledge with her Contracts students. Less than half of each class was about the material, the rest was devoted to unrelated tangents. I learned the entire semester from the book. Sympathetic towards students but still condescending and rude on a regular basis."
