professor_name,school_name,department_name,local_name,state_name,year_since_first_review,star_rating,take_again,diff_index,tag_professor,num_student,post_date,name_onlines,student_star,student_difficult,attence,for_credits,would_take_agains,grades,stu_tags,help_useful,help_not_useful,comments
Jamie  Larson,University of New Orleans,English department, New Orleans, LA,6,5.0,N/A,3.3,Respected (1)  BEWARE OF POP QUIZZES (1)  Amazing lectures (1)  Caring (1)  Inspirational (1),4,03/25/2015,ENGL100,5.0,3.0,Mandatory,N/A,N/A,A,AMAZING LECTURES  RESPECTED  INSPIRATIONAL,0,0,She\'s way too good for what i expected. She is very knowledgeable. She is a motivational speaker.
Jamie  Larson,University of New Orleans,English department, New Orleans, LA,6,5.0,N/A,3.3,Respected (1)  BEWARE OF POP QUIZZES (1)  Amazing lectures (1)  Caring (1)  Inspirational (1),4,02/10/2013,ENG100,5.0,3.0,N/A,N/A,N/A,N/A,,0,0,"She is the best English teacher I\'ve ever had. She is funny,friendly, respectful, helpful and informative. I think this is all what you need in a teacher. If you work hard, you will get the score you want. Just work and Don\'t worry about grades. Have Fun..."
Jamie  Larson,University of New Orleans,English department, New Orleans, LA,6,5.0,N/A,3.3,Respected (1)  BEWARE OF POP QUIZZES (1)  Amazing lectures (1)  Caring (1)  Inspirational (1),4,04/20/2009,ENGL1157,5.0,4.0,N/A,N/A,N/A,N/A,,0,0,She is a really good teacher. She let\'s you do revisions on all of your papers without capping how high your grade can go. Very willing to work with you whenever you need it.
Jamie  Larson,University of New Orleans,English department, New Orleans, LA,6,5.0,N/A,3.3,Respected (1)  BEWARE OF POP QUIZZES (1)  Amazing lectures (1)  Caring (1)  Inspirational (1),4,01/27/2009,ENGL1157,5.0,3.0,N/A,N/A,N/A,N/A,,0,0,She is a very good teacher. Goes over pretty much everything and puts it into terms everyone can understand. Very willing to work with you during office hours if you need help.
