professor_name,school_name,department_name,local_name,state_name,year_since_first_review,star_rating,take_again,diff_index,tag_professor,num_student,post_date,name_onlines,student_star,student_difficult,attence,for_credits,would_take_agains,grades,stu_tags,help_useful,help_not_useful,comments
Ben  Normack,University of Massachusetts,Biology department, Amherst, MA,3,1.3,N/A,4.3,,6,05/09/2013,BIO152,1.0,4.0,N/A,N/A,N/A,N/A,,0,0,"Horrible teacher, his Powerpoints are horrible, they are all pictures of bugs and other things that he doesn\'t explain. DO NOT TAKE THIS CLASS IF AT ALL POSSIBLE."
Ben  Normack,University of Massachusetts,Biology department, Amherst, MA,3,1.3,N/A,4.3,,6,04/27/2011,BIO101,1.5,4.0,N/A,N/A,N/A,N/A,,0,0,"He struggles to keep the attention of the class. He spends too much time pacing and walking around, making it hard to pay attention. Must must must read the textbook, because class alone will not be enough. Smart man, but should not be teaching."
Ben  Normack,University of Massachusetts,Biology department, Amherst, MA,3,1.3,N/A,4.3,,6,04/20/2011,BIO101,1.0,4.0,N/A,N/A,N/A,N/A,,0,0,Porter was so much better as a teacher compared to Normack. Normack spends his time walking up and down the isles searching for someone to call out if he thinks they are using their phones or laptops for non class-related activities. For this reason he is useless. I\'m paying money to be taught and he spends his time rambling instead of teaching.
Ben  Normack,University of Massachusetts,Biology department, Amherst, MA,3,1.3,N/A,4.3,,6,03/25/2011,BIO2,1.0,5.0,N/A,N/A,N/A,N/A,,0,0,"I can not stand this professor. He spends all of his class time looking for people texting as opposed to teaching and rants on about the most irrelevant garbage. If he put half the effort he puts into catching people texting into teaching, he\'d probably be substantially better."
Ben  Normack,University of Massachusetts,Biology department, Amherst, MA,3,1.3,N/A,4.3,,6,01/05/2011,BIO101,2.0,4.0,N/A,N/A,N/A,N/A,,0,0,worst teacher i ever had at umass. porter did a terrible job teacher the first half of the class but i would have loved to have him back after sitting through a few lectures with Normack.
Ben  Normack,University of Massachusetts,Biology department, Amherst, MA,3,1.3,N/A,4.3,,6,04/12/2010,BIO101,1.0,5.0,N/A,N/A,N/A,N/A,,0,0,"He is the absolute worst of them all. The exams are impossible, and the students don\'t know whats going on. It seems like he is in his own little word when he speaks. A total loony."
