professor_name,school_name,department_name,local_name,state_name,year_since_first_review,star_rating,take_again,diff_index,tag_professor,num_student,post_date,name_onlines,student_star,student_difficult,attence,for_credits,would_take_agains,grades,stu_tags,help_useful,help_not_useful,comments
Song  Li,University of California Berkeley,Bioengineering department, Berkeley, CA,7,3.6,N/A,1.8,Respected (3)  Clear grading criteria (3)  Caring (2)  LECTURE HEAVY (1),10,02/24/2016,BIOE102,5.0,2.0,N/A,Yes,Yes,N/A,RESPECTED  CLEAR GRADING CRITERIA,0,0,"This was one of the most interesting classes that I have taken at UC Berkeley. It gives a good overview on biomechanics. Professor Li is very helpful and explains the concepts well. Tests are pretty straightforward and fair, and the group projects are interesting. I definitely would recommend this class!"
Song  Li,University of California Berkeley,Bioengineering department, Berkeley, CA,7,3.6,N/A,1.8,Respected (3)  Clear grading criteria (3)  Caring (2)  LECTURE HEAVY (1),10,01/26/2016,BIOE102,4.5,2.0,N/A,Yes,Yes,A,RESPECTED  CARING,0,0,"BioE 102 provides a good introduction to biomechanics, and is a great class only hampered by a somewhat messy book. Song Li is a thoughtful professor and a clear lecturer, and you can tell that he cares about both the subject and his students."
Song  Li,University of California Berkeley,Bioengineering department, Berkeley, CA,7,3.6,N/A,1.8,Respected (3)  Clear grading criteria (3)  Caring (2)  LECTURE HEAVY (1),10,01/13/2016,BIOE102,3.5,2.0,Not Mandatory,Yes,Yes,A,LECTURE HEAVY,0,0,"Professor Song is a quality professor. His lectures cover the material well and he is open to questions. On his midterm and final, he is very fair with the questions and never asks you to answer questions on material not covered."
Song  Li,University of California Berkeley,Bioengineering department, Berkeley, CA,7,3.6,N/A,1.8,Respected (3)  Clear grading criteria (3)  Caring (2)  LECTURE HEAVY (1),10,12/04/2015,BIOE116,4.5,2.0,Mandatory,Yes,Yes,A,CLEAR GRADING CRITERIA  CARING,0,0,"I have taken both BioE 102 and BioE 116 with Professor Li. He is friendly and receptive to students during office hours, and lectures provide good notes to prepare for problem sets and exams. The group projects are enjoyable and provide an opportunity to solidify your understanding of concepts."
Song  Li,University of California Berkeley,Bioengineering department, Berkeley, CA,7,3.6,N/A,1.8,Respected (3)  Clear grading criteria (3)  Caring (2)  LECTURE HEAVY (1),10,12/02/2015,BIOE102,5.0,1.0,N/A,Yes,Yes,A,CLEAR GRADING CRITERIA  RESPECTED,0,0,Professor Li is a very enjoyable professor who is clear and makes classes entertaining. He is always available to help his students. The BioE 102 class was very interesting and I enjoyed how the class was set up. The group project gave good opportunity to learn. I would definitely recommend the class to anyone.
Song  Li,University of California Berkeley,Bioengineering department, Berkeley, CA,7,3.6,N/A,1.8,Respected (3)  Clear grading criteria (3)  Caring (2)  LECTURE HEAVY (1),10,05/16/2012,BIOE116,2.0,3.0,N/A,N/A,N/A,N/A,,0,0,"class is pure memorization of EVERYTHING he says in class. no real teaching in classes, just skim over everything on the slide. you really have to take the time to learn everything on your own."
Song  Li,University of California Berkeley,Bioengineering department, Berkeley, CA,7,3.6,N/A,1.8,Respected (3)  Clear grading criteria (3)  Caring (2)  LECTURE HEAVY (1),10,04/08/2010,BIOE116,1.0,1.0,N/A,N/A,N/A,N/A,,0,0,His lecture style is very unorganized and not very conducive to learning the material.
Song  Li,University of California Berkeley,Bioengineering department, Berkeley, CA,7,3.6,N/A,1.8,Respected (3)  Clear grading criteria (3)  Caring (2)  LECTURE HEAVY (1),10,06/22/2009,BIOE116,4.0,2.0,N/A,N/A,N/A,N/A,,0,0,"Honestly, an extremely helpful professors who is very approachable when it comes to answering your questions. He tries to teach the class, although his accent may get in the way. Overall, a 4 out 5 prof."
Song  Li,University of California Berkeley,Bioengineering department, Berkeley, CA,7,3.6,N/A,1.8,Respected (3)  Clear grading criteria (3)  Caring (2)  LECTURE HEAVY (1),10,06/11/2009,BIOE116,4.0,2.0,N/A,N/A,N/A,N/A,,1,0,"guys! the dude before me sucks-all lies. Dr. Li is very helpful he cares about his students, asks and remembers any detail u tell him! he writes rec letters trutfully.I enjoyed his classes and never thought they were boring. If you attend the lectures, no texbook is required! you learn what u need to learn! He is my favorite BE professor!"
Song  Li,University of California Berkeley,Bioengineering department, Berkeley, CA,7,3.6,N/A,1.8,Respected (3)  Clear grading criteria (3)  Caring (2)  LECTURE HEAVY (1),10,04/05/2009,BIOE102,2.0,1.0,N/A,N/A,N/A,N/A,,0,1,"His tests are easy and the lecture material is pretty easy. However, as a lecturer he is pretty boring and goes over a lot of unnecessary proofs in class. As a professor, he is difficult to talk to and he doesn\'t care much about undergraduates. His office hours are completely useless.Never ask him to write a rec letter."
