professor_name,school_name,department_name,local_name,state_name,year_since_first_review,star_rating,take_again,diff_index,tag_professor,num_student,post_date,name_onlines,student_star,student_difficult,attence,for_credits,would_take_agains,grades,stu_tags,help_useful,help_not_useful,comments
Buffy  Quinn,Onondaga Community College,Science department, Syracuse, NY,8,4.6,N/A,2.4,Respected (6)  Caring (4)  Hilarious (3)  Inspirational (2)  Skip class? You won\'t pass. (1)  Gives good feedback (1),8,12/26/2017,GE0107,5.0,2.0,N/A,Yes,Yes,A,CARING  RESPECTED  HILARIOUS,0,0,"Buffy is such a great professor! The class is super fun, and if you\'re bad at science I think you\'ll like this course (it doesn\'t even feel like a science class)! It\'s a very easy course too you\'ll most likely get an A (assuming you won\'t skip class a lot)"
Buffy  Quinn,Onondaga Community College,Science department, Syracuse, NY,8,4.6,N/A,2.4,Respected (6)  Caring (4)  Hilarious (3)  Inspirational (2)  Skip class? You won\'t pass. (1)  Gives good feedback (1),8,01/20/2017,ENV104,4.0,3.0,Mandatory,Yes,Yes,A+,INSPIRATIONAL  RESPECTED  CARING,1,0,"Buffy is the sweetest, kindest professor I\'ve ever had. She is very passionate about GIS and enthusiastic. It\'s such a joy to take her courses because she actively cares about what she teaches. Although it\'s a long course once a week, Buffy really makes it interesting and fun. Don\'t second guess, take GIS!"
Buffy  Quinn,Onondaga Community College,Science department, Syracuse, NY,8,4.6,N/A,2.4,Respected (6)  Caring (4)  Hilarious (3)  Inspirational (2)  Skip class? You won\'t pass. (1)  Gives good feedback (1),8,04/08/2016,GE0107,5.0,1.0,Mandatory,Yes,N/A,A,HILARIOUS  INSPIRATIONAL  RESPECTED,0,0,Buffy is the funniest professor on campus. She makes the class so easy to understand. Take her. Most likely an easy A to add to your semester. Very nice and willing to help. Not much homework either.
Buffy  Quinn,Onondaga Community College,Science department, Syracuse, NY,8,4.6,N/A,2.4,Respected (6)  Caring (4)  Hilarious (3)  Inspirational (2)  Skip class? You won\'t pass. (1)  Gives good feedback (1),8,08/09/2015,ENV104,5.0,3.0,Mandatory,Yes,N/A,N/A,CARING  GIVES GOOD FEEDBACK,0,0,"She knows what she\'s doing, which is hard to come by in GIS. Lectures give good info on how to use the ArcGIS program. No worries if you have trouble in class, she\'d be more than willing to help out. Easy to get a decent grade in this class as long as you keep up on the projects."
Buffy  Quinn,Onondaga Community College,Science department, Syracuse, NY,8,4.6,N/A,2.4,Respected (6)  Caring (4)  Hilarious (3)  Inspirational (2)  Skip class? You won\'t pass. (1)  Gives good feedback (1),8,05/15/2015,ENV103801,5.0,3.0,N/A,Yes,Yes,N/A,RESPECTED  CARING,0,0,"Loved this class, LOVED Buffy! Class was complex and interesting, gives a ton of helpful advice."
Buffy  Quinn,Onondaga Community College,Science department, Syracuse, NY,8,4.6,N/A,2.4,Respected (6)  Caring (4)  Hilarious (3)  Inspirational (2)  Skip class? You won\'t pass. (1)  Gives good feedback (1),8,01/21/2015,GE0107,4.0,2.0,Mandatory,Yes,Yes,B+,RESPECTED,0,0,"I took the disasternatural hazard class with her and it was amazing! Super interesting stuff and did not feel like a science class at all. Buffy is so sweet and very understanding of you ever have to miss class or make up a test. Very few assignments, a few quizzes and only 2 major tests."
Buffy  Quinn,Onondaga Community College,Science department, Syracuse, NY,8,4.6,N/A,2.4,Respected (6)  Caring (4)  Hilarious (3)  Inspirational (2)  Skip class? You won\'t pass. (1)  Gives good feedback (1),8,12/24/2014,GIS,4.5,3.0,Mandatory,Yes,N/A,A,HILARIOUS  SKIP CLASS? YOU WON\'T PASS.  RESPECTED,0,0,I was sure I was going to hate GIS. Buffy helped so much and made everything so much more clear. She\'s easy to get along with and she\'s hands down one of my favorite teachers. I love her!
Buffy  Quinn,Onondaga Community College,Science department, Syracuse, NY,8,4.6,N/A,2.4,Respected (6)  Caring (4)  Hilarious (3)  Inspirational (2)  Skip class? You won\'t pass. (1)  Gives good feedback (1),8,05/13/2009,SCI100,4.5,2.0,N/A,N/A,N/A,N/A,,0,0,"She is an amazing professor, she is very clear w/her teaching,very funny, caring, she is da best!!!!"
