professor_name,school_name,department_name,local_name,state_name,year_since_first_review,star_rating,take_again,diff_index,tag_professor,num_student,post_date,name_onlines,student_star,student_difficult,attence,for_credits,would_take_agains,grades,stu_tags,help_useful,help_not_useful,comments
Lorraine  Zank,Riverside City College,Physical Education department, Riverside, CA,7,3.7,N/A,2.6,Gives good feedback (10)  Participation matters (10)  Respected (6)  Inspirational (5)  Skip class? You won\'t pass. (3)  Caring (3)  Clear grading criteria (2)  Amazing lectures (2)  Tough Grader (1),20,01/26/2016,KINA46,4.0,3.0,Mandatory,Yes,Yes,A,AMAZING LECTURES  CARING,0,0,"She is a great yoga teacher, a bit strict at times but great at what she does. This class does involve you to actually participate and put in some work. If you\'re lazy you probably won\'t enjoy it. You can gain a lot out of this class by putting in that effort. She\'s very clear on the poses and will help you if you need it. Really enjoyed this class"
Lorraine  Zank,Riverside City College,Physical Education department, Riverside, CA,7,3.7,N/A,2.6,Gives good feedback (10)  Participation matters (10)  Respected (6)  Inspirational (5)  Skip class? You won\'t pass. (3)  Caring (3)  Clear grading criteria (2)  Amazing lectures (2)  Tough Grader (1),20,07/30/2015,KINA46,5.0,1.0,Mandatory,Yes,N/A,A,INSPIRATIONAL  PARTICIPATION MATTERS  GIVES GOOD FEEDBACK,1,0,I took her class during the summer and we ended up doing yoga for a little over an hour four days straight and I loved it! She\'s clear and concise about the poses! Her grading is not hard at all! You show up and you will get an A! She doesn\'t expect much! You show her respect and she will reflect it back. She\'s sweet and a delight to around.
Lorraine  Zank,Riverside City College,Physical Education department, Riverside, CA,7,3.7,N/A,2.6,Gives good feedback (10)  Participation matters (10)  Respected (6)  Inspirational (5)  Skip class? You won\'t pass. (3)  Caring (3)  Clear grading criteria (2)  Amazing lectures (2)  Tough Grader (1),20,04/22/2015,KINA46,5.0,1.0,N/A,Yes,Yes,A+,CLEAR GRADING CRITERIA,1,0,"she gave an entertaining class.. would take again!! shes also really good about making up missed classes, there is no reason why students should not pass with an A."
Lorraine  Zank,Riverside City College,Physical Education department, Riverside, CA,7,3.7,N/A,2.6,Gives good feedback (10)  Participation matters (10)  Respected (6)  Inspirational (5)  Skip class? You won\'t pass. (3)  Caring (3)  Clear grading criteria (2)  Amazing lectures (2)  Tough Grader (1),20,04/06/2015,A,4.5,2.0,N/A,Yes,N/A,N/A,GIVES GOOD FEEDBACK  PARTICIPATION MATTERS  RESPECTED,1,0,Fun Class!
Lorraine  Zank,Riverside City College,Physical Education department, Riverside, CA,7,3.7,N/A,2.6,Gives good feedback (10)  Participation matters (10)  Respected (6)  Inspirational (5)  Skip class? You won\'t pass. (3)  Caring (3)  Clear grading criteria (2)  Amazing lectures (2)  Tough Grader (1),20,03/18/2015,30655,4.0,1.0,N/A,Yes,Yes,N/A,PARTICIPATION MATTERS  GIVES GOOD FEEDBACK,1,0,"Such a great class with an amazing instructor! Ms. Zank is one of my favorites; she gives clear feedback and advice. It\'s an easy ""A"" if you put forth the effort. Dedicate yourself to showing up to class, be punctual; if you miss out, you make up. Don\'t take this class expecting to just laze about, you have to earn your grade! Would take again! 3"
Lorraine  Zank,Riverside City College,Physical Education department, Riverside, CA,7,3.7,N/A,2.6,Gives good feedback (10)  Participation matters (10)  Respected (6)  Inspirational (5)  Skip class? You won\'t pass. (3)  Caring (3)  Clear grading criteria (2)  Amazing lectures (2)  Tough Grader (1),20,03/14/2015,KINA46,5.0,1.0,N/A,Yes,Yes,N/A,AMAZING LECTURES  INSPIRATIONAL,1,0,"I really enjoyed going to class because there was always something new to learn. She is patient and also teaches students to do the yoga poses correct so they won\'t get injured, and tell\'s the students what are they good for example the shoulder stand that is for back streghting."
Lorraine  Zank,Riverside City College,Physical Education department, Riverside, CA,7,3.7,N/A,2.6,Gives good feedback (10)  Participation matters (10)  Respected (6)  Inspirational (5)  Skip class? You won\'t pass. (3)  Caring (3)  Clear grading criteria (2)  Amazing lectures (2)  Tough Grader (1),20,02/12/2015,KIN46,5.0,1.0,N/A,Yes,Yes,N/A,PARTICIPATION MATTERS  GIVES GOOD FEEDBACK,2,1,She\'s a great teacher! I had never taken a yoga class before this so it was nice doing all the poses the right way. She\'s determined to get everyone to do poses the right way and safety is always important. I\'d definitely take her class again.
Lorraine  Zank,Riverside City College,Physical Education department, Riverside, CA,7,3.7,N/A,2.6,Gives good feedback (10)  Participation matters (10)  Respected (6)  Inspirational (5)  Skip class? You won\'t pass. (3)  Caring (3)  Clear grading criteria (2)  Amazing lectures (2)  Tough Grader (1),20,02/12/2015,KINA46,5.0,1.0,N/A,N/A,Yes,N/A,CLEAR GRADING CRITERIA  GIVES GOOD FEEDBACK,1,0,"Great class! If you\'re motivated to actually do different things with your bodies, take it. Activities learned can be used in the long run."
Lorraine  Zank,Riverside City College,Physical Education department, Riverside, CA,7,3.7,N/A,2.6,Gives good feedback (10)  Participation matters (10)  Respected (6)  Inspirational (5)  Skip class? You won\'t pass. (3)  Caring (3)  Clear grading criteria (2)  Amazing lectures (2)  Tough Grader (1),20,02/10/2015,42130,5.0,3.0,N/A,N/A,N/A,N/A,PARTICIPATION MATTERS  GIVES GOOD FEEDBACK  CARING,2,0,This instructor knows her topic and is clear in her communication to students. Student participation makes a difference. Because of this class I have gained body strength and flexibility and an understanding of how the various joints should bend and work.
Lorraine  Zank,Riverside City College,Physical Education department, Riverside, CA,7,3.7,N/A,2.6,Gives good feedback (10)  Participation matters (10)  Respected (6)  Inspirational (5)  Skip class? You won\'t pass. (3)  Caring (3)  Clear grading criteria (2)  Amazing lectures (2)  Tough Grader (1),20,02/05/2015,42130,5.0,4.0,Mandatory,N/A,N/A,N/A,PARTICIPATION MATTERS  GIVES GOOD FEEDBACK  INSPIRATIONAL,2,0,I love this class! Pose positioning is thoroughly explained as well as the physical benefits! Lorraine keeps a close eye on participants to make sure poses are learned correctly and safely! This class provides an excellent foundation for beginners and improved poses for advanced students. Lorraine cares! She is the best yoga teacher I\'ve had.
Lorraine  Zank,Riverside City College,Physical Education department, Riverside, CA,7,3.7,N/A,2.6,Gives good feedback (10)  Participation matters (10)  Respected (6)  Inspirational (5)  Skip class? You won\'t pass. (3)  Caring (3)  Clear grading criteria (2)  Amazing lectures (2)  Tough Grader (1),20,02/02/2015,42130,5.0,3.0,N/A,N/A,N/A,N/A,RESPECTED  CARING  INSPIRATIONAL,2,0,Lorraine Zank is an excellent yoga instructor and the class has helped me improve my flexibility and strength. She is very helpful as well and knows what she is doing.
Lorraine  Zank,Riverside City College,Physical Education department, Riverside, CA,7,3.7,N/A,2.6,Gives good feedback (10)  Participation matters (10)  Respected (6)  Inspirational (5)  Skip class? You won\'t pass. (3)  Caring (3)  Clear grading criteria (2)  Amazing lectures (2)  Tough Grader (1),20,01/31/2015,42130,5.0,1.0,N/A,No,N/A,N/A,GIVES GOOD FEEDBACK  RESPECTED  INSPIRATIONAL,1,0,Lorraine Zank is a really good teacher . She takes time with her students and makes sure that they are following instructions for correct yoga poses for their safe and best results. She takes an interest in each person in her class and their needs and attempts to meet each need to expand their personal best performances. She encourages the students
Lorraine  Zank,Riverside City College,Physical Education department, Riverside, CA,7,3.7,N/A,2.6,Gives good feedback (10)  Participation matters (10)  Respected (6)  Inspirational (5)  Skip class? You won\'t pass. (3)  Caring (3)  Clear grading criteria (2)  Amazing lectures (2)  Tough Grader (1),20,01/30/2015,YOUNGATHEART,4.0,4.0,N/A,N/A,N/A,N/A,RESPECTED  GIVES GOOD FEEDBACK  PARTICIPATION MATTERS,1,0,"Our class is focused on yoga and to expanding our ability and technique. The instructor explains all of the moves and poses, then checks our technique. She is strict on proper technique to prevent injuries. It is challenging not recreational."
Lorraine  Zank,Riverside City College,Physical Education department, Riverside, CA,7,3.7,N/A,2.6,Gives good feedback (10)  Participation matters (10)  Respected (6)  Inspirational (5)  Skip class? You won\'t pass. (3)  Caring (3)  Clear grading criteria (2)  Amazing lectures (2)  Tough Grader (1),20,01/30/2015,YOGA,5.0,1.0,N/A,N/A,N/A,Audit/No,GIVES GOOD FEEDBACK  RESPECTED  PARTICIPATION MATTERS,1,0,Great teacher. Sign up you will love it. Lorraine is great!
Lorraine  Zank,Riverside City College,Physical Education department, Riverside, CA,7,3.7,N/A,2.6,Gives good feedback (10)  Participation matters (10)  Respected (6)  Inspirational (5)  Skip class? You won\'t pass. (3)  Caring (3)  Clear grading criteria (2)  Amazing lectures (2)  Tough Grader (1),20,12/05/2014,YOGA,1.0,5.0,N/A,Yes,N/A,N/A,SKIP CLASS? YOU WON\'T PASS.  PARTICIPATION MATTERS,2,1,This teacher is the worst teacher I\'ve has thus far. She is SO rude & disrespectful. She treats people with the most disrespect I have ever witnessed. She should not be a teacher! She doesn\'t help when you ask questions & just answers rudely. Make ups for any little thing. Worst teacher on the norco campus.
Lorraine  Zank,Riverside City College,Physical Education department, Riverside, CA,7,3.7,N/A,2.6,Gives good feedback (10)  Participation matters (10)  Respected (6)  Inspirational (5)  Skip class? You won\'t pass. (3)  Caring (3)  Clear grading criteria (2)  Amazing lectures (2)  Tough Grader (1),20,12/04/2014,KIN,1.0,5.0,Mandatory,N/A,N/A,N/A,SKIP CLASS? YOU WON\'T PASS.  TOUGH GRADER,2,1,"don\'t take this course, if you miss class your grade will suffer ! shes extremely rude and inconsiderate like everyone else has said."
Lorraine  Zank,Riverside City College,Physical Education department, Riverside, CA,7,3.7,N/A,2.6,Gives good feedback (10)  Participation matters (10)  Respected (6)  Inspirational (5)  Skip class? You won\'t pass. (3)  Caring (3)  Clear grading criteria (2)  Amazing lectures (2)  Tough Grader (1),20,06/05/2014,KIN,1.0,4.0,Mandatory,N/A,N/A,A-,,3,1,Horrible teacher!! she\'s inconsiderate of her students feelings. She will insult during class. She\'s strict on the poses. She makes us do make ups like crazy. She\'s very rude. There\'s a paper for this class. Take someone else. Don\'t take her!
Lorraine  Zank,Riverside City College,Physical Education department, Riverside, CA,7,3.7,N/A,2.6,Gives good feedback (10)  Participation matters (10)  Respected (6)  Inspirational (5)  Skip class? You won\'t pass. (3)  Caring (3)  Clear grading criteria (2)  Amazing lectures (2)  Tough Grader (1),20,01/16/2013,YOGAKIN,1.0,5.0,N/A,N/A,N/A,N/A,,3,1,"worst experience ..inconsiderate, uptight, not fun, she\'s a die-hard yoga lady, take someone or something else trust me !!!!"
Lorraine  Zank,Riverside City College,Physical Education department, Riverside, CA,7,3.7,N/A,2.6,Gives good feedback (10)  Participation matters (10)  Respected (6)  Inspirational (5)  Skip class? You won\'t pass. (3)  Caring (3)  Clear grading criteria (2)  Amazing lectures (2)  Tough Grader (1),20,12/18/2009,PHPA46,2.0,3.0,N/A,N/A,N/A,N/A,,2,1,"i don\'t like her teaching, she is very strict on written assignments. she wasn\'t helpful on poses"
Lorraine  Zank,Riverside City College,Physical Education department, Riverside, CA,7,3.7,N/A,2.6,Gives good feedback (10)  Participation matters (10)  Respected (6)  Inspirational (5)  Skip class? You won\'t pass. (3)  Caring (3)  Clear grading criteria (2)  Amazing lectures (2)  Tough Grader (1),20,01/26/2009,PHPA46,2.0,2.0,N/A,N/A,N/A,N/A,,2,1,She\'s an OK teacher; just don\'t like her teaching style. Yoga probably comes naturally to her; she has a harder time explaining how to do a pose or how to adjust it if you\'re having a hard time with it. Regular attendance and you\'ll do fine.
