professor_name,school_name,department_name,local_name,state_name,year_since_first_review,star_rating,take_again,diff_index,tag_professor,num_student,post_date,name_onlines,student_star,student_difficult,attence,for_credits,would_take_agains,grades,stu_tags,help_useful,help_not_useful,comments
Gillian  Ray,Antelope Valley College,Library Science department, Lancaster, CA,5,4.8,N/A,1.0,Skip class? You won\'t pass. (1),10,12/16/2014,LIB101,3.0,1.0,Mandatory,N/A,N/A,A+,SKIP CLASS? YOU WON\'T PASS.,0,0,"Really easy class as long as you pay attention. She gives study guides for the tests. The homework can be done like an hour to thirty minutes before class,but I mean you should probably do it the day she assigned it so that you don\'t have to worry about it later."
Gillian  Ray,Antelope Valley College,Library Science department, Lancaster, CA,5,4.8,N/A,1.0,Skip class? You won\'t pass. (1),10,06/10/2013,LIB101,5.0,1.0,N/A,N/A,N/A,N/A,,0,0,Professor Ray made this class very comfortable and it was indeed a refresher course for me as I am an older student and had not done research in a library in many years. Of course I was the oldest student in a class of Soar Students haha. Easy class just show up.
Gillian  Ray,Antelope Valley College,Library Science department, Lancaster, CA,5,4.8,N/A,1.0,Skip class? You won\'t pass. (1),10,06/04/2013,LIB101,5.0,1.0,N/A,N/A,N/A,N/A,,0,0,"Great class for students just beginning college. Will teach you how to write a research paper in MLA format, which is needed for many, if not all of the classes students will take at AVC. Awesome information for conducting library research. Easy work, a couple journals, a bibliography, no paper!"
Gillian  Ray,Antelope Valley College,Library Science department, Lancaster, CA,5,4.8,N/A,1.0,Skip class? You won\'t pass. (1),10,04/22/2013,KIN909,5.0,1.0,N/A,N/A,N/A,N/A,,3,0,really hard class. she dosent even tell you the answers during the test. y do u needz skool anyway!
Gillian  Ray,Antelope Valley College,Library Science department, Lancaster, CA,5,4.8,N/A,1.0,Skip class? You won\'t pass. (1),10,03/24/2013,LIB101,5.0,1.0,N/A,N/A,N/A,N/A,,3,0,Very good and teacher. Loved the class. She is Russian so you need to get used to her accent. Also good looking as well
Gillian  Ray,Antelope Valley College,Library Science department, Lancaster, CA,5,4.8,N/A,1.0,Skip class? You won\'t pass. (1),10,01/22/2013,LIB101,4.5,1.0,N/A,N/A,N/A,N/A,,3,0,hottest and easiest teacher i have ever had
Gillian  Ray,Antelope Valley College,Library Science department, Lancaster, CA,5,4.8,N/A,1.0,Skip class? You won\'t pass. (1),10,06/20/2012,LIB101,5.0,1.0,N/A,N/A,N/A,N/A,,0,0,"She\'s really really easy! She gives you study guides for tests & everything you need to pass the course. If you get something wrong or don\'t understand something, she\'s always there to help you."
Gillian  Ray,Antelope Valley College,Library Science department, Lancaster, CA,5,4.8,N/A,1.0,Skip class? You won\'t pass. (1),10,12/22/2011,LIB101,5.0,1.0,N/A,N/A,N/A,N/A,,0,0,Easy class! Just show up.
Gillian  Ray,Antelope Valley College,Library Science department, Lancaster, CA,5,4.8,N/A,1.0,Skip class? You won\'t pass. (1),10,02/07/2011,LIB101,5.0,1.0,N/A,N/A,N/A,N/A,,0,0,"Very nice, easy class, gives you all the resources you need."
Gillian  Ray,Antelope Valley College,Library Science department, Lancaster, CA,5,4.8,N/A,1.0,Skip class? You won\'t pass. (1),10,01/27/2009,LIB101,5.0,1.0,N/A,N/A,N/A,N/A,,0,0,Awesome teacher. Made a boring subject very interesting. Would take her again if I got the chance. You RAWK!!!
