professor_name,school_name,department_name,local_name,state_name,year_since_first_review,star_rating,take_again,diff_index,tag_professor,num_student,post_date,name_onlines,student_star,student_difficult,attence,for_credits,would_take_agains,grades,stu_tags,help_useful,help_not_useful,comments
Gina  Donahoo,Florida Coastal School of Law,Lawyering Process department, Jacksonville, FL,5,3.8,N/A,3.1,,14,04/14/2014,LPI,4.5,3.0,Mandatory,N/A,N/A,A-,,0,0,Favorite teacher by far. Meet with her in her office and she makes sure you understand everything. Doesn\'t waste time with the confusing text in the book. Just tells you how it is and skips the BS.
Gina  Donahoo,Florida Coastal School of Law,Lawyering Process department, Jacksonville, FL,5,3.8,N/A,3.1,,14,11/08/2012,LPB,5.0,4.0,N/A,N/A,N/A,N/A,,0,0,"Best professor of all time. Not only does she help prep you for the huge citation exam at the end of each semester, she prepares you to the fullest for the stupid huge legal writing final. She walks you through everything necessary for papers, etc. Great professor, pray you get her."
Gina  Donahoo,Florida Coastal School of Law,Lawyering Process department, Jacksonville, FL,5,3.8,N/A,3.1,,14,11/07/2012,LPIIH,5.0,2.0,N/A,N/A,N/A,N/A,,0,0,My favorite professor so far and most helpful class.
Gina  Donahoo,Florida Coastal School of Law,Lawyering Process department, Jacksonville, FL,5,3.8,N/A,3.1,,14,07/11/2011,LPBB,4.5,4.0,N/A,N/A,N/A,N/A,,0,0,"Professor Donahoo is one of the best professors I have ever had. She is willing to help, but not give you the answer. I have learned so much from her class. If you go to class and pay attention (don\'t need to read) and actually try... then you will do well. I don\'t know what the person below is talking about, she is fair. Very good professor."
Gina  Donahoo,Florida Coastal School of Law,Lawyering Process department, Jacksonville, FL,5,3.8,N/A,3.1,,14,04/11/2011,LP1,1.0,5.0,N/A,N/A,N/A,N/A,,0,0,Wow! Cant understand normal thinking
Gina  Donahoo,Florida Coastal School of Law,Lawyering Process department, Jacksonville, FL,5,3.8,N/A,3.1,,14,10/28/2010,LP1,2.0,4.0,N/A,N/A,N/A,N/A,,0,0,"Learned nothing. Sarcastic and insulting to my classmate. Give grades on kissing up curve. lies to class about their chances. IF she likes a guy, she will send him flirty emails. She talks trash about students to students. School should man up and can her. She could be a good teacher if she wanted, but she doesnt want. You will think wour doing wel"
Gina  Donahoo,Florida Coastal School of Law,Lawyering Process department, Jacksonville, FL,5,3.8,N/A,3.1,,14,05/24/2010,LP12,3.5,4.0,N/A,N/A,N/A,N/A,,0,0,"She was a great professor in LP 1, probably the best any law school has but for LP 2 she just didn\'t seem to care. She didn\'t give us any direction then yelled at us for not doing what she wanted! Watch out in LP2, the curve may knock you down a grade! She is a real nice lady, always available to help and answer questions."
Gina  Donahoo,Florida Coastal School of Law,Lawyering Process department, Jacksonville, FL,5,3.8,N/A,3.1,,14,04/06/2010,LPB,2.5,4.0,N/A,N/A,N/A,N/A,,0,0,If you get on her bad side you are SOL; she definitely plays favorites. She really doesn\'t explain what she wants nor does she give examples. She may be something to look at but she is rather lacking in regards to her teaching. I\'d recommend switching to another LP class.
Gina  Donahoo,Florida Coastal School of Law,Lawyering Process department, Jacksonville, FL,5,3.8,N/A,3.1,,14,03/27/2010,LP2,4.5,4.0,N/A,N/A,N/A,N/A,,0,0,Best LP Prof at school. Thank your stars if ya get her! Soooo C U T E !!!
Gina  Donahoo,Florida Coastal School of Law,Lawyering Process department, Jacksonville, FL,5,3.8,N/A,3.1,,14,04/13/2009,LP102,3.0,2.0,N/A,N/A,N/A,N/A,,0,0,nice lady. bad powerpoints. hurried communication style. not much patience for questions. seems to be lenient with the guys & their questions & problems v. the girls. overall not a bad professor but not overly helpful. much of the class material will be self-taught & the writing will be hit & miss until you get what she\'s really looking for.
Gina  Donahoo,Florida Coastal School of Law,Lawyering Process department, Jacksonville, FL,5,3.8,N/A,3.1,,14,03/24/2009,LP1,4.0,2.0,N/A,N/A,N/A,N/A,,0,0,She\'s hot and knows it. She also knows the subject. Do the assignments/participate and you\'ll get a good grade.
Gina  Donahoo,Florida Coastal School of Law,Lawyering Process department, Jacksonville, FL,5,3.8,N/A,3.1,,14,03/22/2009,LPLP,5.0,2.0,N/A,N/A,N/A,N/A,,0,0,"Very nice and helpful. Wants you to learn and will do a lot to make that happen. The class it self isn\'t tough as long as you do what is asked of you. As far as attendance goes, being a guy I didn\'t have a problem because she\'s eye candy."
Gina  Donahoo,Florida Coastal School of Law,Lawyering Process department, Jacksonville, FL,5,3.8,N/A,3.1,,14,03/19/2009,LP1,5.0,2.0,N/A,N/A,N/A,N/A,,0,0,Hot as anyting.... loved to go to that class just to see her... WOW and she is an amazing prof. who has actual experience not bad... TAKE HER
Gina  Donahoo,Florida Coastal School of Law,Lawyering Process department, Jacksonville, FL,5,3.8,N/A,3.1,,14,01/27/2009,LP1,4.0,2.0,N/A,N/A,N/A,N/A,,0,0,Smoking hot! Class isn\'t bad.
