professor_name,school_name,department_name,local_name,state_name,year_since_first_review,star_rating,take_again,diff_index,tag_professor,num_student,post_date,name_onlines,student_star,student_difficult,attence,for_credits,would_take_agains,grades,stu_tags,help_useful,help_not_useful,comments
Rita  Sullivan,University of Massachusetts,English department, Lowell, MA,6,3.9,N/A,2.2,LECTURE HEAVY (1)  Caring (1)  Participation matters (1)  Respected (1)  Skip class? You won\'t pass. (1),9,11/17/2015,ENGL3910,5.0,3.0,Mandatory,Yes,N/A,N/A,CARING  PARTICIPATION MATTERS  RESPECTED,0,1,"I\'ve taken two classes with Professor Sullivan and have been happy each time. She is always there for me when I ask for advice on job hunting, writing letters, and ways to better succeed at the university overall. She is an excellent person to have on your side too. I really enjoy her classes, especially Writing on the Job."
Rita  Sullivan,University of Massachusetts,English department, Lowell, MA,6,3.9,N/A,2.2,LECTURE HEAVY (1)  Caring (1)  Participation matters (1)  Respected (1)  Skip class? You won\'t pass. (1),9,11/12/2015,ENGL2220,1.0,3.0,N/A,Yes,N/A,N/A,LECTURE HEAVY  SKIP CLASS? YOU WON\'T PASS.,0,2,Professor Sullivan could be A English teacher. She thought in middle and high school (trade school) but i don\'t think she is suited for a University level. She is teaching Oral Communication course but we couldn\'t barely hear what she is saying unless you sit in the front row. Not easy to follow and assumes you understand everything.
Rita  Sullivan,University of Massachusetts,English department, Lowell, MA,6,3.9,N/A,2.2,LECTURE HEAVY (1)  Caring (1)  Participation matters (1)  Respected (1)  Skip class? You won\'t pass. (1),9,04/28/2014,SHSTORY,4.5,2.0,N/A,N/A,N/A,N/A,,2,0,"Took short story during spring 2013. Rating now because why not. It was a good elective for a business major. Very easy class & I actually enjoyed some of the stories. Had to read 1-3 stories a week, and pass in 2 paragraph response for each one. Two 2page papers, midterm and a final. Easy, enjoyable and good teacher. For an elective? u wont regret"
Rita  Sullivan,University of Massachusetts,English department, Lowell, MA,6,3.9,N/A,2.2,LECTURE HEAVY (1)  Caring (1)  Participation matters (1)  Respected (1)  Skip class? You won\'t pass. (1),9,12/27/2012,WOJ300,4.0,1.0,N/A,N/A,N/A,N/A,,2,1,"Professor Sullivan is a good teacher. She is clear,articulate and she is brilliant with classic communication (i.e., verbal and written communication). Her only flaw is that she lacks knowledge of current technology and social media which is essential in business communication."
Rita  Sullivan,University of Massachusetts,English department, Lowell, MA,6,3.9,N/A,2.2,LECTURE HEAVY (1)  Caring (1)  Participation matters (1)  Respected (1)  Skip class? You won\'t pass. (1),9,06/16/2011,ENL000,3.5,3.0,N/A,N/A,N/A,N/A,,2,1,"She is ok.I\'ve taken 2 classes with her.She does teach you a lot.However, if she doesn\'t like you,you will never get a grade higher than a B.I submitted a paper in her class that I had used in another class,with the other professors permission,just to prove my point.She gave me a B- while the other teacher said is was an A quality paper."
Rita  Sullivan,University of Massachusetts,English department, Lowell, MA,6,3.9,N/A,2.2,LECTURE HEAVY (1)  Caring (1)  Participation matters (1)  Respected (1)  Skip class? You won\'t pass. (1),9,12/19/2010,ENG101,4.5,2.0,N/A,N/A,N/A,N/A,,0,0,Prof. Sullivan is a great professor! She is very helpful and clearly states learning objectives. If you fail in her class you can only blame yourself. Deadlines and assignments were fair and not too difficult.
Rita  Sullivan,University of Massachusetts,English department, Lowell, MA,6,3.9,N/A,2.2,LECTURE HEAVY (1)  Caring (1)  Participation matters (1)  Respected (1)  Skip class? You won\'t pass. (1),9,04/15/2010,ORAL222,4.5,1.0,N/A,N/A,N/A,N/A,,0,0,"Oral communications should be a mandatory class. Rita is great, friendly, helpful, patient and kind. Class will help u in ANY degree! Helps build confidence in public speeking and everyday. Small class focuses on each and every student. Pays well attention to your well being."
Rita  Sullivan,University of Massachusetts,English department, Lowell, MA,6,3.9,N/A,2.2,LECTURE HEAVY (1)  Caring (1)  Participation matters (1)  Respected (1)  Skip class? You won\'t pass. (1),9,12/17/2009,ORAL101,5.0,2.0,N/A,N/A,N/A,N/A,,0,0,"Professor Sullivan is a great teacher. I took her oral communications class and it was well worth the tutition money. You give three presentations, one being your final. She prepares you for them and cares about you succeeding in her class. Highly recommended!"
Rita  Sullivan,University of Massachusetts,English department, Lowell, MA,6,3.9,N/A,2.2,LECTURE HEAVY (1)  Caring (1)  Participation matters (1)  Respected (1)  Skip class? You won\'t pass. (1),9,01/26/2009,CWI225,3.5,3.0,N/A,N/A,N/A,N/A,,0,0,she was very nice and helpful and you could redo all your papers for better grades. however class felt like a high school class with pre editing after each paper and in class group readings. you had to do work for this class.
