professor_name,school_name,department_name,local_name,state_name,year_since_first_review,star_rating,take_again,diff_index,tag_professor,num_student,post_date,name_onlines,student_star,student_difficult,attence,for_credits,would_take_agains,grades,stu_tags,help_useful,help_not_useful,comments
Karl  Ruddock,New York City College of Technology,Chemistry department, Brooklyn, NY,5,3.0,N/A,3.0,,6,12/27/2014,CHEMLAB,3.5,2.0,Mandatory,Yes,Yes,A,,0,0,Easy grader. No final exam or midterm. Doesn\'t speak clear. But once you do your lab and get him to sign it you can leave.
Karl  Ruddock,New York City College of Technology,Chemistry department, Brooklyn, NY,5,3.0,N/A,3.0,,6,09/26/2013,CHEMLAB1000,5.0,3.0,Mandatory,N/A,N/A,N/A,,0,0,He speaks low but is a very good professor. Eager to teach if you don\'t understand the material. Makes Chemistry easier to understand.
Karl  Ruddock,New York City College of Technology,Chemistry department, Brooklyn, NY,5,3.0,N/A,3.0,,6,01/19/2010,CHEMLAB1,3.0,2.0,N/A,N/A,N/A,N/A,,0,0,"He speaks very low & makes all of students to come up front. Do ur lab & make sure he check it off & ur ready to go. Make sure u answer all the questions correctly on the lab sheet and homework b/c he counts that for the grade. There was no final exam for him, so he took 11 best labs and that made r final 25% of the grade for this class."
Karl  Ruddock,New York City College of Technology,Chemistry department, Brooklyn, NY,5,3.0,N/A,3.0,,6,09/24/2009,CHEM1110,2.5,4.0,N/A,N/A,N/A,N/A,,0,0,"This man speaks as if he is speaking to himself. This man acts like he has a problem with his voice which keeps him from speaking louder. I did not do well in his class and I am going to take a different professor the next time around. Do not take his lab course either because from what I have heard, this man is terrible. Just don\'t take him."
Karl  Ruddock,New York City College of Technology,Chemistry department, Brooklyn, NY,5,3.0,N/A,3.0,,6,05/11/2009,CHEM1101,2.0,3.0,N/A,N/A,N/A,N/A,,0,0,"His class is not hard or difficult, it just involves alot of studying. If you have all the time to study then you will do fine but if you don\'t then don\'t expect a high grade. He is very easy going when grading."
Karl  Ruddock,New York City College of Technology,Chemistry department, Brooklyn, NY,5,3.0,N/A,3.0,,6,04/25/2009,CHEM1110,2.0,4.0,N/A,N/A,N/A,N/A,,0,0,"Dr. Rudduck is not a clear professor. His class is a huge mistake and the only people that stand a chance of passing this person\'s class is someone who has a well prior knowledge of chemistry. But to be fair, his class gets easier as more students drop the class, what a shame."
