professor_name,school_name,department_name,local_name,state_name,year_since_first_review,star_rating,take_again,diff_index,tag_professor,num_student,post_date,name_onlines,student_star,student_difficult,attence,for_credits,would_take_agains,grades,stu_tags,help_useful,help_not_useful,comments
Jason  Locklin,University of Georgia,Chemistry department, Athens, GA,8,4.7,N/A,4.5,Tough Grader (2)  Skip class? You won\'t pass. (2)  LOTS OF HOMEWORK (1)  GRADED BY FEW THINGS (1),10,12/11/2017,BCHE3145,4.0,4.0,N/A,Yes,Yes,N/A,GRADED BY FEW THINGS  SKIP CLASS? YOU WON\'T PASS.  TOUGH GRADER,0,0,"While this class was pretty difficult, Dr. Locklin is great professor. His tests were difficult but manageable, as long as you know how to do the homeworks and old exams well. In the end he will give you the grade you\'ve earned."
Jason  Locklin,University of Georgia,Chemistry department, Athens, GA,8,4.7,N/A,4.5,Tough Grader (2)  Skip class? You won\'t pass. (2)  LOTS OF HOMEWORK (1)  GRADED BY FEW THINGS (1),10,11/11/2015,CHEM2212,4.5,4.0,Mandatory,Yes,N/A,B,TOUGH GRADER  SKIP CLASS? YOU WON\'T PASS.  LOTS OF HOMEWORK,0,1,"Locklin is the best organic professor I\'ve had. Any OChem class would be hard, but his lectures were superb and he made sure to make sure everyone understood the material. Tests were VERY difficult, but he did recognize that - there was a sizeable curve at the end. Would definitely recommend."
Jason  Locklin,University of Georgia,Chemistry department, Athens, GA,8,4.7,N/A,4.5,Tough Grader (2)  Skip class? You won\'t pass. (2)  LOTS OF HOMEWORK (1)  GRADED BY FEW THINGS (1),10,04/30/2013,CHEM2212,4.5,4.0,N/A,N/A,N/A,N/A,,0,0,He is a great professor! This is organic chemistry so obviously it\'s a very hard class but he is the teacher to take. He cares how his students do and his notes are clear and easy to understand. Definitely go to class because his lectures help a lot! GREAT professor!
Jason  Locklin,University of Georgia,Chemistry department, Athens, GA,8,4.7,N/A,4.5,Tough Grader (2)  Skip class? You won\'t pass. (2)  LOTS OF HOMEWORK (1)  GRADED BY FEW THINGS (1),10,04/16/2013,CHEM2212,5.0,5.0,N/A,N/A,N/A,N/A,,0,0,Awesome professor and very good at explaining the concepts. The tests are ridiculous though. Go to his office hours even though his office is far away as he gives great one on one help.
Jason  Locklin,University of Georgia,Chemistry department, Athens, GA,8,4.7,N/A,4.5,Tough Grader (2)  Skip class? You won\'t pass. (2)  LOTS OF HOMEWORK (1)  GRADED BY FEW THINGS (1),10,04/20/2011,CHEM2212,5.0,5.0,N/A,N/A,N/A,N/A,,0,0,"He is a good teacher, but the tests are ridiculous. Even if you read the text book and do every problem, the problems on the test are much harder. This class requires about 1-2 hours of studying a night to make a good grade."
Jason  Locklin,University of Georgia,Chemistry department, Athens, GA,8,4.7,N/A,4.5,Tough Grader (2)  Skip class? You won\'t pass. (2)  LOTS OF HOMEWORK (1)  GRADED BY FEW THINGS (1),10,10/21/2010,CHEM2212,5.0,4.0,N/A,N/A,N/A,N/A,,0,0,great professor!
Jason  Locklin,University of Georgia,Chemistry department, Athens, GA,8,4.7,N/A,4.5,Tough Grader (2)  Skip class? You won\'t pass. (2)  LOTS OF HOMEWORK (1)  GRADED BY FEW THINGS (1),10,05/11/2009,CHEM2212,4.0,5.0,N/A,N/A,N/A,N/A,,0,0,"he gives you all the information for the test before you take the test... other than Morrison who waits until the day of the test to give you the information... Morrison explains the material better but overall, i think Locklin is more helpful because he really goes out of his way to help students understand the material and pass the tests"
Jason  Locklin,University of Georgia,Chemistry department, Athens, GA,8,4.7,N/A,4.5,Tough Grader (2)  Skip class? You won\'t pass. (2)  LOTS OF HOMEWORK (1)  GRADED BY FEW THINGS (1),10,05/06/2009,CHEM2212,5.0,5.0,N/A,N/A,N/A,N/A,,0,1,"He really went out of his way for the students. this class is very tough, but he is the best professor to take."
Jason  Locklin,University of Georgia,Chemistry department, Athens, GA,8,4.7,N/A,4.5,Tough Grader (2)  Skip class? You won\'t pass. (2)  LOTS OF HOMEWORK (1)  GRADED BY FEW THINGS (1),10,03/16/2009,CHEM2212,4.5,5.0,N/A,N/A,N/A,N/A,,0,0,"This class is INCREDIBLY hard. He will help the best he can but mine was 300+ students and the class moves very quickly. I thought I knew material until I got to the tests, which almost always came back lower than I expected and hoped for. He doesn\'t use the book in class, but you definitely need it, because it helps tremendously. STUDY STUDY STUDY"
Jason  Locklin,University of Georgia,Chemistry department, Athens, GA,8,4.7,N/A,4.5,Tough Grader (2)  Skip class? You won\'t pass. (2)  LOTS OF HOMEWORK (1)  GRADED BY FEW THINGS (1),10,01/27/2009,CHEM2212,5.0,4.0,N/A,N/A,N/A,N/A,,0,0,No Comments
