professor_name,school_name,department_name,local_name,state_name,year_since_first_review,star_rating,take_again,diff_index,tag_professor,num_student,post_date,name_onlines,student_star,student_difficult,attence,for_credits,would_take_agains,grades,stu_tags,help_useful,help_not_useful,comments
Erin  Long,Wenatchee Valley College,Physical Education department, Wenatchee, WA,9,3.5,N/A,3.2,Caring (3)  Participation matters (2)  Gives good feedback (2)  Clear grading criteria (1)  Tough Grader (1)  ACCESSIBLE OUTSIDE CLASS (1)  EXTRA CREDIT (1)  Get ready to read (1),10,03/02/2018,PEH286,5.0,3.0,Not Mandatory,Yes,Yes,N/A,GIVES GOOD FEEDBACK  CARING  TOUGH GRADER,0,1,I would really recommend this prof. I struggled with the class material but she was so awesome when I asked for help and did everything she could. 10/10 prof- hard grader but great teacher and wants students to succeed
Erin  Long,Wenatchee Valley College,Physical Education department, Wenatchee, WA,9,3.5,N/A,3.2,Caring (3)  Participation matters (2)  Gives good feedback (2)  Clear grading criteria (1)  Tough Grader (1)  ACCESSIBLE OUTSIDE CLASS (1)  EXTRA CREDIT (1)  Get ready to read (1),10,07/23/2017,PEH286,4.0,2.0,Not Mandatory,Yes,Yes,A-,CARING  GET READY TO READ  CLEAR GRADING CRITERIA,0,0,"I took PEH 286 during the summer with her and she has a very clear grading criteria. She gives plenty of time to finish assignments. This course was all online, which meant the labs part were excluded which I loved! She\'s a good professor and will answer any questions about any assignment."
Erin  Long,Wenatchee Valley College,Physical Education department, Wenatchee, WA,9,3.5,N/A,3.2,Caring (3)  Participation matters (2)  Gives good feedback (2)  Clear grading criteria (1)  Tough Grader (1)  ACCESSIBLE OUTSIDE CLASS (1)  EXTRA CREDIT (1)  Get ready to read (1),10,05/16/2017,PEH288,5.0,4.0,Mandatory,Yes,Yes,A+,CARING  PARTICIPATION MATTERS  ACCESSIBLE OUTSIDE CLASS,0,0,"I have taken a few courses with this Professor, and she has been nothing but helpful to make sure her students understand the material she is teaching. Erin is overall full of energy in teaching, and invites her students to be interactive with one another and herself. She cares about her students, and goes above and beyond her job description."
Erin  Long,Wenatchee Valley College,Physical Education department, Wenatchee, WA,9,3.5,N/A,3.2,Caring (3)  Participation matters (2)  Gives good feedback (2)  Clear grading criteria (1)  Tough Grader (1)  ACCESSIBLE OUTSIDE CLASS (1)  EXTRA CREDIT (1)  Get ready to read (1),10,02/23/2017,PEH180,4.0,3.0,Mandatory,Yes,Yes,N/A,GIVES GOOD FEEDBACK  EXTRA CREDIT  PARTICIPATION MATTERS,0,0,She is very determined and she expresses her beliefs. She allowed you to talk in class. A lecture and review. Don\'t have to bring book in class. Overall great!
Erin  Long,Wenatchee Valley College,Physical Education department, Wenatchee, WA,9,3.5,N/A,3.2,Caring (3)  Participation matters (2)  Gives good feedback (2)  Clear grading criteria (1)  Tough Grader (1)  ACCESSIBLE OUTSIDE CLASS (1)  EXTRA CREDIT (1)  Get ready to read (1),10,11/02/2015,286PHY,1.0,3.0,Not Mandatory,Yes,N/A,B+,,1,4,I have no personal attachment with this professor. This professor is clearly under qualified and professionalism is out the door. There is no use in trying to make an argument towards anything you think is unclear or plainly wrong. She expects to always be punctual yet she arrives late to class almost every day. Specializes in DISRESPECT
Erin  Long,Wenatchee Valley College,Physical Education department, Wenatchee, WA,9,3.5,N/A,3.2,Caring (3)  Participation matters (2)  Gives good feedback (2)  Clear grading criteria (1)  Tough Grader (1)  ACCESSIBLE OUTSIDE CLASS (1)  EXTRA CREDIT (1)  Get ready to read (1),10,12/17/2013,PEH288,2.5,3.0,Mandatory,Yes,N/A,A-,,5,1,"This is not an easy class to begin with, you need to make sure you go over everything in detail. I got an A- in this class which was above the average, but I also put effort into emailing her about things i did not understand. The only flaws I found were the disorganization and sometimes the course material and format of testing could be confusing."
Erin  Long,Wenatchee Valley College,Physical Education department, Wenatchee, WA,9,3.5,N/A,3.2,Caring (3)  Participation matters (2)  Gives good feedback (2)  Clear grading criteria (1)  Tough Grader (1)  ACCESSIBLE OUTSIDE CLASS (1)  EXTRA CREDIT (1)  Get ready to read (1),10,12/16/2013,PEH288,1.5,5.0,N/A,Yes,N/A,N/A,,6,0,"Ms. Long is a very nice lady but she is very unorganized and an EXTREMELY tough grader. I turned in all my assignments on time and did all the required work with correct answers, but she would never give out an A. The class is hard and requires lots of time and work which you must be willing to do. The average grade in her class was a C."
Erin  Long,Wenatchee Valley College,Physical Education department, Wenatchee, WA,9,3.5,N/A,3.2,Caring (3)  Participation matters (2)  Gives good feedback (2)  Clear grading criteria (1)  Tough Grader (1)  ACCESSIBLE OUTSIDE CLASS (1)  EXTRA CREDIT (1)  Get ready to read (1),10,05/19/2011,PEH288,5.0,3.0,N/A,N/A,N/A,N/A,,3,2,When I was having a hard time she was helpful. This is not a easy A class you are going to have to put in your share of studying. The course content was good and she did teach us what we needed to know. Those that I see on here that gave a bad review of her must not have done their share.
Erin  Long,Wenatchee Valley College,Physical Education department, Wenatchee, WA,9,3.5,N/A,3.2,Caring (3)  Participation matters (2)  Gives good feedback (2)  Clear grading criteria (1)  Tough Grader (1)  ACCESSIBLE OUTSIDE CLASS (1)  EXTRA CREDIT (1)  Get ready to read (1),10,02/05/2010,PEH288,5.0,5.0,N/A,N/A,N/A,N/A,,3,6,This is a very hard class and if you dont take the time outside of class then thats your fault. The teacher can only do so much she has you for 50 min. a day thats not alot of time she cant cover everything. And for you people saying she doesnt know what your talking about how about you get up infront of 60 bratty college kids and teach this info :
Erin  Long,Wenatchee Valley College,Physical Education department, Wenatchee, WA,9,3.5,N/A,3.2,Caring (3)  Participation matters (2)  Gives good feedback (2)  Clear grading criteria (1)  Tough Grader (1)  ACCESSIBLE OUTSIDE CLASS (1)  EXTRA CREDIT (1)  Get ready to read (1),10,03/10/2009,PEH288,2.0,1.0,N/A,N/A,N/A,N/A,,3,0,very unorganized in the classroom.
