professor_name,school_name,department_name,local_name,state_name,year_since_first_review,star_rating,take_again,diff_index,tag_professor,num_student,post_date,name_onlines,student_star,student_difficult,attence,for_credits,would_take_agains,grades,stu_tags,help_useful,help_not_useful,comments
Jane  Gabka,Loyola University New Orleans,Music department, New Orleans, LA,1,2.8,N/A,2.0,,5,08/07/2010,OBOE00,1.0,3.0,N/A,N/A,N/A,N/A,,0,0,You have to be stoned to understand what she is trying to say. Incomprehensible.
Jane  Gabka,Loyola University New Orleans,Music department, New Orleans, LA,1,2.8,N/A,2.0,,5,01/28/2010,OBOE0000,2.5,1.0,N/A,N/A,N/A,N/A,,0,0,good teacher
Jane  Gabka,Loyola University New Orleans,Music department, New Orleans, LA,1,2.8,N/A,2.0,,5,01/28/2010,OBOE0000,2.5,1.0,N/A,N/A,N/A,N/A,,0,0,
Jane  Gabka,Loyola University New Orleans,Music department, New Orleans, LA,1,2.8,N/A,2.0,,5,09/23/2009,OBOE300,3.0,1.0,N/A,N/A,N/A,N/A,,0,0,No Comments
Jane  Gabka,Loyola University New Orleans,Music department, New Orleans, LA,1,2.8,N/A,2.0,,5,01/26/2009,OBOE300,5.0,4.0,N/A,N/A,N/A,N/A,,0,0,Ms. Jane is great! I love having lessons with her and she really cares about your progress. Take Oboe!
