professor_name,school_name,department_name,local_name,state_name,year_since_first_review,star_rating,take_again,diff_index,tag_professor,num_student,post_date,name_onlines,student_star,student_difficult,attence,for_credits,would_take_agains,grades,stu_tags,help_useful,help_not_useful,comments
Mary  Ferris,Mt. Hood Community College,Computer Science department, Gresham, OR,2,4.8,N/A,4.5,,6,06/19/2014,BT111,5.0,1.0,N/A,Yes,N/A,N/A,,0,0,"Good teacher. Strong writing background made this class a cakewalk, really. She was helpful and clear."
Mary  Ferris,Mt. Hood Community College,Computer Science department, Gresham, OR,2,4.8,N/A,4.5,,6,03/31/2014,BT111,4.0,2.0,N/A,Yes,N/A,A,,0,0,"Good teacher. I found the course to be pretty easy, but I did learn a few things I hadn\'t known before, and enjoyed the homework. Very helpful with questions."
Mary  Ferris,Mt. Hood Community College,Computer Science department, Gresham, OR,2,4.8,N/A,4.5,,6,03/01/2014,BT110,5.0,1.0,N/A,Yes,N/A,A,,0,0,"Mary was great and always helpful. I am taking her again for BT111. This class was all out of the book. Weekly reading, homework due on Fridays. Do the work, study and you can get an A. Same goes for BT111."
Mary  Ferris,Mt. Hood Community College,Computer Science department, Gresham, OR,2,4.8,N/A,4.5,,6,12/13/2013,BT110,5.0,3.0,Not Mandatory,Yes,N/A,B,,0,0,Excellent and caring teacher. As long as you show her you are trying she will do what ever she can to help you succeed. Wish more instructors were like her.
Mary  Ferris,Mt. Hood Community College,Computer Science department, Gresham, OR,2,4.8,N/A,4.5,,6,06/08/2012,BT225,4.5,1.0,N/A,N/A,N/A,N/A,,0,0,"Mary is very kind and helpful! I enjoy all of her classes! She likes to give extra credit! She is a little loopy sometimes, but its funny!"
Mary  Ferris,Mt. Hood Community College,Computer Science department, Gresham, OR,2,4.8,N/A,4.5,,6,06/07/2012,BT250,5.0,1.0,N/A,N/A,N/A,N/A,,0,0,"Odd, smart, helpful, kind, informative, worth your time."
