professor_name,school_name,department_name,local_name,state_name,year_since_first_review,star_rating,take_again,diff_index,tag_professor,num_student,post_date,name_onlines,student_star,student_difficult,attence,for_credits,would_take_agains,grades,stu_tags,help_useful,help_not_useful,comments
Saundra  Welter-Bacon,Dakota County Technical College,Psychology department, Rosemount, MN,7,4.4,N/A,3.4,Gives good feedback (2)  Clear grading criteria (2)  Participation matters (1),5,12/17/2016,PSYC1105,5.0,3.0,Mandatory,Yes,Yes,A,CLEAR GRADING CRITERIA  PARTICIPATION MATTERS  GIVES GOOD FEEDBACK,0,0,"I took Dr. Bacon for two PSYCH courses during my time at DCTC, and I am so thankful that I had her. She incorporates a lot of interesting videos and materials into each unit, which makes her classes unique and enjoyable. An outstanding instructor - organized, professional, timely, and a truly gifted teacher. My favorite instructor at this college."
Saundra  Welter-Bacon,Dakota County Technical College,Psychology department, Rosemount, MN,7,4.4,N/A,3.4,Gives good feedback (2)  Clear grading criteria (2)  Participation matters (1),5,03/21/2015,PSYCHOLOGY,4.0,3.0,N/A,Yes,Yes,N/A,GIVES GOOD FEEDBACK  CLEAR GRADING CRITERIA,0,0,"Great instructor. She has rules about tardiness, so don\'t plan on coming late to class. Very professional, organized, and grades assignments quickly. I learned a lot in her class, and would highly recommend her."
Saundra  Welter-Bacon,Dakota County Technical College,Psychology department, Rosemount, MN,7,4.4,N/A,3.4,Gives good feedback (2)  Clear grading criteria (2)  Participation matters (1),5,11/29/2011,PSYC1100,4.0,3.0,N/A,N/A,N/A,N/A,,0,0,"She was a good teacher. Her lectures can get a little dry sometimes, but I think that was mostly due to me taking a 3 hour night class, once a week. I could see how some people would rate her as ""not easy"", because she expects you to be accountable for your actions. I see that as responsibility, some see it as being mean."
Saundra  Welter-Bacon,Dakota County Technical College,Psychology department, Rosemount, MN,7,4.4,N/A,3.4,Gives good feedback (2)  Clear grading criteria (2)  Participation matters (1),5,10/18/2011,PSYC1100,4.0,5.0,N/A,N/A,N/A,N/A,,1,1,It was a tough class for me but Dr. Bacon was great. Always willing to help.
Saundra  Welter-Bacon,Dakota County Technical College,Psychology department, Rosemount, MN,7,4.4,N/A,3.4,Gives good feedback (2)  Clear grading criteria (2)  Participation matters (1),5,01/26/2009,PSYC1300,5.0,3.0,N/A,N/A,N/A,N/A,,0,0,No Comments
