professor_name,school_name,department_name,local_name,state_name,year_since_first_review,star_rating,take_again,diff_index,tag_professor,num_student,post_date,name_onlines,student_star,student_difficult,attence,for_credits,would_take_agains,grades,stu_tags,help_useful,help_not_useful,comments
Barry  Cartwright,Simon Fraser University Surrey,Criminology department, Surrey, BC,7,4.4,N/A,2.5,Hilarious (1)  Get ready to read (1)  Inspirational (1),4,12/15/2016,CRIM101,5.0,5.0,Not Mandatory,Yes,Yes,B-,INSPIRATIONAL  GET READY TO READ  HILARIOUS,0,0,he doesnt let you talk and his website dont exist boy hes straight up lying to us fammm but hes 10/10 H O T !!!
Barry  Cartwright,Simon Fraser University Surrey,Criminology department, Surrey, BC,7,4.4,N/A,2.5,Hilarious (1)  Get ready to read (1)  Inspirational (1),4,01/26/2012,CRIM104,4.0,2.0,N/A,N/A,N/A,N/A,,0,0,"Awesome guy, cracks jokes at any opportunity, very fun prof! To succeed simply follow his directions for what to complete- reading, tutorials etc. and youre golden! He also makes tutorials ONLINE only so you dont have to cart all your junk to school two days a week- nice guy! Also if u cant make it to class for some reason, lectures are all online!"
Barry  Cartwright,Simon Fraser University Surrey,Criminology department, Surrey, BC,7,4.4,N/A,2.5,Hilarious (1)  Get ready to read (1)  Inspirational (1),4,11/29/2011,CRIM104,5.0,2.0,N/A,N/A,N/A,N/A,,0,0,"Good prof, very interested in material, excellent tutorials. Layout is similar to other crim courses. Much better than Fabian in terms of lecturing. Exams are straight forward although some questions are trivial"
Barry  Cartwright,Simon Fraser University Surrey,Criminology department, Surrey, BC,7,4.4,N/A,2.5,Hilarious (1)  Get ready to read (1)  Inspirational (1),4,10/27/2009,CRIM101,3.5,1.0,N/A,N/A,N/A,N/A,,0,0,No Comments
