professor_name,school_name,department_name,local_name,state_name,year_since_first_review,star_rating,take_again,diff_index,tag_professor,num_student,post_date,name_onlines,student_star,student_difficult,attence,for_credits,would_take_agains,grades,stu_tags,help_useful,help_not_useful,comments
Rosalba  Pisaturo,Rochester Institute of Technology,Spanish department, Rochester, NY,6,2.1,N/A,3.2,LOTS OF HOMEWORK (3)  Tough Grader (2)  Skip class? You won\'t pass. (1)  Caring (1)  Clear grading criteria (1)  Participation matters (1),6,06/18/2015,MLIT202,4.0,4.0,Mandatory,Yes,N/A,N/A,PARTICIPATION MATTERS  LOTS OF HOMEWORK  CLEAR GRADING CRITERIA,0,0,"Professor Pisaturo is very clear about what she expects from students. Yes, she can be nit-picky but generally it\'s when students aren\'t doing the homework and are AWOL for no good reason. In the end, my interest in Italian skyrocketed as I progressed through Beginner Italian I and II. Also, if I needed help, Professor Pisaturo was there to help"
Rosalba  Pisaturo,Rochester Institute of Technology,Spanish department, Rochester, NY,6,2.1,N/A,3.2,LOTS OF HOMEWORK (3)  Tough Grader (2)  Skip class? You won\'t pass. (1)  Caring (1)  Clear grading criteria (1)  Participation matters (1),6,11/11/2014,MLIT202,1.0,5.0,Mandatory,Yes,N/A,Not,LOTS OF HOMEWORK  SKIP CLASS? YOU WON\'T PASS.  TOUGH GRADER,1,1,"Please never take this professor for a language class. I was on track to take Beginning Italian 2 with her then move up to Intermediate Italian, and in a little over half of a semester completely disgusted me to the notion. Horrible professor, gives way too much online homework, and almost NO in class speaking! DO NOT TAKE THIS PROFESSOR!!!!!"
Rosalba  Pisaturo,Rochester Institute of Technology,Spanish department, Rochester, NY,6,2.1,N/A,3.2,LOTS OF HOMEWORK (3)  Tough Grader (2)  Skip class? You won\'t pass. (1)  Caring (1)  Clear grading criteria (1)  Participation matters (1),6,10/22/2014,MLIT202,2.0,3.0,Mandatory,Yes,N/A,A-,LOTS OF HOMEWORK  TOUGH GRADER  CARING,0,1,"Rosalba can be nice outside of class, but not so much during. She is rude, nit-picky with every student (definitely picked on a few people more so than others) and an AWFUL teacher in general. There were never lectures. I do not recommend her if you want to enjoy learning Italian. I basically had to teach myself everything. Take it w Elisabetta!"
Rosalba  Pisaturo,Rochester Institute of Technology,Spanish department, Rochester, NY,6,2.1,N/A,3.2,LOTS OF HOMEWORK (3)  Tough Grader (2)  Skip class? You won\'t pass. (1)  Caring (1)  Clear grading criteria (1)  Participation matters (1),6,08/15/2012,SPANII,1.5,1.0,N/A,N/A,N/A,N/A,,0,0,I dreaded going to this class every week. She didn\'t like me and made it quite obvious. She had favorites within the first week. Yelled at us for procrastinating even though we always all had hw done on time. Advice stay away from this class.
Rosalba  Pisaturo,Rochester Institute of Technology,Spanish department, Rochester, NY,6,2.1,N/A,3.2,LOTS OF HOMEWORK (3)  Tough Grader (2)  Skip class? You won\'t pass. (1)  Caring (1)  Clear grading criteria (1)  Participation matters (1),6,12/21/2011,SPAN1,1.0,5.0,N/A,N/A,N/A,N/A,,1,0,How a prestigious school gave job to this person really goes beyond my understanding
Rosalba  Pisaturo,Rochester Institute of Technology,Spanish department, Rochester, NY,6,2.1,N/A,3.2,LOTS OF HOMEWORK (3)  Tough Grader (2)  Skip class? You won\'t pass. (1)  Caring (1)  Clear grading criteria (1)  Participation matters (1),6,02/24/2009,SPAN1,3.0,1.0,N/A,N/A,N/A,N/A,,0,0,"Decent prof. class was easy, but perhaps because I took Spanish before. only complaints are the required attendance (which is 20% of the grade by the way) and the long online homework assignments. if you have taken Spanish before, probably best to avoid this class as it gets boring real fast"
