professor_name,school_name,department_name,local_name,state_name,year_since_first_review,star_rating,take_again,diff_index,tag_professor,num_student,post_date,name_onlines,student_star,student_difficult,attence,for_credits,would_take_agains,grades,stu_tags,help_useful,help_not_useful,comments
Rachel  Root,Mott Community College,English department, Flint, MI,7.0,3.5,N/A,2.4,Hilarious (1)  Clear grading criteria (1)  LOTS OF HOMEWORK (1),16,11/10/2016,SLS1501,4.0,2.0,Mandatory,Yes,Yes,A+,LOTS OF HOMEWORK  HILARIOUS  CLEAR GRADING CRITERIA,1,0,"Nice professor. Lots of assignments, but I guess it is part of the class. The class topics are boring and stupid but she tries really hard to make it more entertaining. If you handle to manage your time and do all the assignments, it should be an easy A"
Rachel  Root,Mott Community College,English department, Flint, MI,7.0,3.5,N/A,2.4,Hilarious (1)  Clear grading criteria (1)  LOTS OF HOMEWORK (1),16,01/16/2014,ENG10145,1.5,5.0,N/A,N/A,N/A,N/A,,0,0,"Very disorganized, talked about personal life constantly. Didn\'t update grades on Blackboard"
Rachel  Root,Mott Community College,English department, Flint, MI,7.0,3.5,N/A,2.4,Hilarious (1)  Clear grading criteria (1)  LOTS OF HOMEWORK (1),16,01/19/2012,ENGL101,3.5,3.0,N/A,N/A,N/A,N/A,,0,0,"All around, ok teacher. Can be somewhat unorganized at times. Lectures seemed to go off topic often but she seems able to control the class. Excellent speaking clarity. Work load seemed average for an English class. Keep in mind, writing assignments generally take longer than other assignments. Show progress & do your best and you\'ll receive 4.00"
Rachel  Root,Mott Community College,English department, Flint, MI,7.0,3.5,N/A,2.4,Hilarious (1)  Clear grading criteria (1)  LOTS OF HOMEWORK (1),16,12/28/2010,ENG102,1.0,4.0,N/A,N/A,N/A,N/A,,0,0,"very unprofessional, always talked about social life, not very clear on a lot of assignments, never used book, online papers were never sent back with grades, still has never responded to emails."
Rachel  Root,Mott Community College,English department, Flint, MI,7.0,3.5,N/A,2.4,Hilarious (1)  Clear grading criteria (1)  LOTS OF HOMEWORK (1),16,12/15/2010,ENGL101,4.0,2.0,N/A,N/A,N/A,N/A,,0,0,Teacher is young and fun! She wants you to take responsibility for your own work but is willing to help when you ask for it. 4 papers to write in english 101. Our class is one she will never forget!
Rachel  Root,Mott Community College,English department, Flint, MI,7.0,3.5,N/A,2.4,Hilarious (1)  Clear grading criteria (1)  LOTS OF HOMEWORK (1),16,11/29/2010,ENG102,1.5,3.0,N/A,N/A,N/A,N/A,,0,0,"I had this teacher for English 102 and it was terrible. English has always been my favorite subject, and she made me never want to take English again. Wasn\'t helpful and a little strange...."
Rachel  Root,Mott Community College,English department, Flint, MI,7.0,3.5,N/A,2.4,Hilarious (1)  Clear grading criteria (1)  LOTS OF HOMEWORK (1),16,11/04/2010,ENGL101,5.0,2.0,N/A,N/A,N/A,N/A,,0,0,I love her teaching style and the way she communicates with us in class. She is still young and remembers how younger people think.
Rachel  Root,Mott Community College,English department, Flint, MI,7.0,3.5,N/A,2.4,Hilarious (1)  Clear grading criteria (1)  LOTS OF HOMEWORK (1),16,11/04/2010,ENGL101,5.0,2.0,N/A,N/A,N/A,N/A,,0,0,I love her teaching style and the way she communicateswith us in class. She is still young and remembers how younger people think.
Rachel  Root,Mott Community College,English department, Flint, MI,7.0,3.5,N/A,2.4,Hilarious (1)  Clear grading criteria (1)  LOTS OF HOMEWORK (1),16,09/10/2010,ENG101,2.0,3.0,N/A,N/A,N/A,N/A,,0,0,She was not organized or prepared for class. Required papers to be submitted online but never knew what grade you received on them unless you handed them to her in class. Phone calls or emails were never returned. Lecturing about her social life and personal likes and dislikes seemed to be her focus for class discussion.
Rachel  Root,Mott Community College,English department, Flint, MI,7.0,3.5,N/A,2.4,Hilarious (1)  Clear grading criteria (1)  LOTS OF HOMEWORK (1),16,06/29/2010,ENG102,4.5,1.0,N/A,N/A,N/A,N/A,,0,0,"I had Rachel for English 102 and she is the best English teacher i know being so young and all. she broke everything down in a way i could understand it. I would highly recommend anyone to take her class. no homework, no test...."
Rachel  Root,Mott Community College,English department, Flint, MI,7.0,3.5,N/A,2.4,Hilarious (1)  Clear grading criteria (1)  LOTS OF HOMEWORK (1),16,04/06/2010,ENG101,3.0,2.0,N/A,N/A,N/A,N/A,,0,0,She is good and know\'s she stuff
Rachel  Root,Mott Community College,English department, Flint, MI,7.0,3.5,N/A,2.4,Hilarious (1)  Clear grading criteria (1)  LOTS OF HOMEWORK (1),16,12/09/2009,ENG101,1.5,4.0,N/A,N/A,N/A,N/A,,0,0,"she fidgeted too much it was distracting. She assigned too much homework for the course of one week. You have to do a outline, rough draft, peer review and final draft for all 4 papers. I myself don\'t prewrite and still get good grades. plus reading. she is very strict on attendance and will not excuse ANY absense no matter what."
Rachel  Root,Mott Community College,English department, Flint, MI,7.0,3.5,N/A,2.4,Hilarious (1)  Clear grading criteria (1)  LOTS OF HOMEWORK (1),16,09/24/2009,ENG101,5.0,1.0,N/A,N/A,N/A,N/A,,0,0,Great teacher. Knows what she is teaching.
Rachel  Root,Mott Community College,English department, Flint, MI,7.0,3.5,N/A,2.4,Hilarious (1)  Clear grading criteria (1)  LOTS OF HOMEWORK (1),16,07/10/2009,ENG101,5.0,2.0,N/A,N/A,N/A,N/A,,0,0,No Comments
Rachel  Root,Mott Community College,English department, Flint, MI,7.0,3.5,N/A,2.4,Hilarious (1)  Clear grading criteria (1)  LOTS OF HOMEWORK (1),16,05/06/2009,ENG101,5.0,1.0,N/A,N/A,N/A,N/A,,0,0,"Rachel who likes to be called by her first name was the best professor I ever had. If you need English 101 I highly recommend her. She is very helpful and laid back, not anal like most teachers I\'ve had. You might not want to purchase the handbook being that we only used it a few times. If you apply yourself to this class you will get an easy A."
Rachel  Root,Mott Community College,English department, Flint, MI,7.0,3.5,N/A,2.4,Hilarious (1)  Clear grading criteria (1)  LOTS OF HOMEWORK (1),16,01/27/2009,ENGL101,4.5,2.0,N/A,N/A,N/A,N/A,,0,0,"Mrs. Root is new to teaching, so I didn\'t expect her to perform an excellent class. Thing is, she did just fine. The papers were simple, grading is easy, the class is understandable, best of all, shes cute!"
Rachel  Root,Mott Community College,English department, Flint, MI,7.0,3.5,N/A,2.4,Hilarious (1)  Clear grading criteria (1)  LOTS OF HOMEWORK (1),16,,\r\n \r\n,,,,,,,,0,0,
