professor_name,school_name,department_name,local_name,state_name,year_since_first_review,star_rating,take_again,diff_index,tag_professor,num_student,post_date,name_onlines,student_star,student_difficult,attence,for_credits,would_take_agains,grades,stu_tags,help_useful,help_not_useful,comments
Dan  Calderone,City College of New York,Psychology department, New York, NY,5,4.1,N/A,2.7,EXTRA CREDIT (1)  Clear grading criteria (1),7,03/06/2015,25300,4.5,1.0,N/A,Yes,Yes,N/A,EXTRA CREDIT  CLEAR GRADING CRITERIA,0,0,"If you want to take cognitive psychology, he is the best professor to take it and especially in winter or summer. This class in the winter and summer with him is an easy A. He is really good in giving a lot of extra credit, if you study the material you will be great for the test which is not hard."
Dan  Calderone,City College of New York,Psychology department, New York, NY,5,4.1,N/A,2.7,EXTRA CREDIT (1)  Clear grading criteria (1),7,05/10/2012,PSY3210,4.0,5.0,N/A,N/A,N/A,N/A,,0,0,Nice professor
Dan  Calderone,City College of New York,Psychology department, New York, NY,5,4.1,N/A,2.7,EXTRA CREDIT (1)  Clear grading criteria (1),7,05/10/2012,PSY3500,5.0,1.0,N/A,N/A,N/A,N/A,,0,0,He is just adorable!
Dan  Calderone,City College of New York,Psychology department, New York, NY,5,4.1,N/A,2.7,EXTRA CREDIT (1)  Clear grading criteria (1),7,04/10/2012,PSY321,1.5,5.0,N/A,N/A,N/A,N/A,,0,0,no office hours-no one will guide you with your research-you are on your own. Nice professor. Important course. Not easy!!!!!
Dan  Calderone,City College of New York,Psychology department, New York, NY,5,4.1,N/A,2.7,EXTRA CREDIT (1)  Clear grading criteria (1),7,12/20/2011,PSY321,4.5,2.0,N/A,N/A,N/A,N/A,,1,1,Nice prof. not easy course. study the notes and read the text book.presentation. long research paper (lot of work)don\'t take this class with many other classes. i recommend it.
Dan  Calderone,City College of New York,Psychology department, New York, NY,5,4.1,N/A,2.7,EXTRA CREDIT (1)  Clear grading criteria (1),7,11/12/2011,PSY321,4.0,4.0,N/A,N/A,N/A,N/A,,0,1,YOU NEED TO WORK. STUDY FOR MIDTERM AND THE FINAL. NO EXTRA CREDIT. NO PARTICIPATION.JUST MIDTERM AND FIANL AND BIG RESEARCH PAPER WITH A PRESENTATION. LOT OF WORK. HE TAKES ATTENDANCE. NICE PROF. BUT YOU NEED TO STUDY AND STUDY HARD. DEFINITELY NOT AN EASY A
Dan  Calderone,City College of New York,Psychology department, New York, NY,5,4.1,N/A,2.7,EXTRA CREDIT (1)  Clear grading criteria (1),7,04/21/2010,PSYEX321,5.0,1.0,N/A,N/A,N/A,N/A,,0,0,I loved this guy. He was awesome. Very clear and helpful. Everyone should take his class!!!!
