professor_name,school_name,department_name,local_name,state_name,year_since_first_review,star_rating,take_again,diff_index,tag_professor,num_student,post_date,name_onlines,student_star,student_difficult,attence,for_credits,would_take_agains,grades,stu_tags,help_useful,help_not_useful,comments
James  French,Rock Valley College,History department, Rockford, IL,3,3.2,N/A,1.7,,7,07/02/2012,HIST142,4.0,1.0,N/A,N/A,N/A,N/A,,0,0,This teacher is very flexable with grades and will help you if you ask for it. He is a cool old guy but gets off topic sometimes. We watched a few videos every now and then in class. I wouldn\'t recommend taking this class in the early morning but overall if you show up its an easy class to pass
James  French,Rock Valley College,History department, Rockford, IL,3,3.2,N/A,1.7,,7,10/01/2010,HST172,5.0,1.0,N/A,N/A,N/A,N/A,,0,0,great teacher!
James  French,Rock Valley College,History department, Rockford, IL,3,3.2,N/A,1.7,,7,01/27/2010,HIST141,2.5,1.0,N/A,N/A,N/A,N/A,,0,0,"He likes to go off on bunny trails quite often. wrote a college research paper about the movie Cars for History and got an A? i found this course to be an easy A, however, not very deep as far as history goes. very nice guy- like a grandpa tho"
James  French,Rock Valley College,History department, Rockford, IL,3,3.2,N/A,1.7,,7,11/17/2009,HIST138,1.0,1.0,N/A,N/A,N/A,N/A,,0,0,"He is so BORING. Gets off topic extremely easy. Allows students to distract him from is lecture. Major pushover when it comes to assignments. 3/4- 1/2 of our class never came except for test days. I dont think I learned anything new in his class. I spend so much money on books and he never even had us open them, when he said they were mandatory."
James  French,Rock Valley College,History department, Rockford, IL,3,3.2,N/A,1.7,,7,11/06/2009,HST143,3.5,2.0,N/A,N/A,N/A,N/A,,0,0,Mr. French is a really nice guy and a good teahcre. It is an easy classs to pass and you learn more about his history than than the one your sapposed to be learning. Good guy though.
James  French,Rock Valley College,History department, Rockford, IL,3,3.2,N/A,1.7,,7,08/23/2009,HIST142,5.0,5.0,N/A,N/A,N/A,N/A,,0,0,No Comments
James  French,Rock Valley College,History department, Rockford, IL,3,3.2,N/A,1.7,,7,01/27/2009,HST182,1.5,1.0,N/A,N/A,N/A,N/A,,0,0,"French was hired to teach eastern history while Ingle was on maternity leave because his daughter went to China once. He has no business being in a classroom. Sweet guy, but a total pushover, gets off topic a LOT, and was very unclear about his expectations and his criteria changed constantly. Didn\'t get the real syllabus til 3 weeks into class."
