professor_name,school_name,department_name,local_name,state_name,year_since_first_review,star_rating,take_again,diff_index,tag_professor,num_student,post_date,name_onlines,student_star,student_difficult,attence,for_credits,would_take_agains,grades,stu_tags,help_useful,help_not_useful,comments
Albert  Amatulli,Fashion Institute of Technology,Communication department, New York, NY,2,3.7,N/A,3.4,,5,05/02/2011,CD121,4.0,3.0,N/A,N/A,N/A,N/A,,0,0,"A very sweet and kind professor with a lot to offer. You have the chance to grow a lot in this class, but not if you slack on your work! He is very supportive of student\'s work and will give you specific direction on how to improve, and you will, if you are willing to listen. : )"
Albert  Amatulli,Fashion Institute of Technology,Communication department, New York, NY,2,3.7,N/A,3.4,,5,01/06/2011,CD121,3.5,4.0,N/A,N/A,N/A,N/A,,0,0,Use the markers like they were paint. Work must be clean and detailed flawlessly. There\'s no way you can get an A in this class without spending at least four hours on each homework assignment. The blending and idea process takes time. He\'s a seasoned funny experienced professor. Pay attention and don\'t slack. You\'ll learn a lot.
Albert  Amatulli,Fashion Institute of Technology,Communication department, New York, NY,2,3.7,N/A,3.4,,5,02/11/2010,CD171,4.5,4.0,N/A,N/A,N/A,N/A,,0,0,Take his class if you have the chance. He is a tough grader but you will learn from him. He has a great career behind him and is very supportive and shares anything he thinks will help you. Very cool man.
Albert  Amatulli,Fashion Institute of Technology,Communication department, New York, NY,2,3.7,N/A,3.4,,5,01/27/2010,CD121,2.0,3.0,N/A,N/A,N/A,N/A,,0,0,"He is a nice guy but it seems like the class is a little out dated.You pretty much listen to his tangencent stories, and you really do notget much out of the lectures.Plus he is not the clear with directions on assignments. But it was nice to hear about his career in the creative ad world and how the profession has changed."
Albert  Amatulli,Fashion Institute of Technology,Communication department, New York, NY,2,3.7,N/A,3.4,,5,08/08/2009,COMM158,4.5,3.0,N/A,N/A,N/A,N/A,,0,0,"Great guy, very experienced and easy to get along with. Had some difficulties with his grading methods, he is hard assed about improvement and hes NOT an easy A. It is a very good class however"
