professor_name,school_name,department_name,local_name,state_name,year_since_first_review,star_rating,take_again,diff_index,tag_professor,num_student,post_date,name_onlines,student_star,student_difficult,attence,for_credits,would_take_agains,grades,stu_tags,help_useful,help_not_useful,comments
S  Saini,CUNY Queens College,Science department, Flushing, NY,1,4.8,N/A,2.7,,6,05/17/2011,AST101,5.0,2.0,N/A,N/A,N/A,N/A,,0,0,Probably the best professor i have had so far. He is very helpful and will answer any question. Highly recommended!
S  Saini,CUNY Queens College,Science department, Flushing, NY,1,4.8,N/A,2.7,,6,12/15/2010,ASTRO101,4.5,3.0,N/A,N/A,N/A,N/A,,0,0,"Work isnt insane. 3 question quiz once a week with the crs remote. Online homework assignments are very long and boring, but only 2 a month.He is really nice and funny, and it is a pleasure to go to his class."
S  Saini,CUNY Queens College,Science department, Flushing, NY,1,4.8,N/A,2.7,,6,05/31/2010,ASTR001,5.0,2.0,N/A,N/A,N/A,N/A,,0,0,"Highly recommended, he is very down to earth when teaching his students about the universe. He is a real science professor who can explain concepts clearly and efficiently. Midterm and Final are multiple choice and lectures are downloadable from Blackboard. Very friendly and very approachable. Definitely the professor to have for astronomy."
S  Saini,CUNY Queens College,Science department, Flushing, NY,1,4.8,N/A,2.7,,6,05/23/2010,ASTRO101,5.0,3.0,N/A,N/A,N/A,N/A,,0,0,"An extremely intelligent man who is clearly an expert in his field. An excellent teacher - the best science teacher I\'ve ever had - who makes the whole universe accessible to liberal arts students. This is the way science should be taught in a non technical setting! Def. good enough to teach at Harvard, but I\'m glad he doesn\'t. A+++"
S  Saini,CUNY Queens College,Science department, Flushing, NY,1,4.8,N/A,2.7,,6,05/13/2010,ASTR001,5.0,2.0,N/A,N/A,N/A,N/A,,0,0,Basically what the comment below this one said. He is a great professor and is very approachable. All lectures are downloadable from blackboard and very informative. Midterm and final are multiple choice and highlights basic understanding you should have taken from the course. The course is very interesting and he doesn\'t make it boring. Must Take
S  Saini,CUNY Queens College,Science department, Flushing, NY,1,4.8,N/A,2.7,,6,04/15/2010,ASTR001,4.0,4.0,N/A,N/A,N/A,N/A,,0,0,"Hes a really great professor. He helps out his students alot without making them feel giulty. He is always available to help whether it be email, office hours, or after class. You dont need a text book. ALOT of notes, midterm and final have ALOT of material so you have to study. Gives very helpful review sessions. Just take your notes and youl b go"
