professor_name,school_name,department_name,local_name,state_name,year_since_first_review,star_rating,take_again,diff_index,tag_professor,num_student,post_date,name_onlines,student_star,student_difficult,attence,for_credits,would_take_agains,grades,stu_tags,help_useful,help_not_useful,comments
Wondem  Asres,McDaniel College,Political Science department, Westminster, MD,2,3.3,N/A,3.9,,7,03/26/2011,PSI2203,4.0,5.0,N/A,N/A,N/A,N/A,,0,0,"I loved this professor. He was very helpful, and he is very intelligent; he was my favorite teacher so far. I was alwaysexcited to go to his class. If he ever teaches another class, I will take it. He is the BEST."
Wondem  Asres,McDaniel College,Political Science department, Westminster, MD,2,3.3,N/A,3.9,,7,04/20/2010,POL1101,4.5,3.0,N/A,N/A,N/A,N/A,,0,0,"He is very knowledgeable and will share the knowledge with you. First of all he will teach you that Communism, for example, is just a political system. If you are willing to accept the world, then he will open up your eyes. Great Professor, take him if you can filter through a slight accent. He is a great Professor!"
Wondem  Asres,McDaniel College,Political Science department, Westminster, MD,2,3.3,N/A,3.9,,7,04/09/2010,PSI2203,3.5,5.0,N/A,N/A,N/A,N/A,,0,0,"Dr. Asres is not a professor that is willing to hand you everything you need to know on a platter and then have you regurgitate it on an exam. However, if a student is struggling in a class but shows a clear willingness to learn, he will not hesitate to assist them. His classes require students to do their own work and hard work is rewarded."
Wondem  Asres,McDaniel College,Political Science department, Westminster, MD,2,3.3,N/A,3.9,,7,04/05/2010,POLS2210,4.0,3.0,N/A,N/A,N/A,N/A,,0,0,"Finally a professor that makes students think for themselves. Great perspective and life experience, someone that a student can really learn from."
Wondem  Asres,McDaniel College,Political Science department, Westminster, MD,2,3.3,N/A,3.9,,7,03/02/2010,POLSC2210,1.0,3.0,N/A,N/A,N/A,N/A,,0,0,hard to understand with his accent. Argues with students on petty details missing the overall point. Dry and monotone voice. very smart but has trouble expressing his intelligence in a group setting where he comes off more annoying than helpful. would not recommend his class. Plays favorites. Doesn\'t like students who disagree.
Wondem  Asres,McDaniel College,Political Science department, Westminster, MD,2,3.3,N/A,3.9,,7,02/21/2010,PSI1101,5.0,3.0,N/A,N/A,N/A,N/A,,0,0,"This professor is wonderful. He is willing to help as long as we are trying our best. He explains the concepts clearly and makes the class fun. He is very knowledgable and gives homework. He also responds to email quickly if the student has questions. You will learn a lot in his class, and I would recommend him for anyone taking this course."
Wondem  Asres,McDaniel College,Political Science department, Westminster, MD,2,3.3,N/A,3.9,,7,04/07/2009,POL3302,1.0,5.0,N/A,N/A,N/A,N/A,,0,0,"Worst Teacher at McDaniel, actually ever... He is a total idiot and deserves to have his teaching cert. taken away. He is a communist who tried to justify 9/11 saying ""Can you blame them."" I think I walked out more times in his class then I actually stayed."
