professor_name,school_name,department_name,local_name,state_name,year_since_first_review,star_rating,take_again,diff_index,tag_professor,num_student,post_date,name_onlines,student_star,student_difficult,attence,for_credits,would_take_agains,grades,stu_tags,help_useful,help_not_useful,comments
Jesse  Ross,Shoreline Community College,English department, Shoreline, WA,2,3.5,N/A,3.8,,10,12/09/2011,ENG102,5.0,3.0,N/A,N/A,N/A,N/A,,0,0,"Show up to class, it\'s an easy way to get an A on 20% of the grade. Do the assignments, it\'s basically free points. The essays were not extremely tough to do; I think most people procrastinated on them. This teacher was very involved and gave great feedback on essays. It was my first 4.0 in an English class."
Jesse  Ross,Shoreline Community College,English department, Shoreline, WA,2,3.5,N/A,3.8,,10,11/05/2010,ENG101,5.0,4.0,N/A,N/A,N/A,N/A,,0,0,"I don\'t get the people who complain that a class is hard or it\'s not possible to get good grades. Show up, try hard, and do the work and you\'ll be fine. He\'s not going to hand out 4.0\'s just because you came to class. I got a 4.0, it was tough but far from impossible. Use the feedback both he and your peers give and adjust your papers accordingly."
Jesse  Ross,Shoreline Community College,English department, Shoreline, WA,2,3.5,N/A,3.8,,10,10/11/2010,ENG259,5.0,4.0,N/A,N/A,N/A,N/A,,0,0,Jesse Ross was an amazing professor!
Jesse  Ross,Shoreline Community College,English department, Shoreline, WA,2,3.5,N/A,3.8,,10,07/28/2010,ENG101,4.5,5.0,N/A,N/A,N/A,N/A,,0,0,"Very good teacher. It can be almost impossible to get 100% on papers, but that can be good because he really makes you try your best. Gives great feedback and has a lot of enthusiasm."
Jesse  Ross,Shoreline Community College,English department, Shoreline, WA,2,3.5,N/A,3.8,,10,06/22/2010,ENG101,2.5,5.0,N/A,N/A,N/A,N/A,,0,0,"BAD teacher.20% of the grade will be attandance and class performance,,, if u dont like to answer questions in class,,,dont take him,,,, harsh grader,,,,i believe no one gets 3.8+"
Jesse  Ross,Shoreline Community College,English department, Shoreline, WA,2,3.5,N/A,3.8,,10,06/17/2010,ENG101,1.0,5.0,N/A,N/A,N/A,N/A,,0,0,"bad bad bad english teacher,,,, if u want 3.5 or higher,,,,dont ever ever take him,,,,no more than 2 ppl in my class get more than 3.5"
Jesse  Ross,Shoreline Community College,English department, Shoreline, WA,2,3.5,N/A,3.8,,10,06/12/2010,ENG101,3.0,4.0,N/A,N/A,N/A,N/A,,0,0,"Dont take him for english,,,,, he is such a harsh grader,,, no one could get 4.0 from him,,, he\'s such an aXXhole."
Jesse  Ross,Shoreline Community College,English department, Shoreline, WA,2,3.5,N/A,3.8,,10,02/28/2010,ACTIN1234,3.5,3.0,N/A,N/A,N/A,N/A,,0,0,Incredibally attractive although occasionally assigns work that seems useless. Takes his work very serious and pushes actors for greatness. Pushs people out of their comfort zone and ends up with a great end result. Also incredibally attractive on a daily basis.
Jesse  Ross,Shoreline Community College,English department, Shoreline, WA,2,3.5,N/A,3.8,,10,12/02/2009,DRAMA101,1.0,2.0,N/A,N/A,N/A,N/A,,0,0,"Not a good experience for intro to drama. For in-class written assignments I was docked points for not arguing Marxist theories; I didn\'t know that was a prerequisite for this class. A bit loquacious for my liking, especially when 90% of the class is just out of high school."
Jesse  Ross,Shoreline Community College,English department, Shoreline, WA,2,3.5,N/A,3.8,,10,01/27/2009,DRA101,4.5,3.0,N/A,N/A,N/A,N/A,,0,0,"Jesse is a great professor: fun, intelligent, challenging, accessible."
