professor_name,school_name,department_name,local_name,state_name,year_since_first_review,star_rating,take_again,diff_index,tag_professor,num_student,post_date,name_onlines,student_star,student_difficult,attence,for_credits,would_take_agains,grades,stu_tags,help_useful,help_not_useful,comments
Elizabeth  Rowe,Rowan University,Anthropology department, Glassboro, NJ,1,2.8,N/A,3.5,,6,05/10/2010,ANTHR201,1.5,4.0,N/A,N/A,N/A,N/A,,0,0,"I dont know what these other raters are talking about! DO NOT take this teacher! She is terrible. If you answer a question wrong, or ask a question, she responds like youre an idiot. Also, for exams, she provides no clue of what will be on them. Everyday in class is the same boring thing: a power point presentation. Stay away!!"
Elizabeth  Rowe,Rowan University,Anthropology department, Glassboro, NJ,1,2.8,N/A,3.5,,6,05/03/2010,ANTHRHUMA,1.5,5.0,N/A,N/A,N/A,N/A,,0,0,I had her for human variation. it sucked. She\'s very strict with the homework and assigments being turned in and attendence is mandatory. She also expects us to make our own study guides for midterms/finals when we have zero idea what the test is going to be like. She should make one! Overall I liked the course material not the teacher!
Elizabeth  Rowe,Rowan University,Anthropology department, Glassboro, NJ,1,2.8,N/A,3.5,,6,03/29/2010,ANTHR000,4.5,3.0,N/A,N/A,N/A,N/A,,0,0,"her grading scale is extremely extremely easy. i got a 60 something on a test and it was still a \'c\'. her attendance policy isnt bad at all, she gives you 4 unexcused absences. seems strict on the first day of class but after that she is really nice."
Elizabeth  Rowe,Rowan University,Anthropology department, Glassboro, NJ,1,2.8,N/A,3.5,,6,12/08/2009,ANTH202,2.5,2.0,N/A,N/A,N/A,N/A,,0,0,"She is a very nice lady but her attendance policy is awful. You cannot miss class at all. You need to keep up with the readings every week because the tests are built from them but they aren\'t bad at all. 500-800 word paper due every week. In a nutshell, read the assignments, write the papers, and go to class you\'ll get an A."
Elizabeth  Rowe,Rowan University,Anthropology department, Glassboro, NJ,1,2.8,N/A,3.5,,6,05/08/2009,ANTH202,2.5,4.0,N/A,N/A,N/A,N/A,,0,0,"I agreed! She\'s very strict about attendence and if you\'re more than a couple of minutes late she wont allow you to sign in! You\'ll DEFINITELY need to be on top of the readings. The tests aren\'t that bad, but if you want to pass you\'ll HAVE to do the reading. DO NOT miss or be late to any classes or assignments! It will affect you grade average."
Elizabeth  Rowe,Rowan University,Anthropology department, Glassboro, NJ,1,2.8,N/A,3.5,,6,01/26/2009,ANTH202,4.0,3.0,N/A,N/A,N/A,N/A,,0,0,She\'s very strict with the homework and assigments being turned in and attendence is mandatory
