professor_name,school_name,department_name,local_name,state_name,year_since_first_review,star_rating,take_again,diff_index,tag_professor,num_student,post_date,name_onlines,student_star,student_difficult,attence,for_credits,would_take_agains,grades,stu_tags,help_useful,help_not_useful,comments
Andy  Frazee,University of Georgia,English department, Athens, GA,8,5.0,N/A,1.7,Caring (1)  Clear grading criteria (1)  Gives good feedback (1),4,01/06/2017,ENG1102,5.0,3.0,Mandatory,Yes,Yes,A,CLEAR GRADING CRITERIA  GIVES GOOD FEEDBACK  CARING,0,0,"Dr. Frazee is one of the most wonderful English teachers that I\'ve ever had. Though this listing says that he teaches at UGA, he now teaches at Georgia Tech, and he made my experience very enjoyable. His grading criteria are INCREDIBLY clear, his website and calendar is impeccable, and he is a very fair grader. Great guy, too!"
Andy  Frazee,University of Georgia,English department, Athens, GA,8,5.0,N/A,1.7,Caring (1)  Clear grading criteria (1)  Gives good feedback (1),4,01/08/2013,ENG1101,5.0,2.0,N/A,N/A,N/A,N/A,,1,0,"So I had him at Georgia Tech, and it was an honors course. The subject was political blogging, so it was a different kind of writing, but I can tell he would be great at teaching any English course. So glad I had him."
Andy  Frazee,University of Georgia,English department, Athens, GA,8,5.0,N/A,1.7,Caring (1)  Clear grading criteria (1)  Gives good feedback (1),4,04/28/2009,ENG1102,5.0,1.0,N/A,N/A,N/A,N/A,,1,0,GREAT teacher. He tries to keep the class interesting because he has a passion for poetry. I really did learn a lot from him. Cares so much about the sudents and grades pretty easily! Highly recommended!
Andy  Frazee,University of Georgia,English department, Athens, GA,8,5.0,N/A,1.7,Caring (1)  Clear grading criteria (1)  Gives good feedback (1),4,02/11/2009,ENGL3800,5.0,1.0,N/A,N/A,N/A,N/A,,1,0,"Andy Frazee is the greatest person to take creative writing with ever. No matter how bad you stink at writing (like me), he is constantly encouraging and always gives great tips on how to improve. He is also a gentleman full of giggles."
