professor_name,school_name,department_name,local_name,state_name,year_since_first_review,star_rating,take_again,diff_index,tag_professor,num_student,post_date,name_onlines,student_star,student_difficult,attence,for_credits,would_take_agains,grades,stu_tags,help_useful,help_not_useful,comments
Leslie  Dreifus,Brooklyn College,Business department, Brooklyn, NY,1,2.8,N/A,3.3,,4,12/23/2010,BUSMGMT,4.5,2.0,N/A,N/A,N/A,N/A,,0,0,"Has a great sense of humor. Do homeworks, attend class regulary, PARTICIPATE. You can just skim through the textbook and ace the midterm and final. 10 page business plan due at end of semester. He gives tons of extra credit for final and midterm. I RECOMMEND!"
Leslie  Dreifus,Brooklyn College,Business department, Brooklyn, NY,1,2.8,N/A,3.3,,4,06/23/2010,CORPFIN,4.5,1.0,N/A,N/A,N/A,N/A,,0,0,"He is a helpful Prof. He gives you a curve. If you fail the midterm, and on the final if you get 75, you are fine. A 10 pages term paper is also helpful to improve your grade, as well as class attendance and home works."
Leslie  Dreifus,Brooklyn College,Business department, Brooklyn, NY,1,2.8,N/A,3.3,,4,09/08/2009,CORPFIN,1.0,5.0,N/A,N/A,N/A,N/A,,0,0,"Makes things complicated, he is not clear on what is expected on the test, so many topics he mentioned in class are not even on the exams, and as far as the term paper which is a big chunk of your grade, he expects it to be nice and polished like it\'s an English class, not to mention it wont help you do well on his tests."
Leslie  Dreifus,Brooklyn College,Business department, Brooklyn, NY,1,2.8,N/A,3.3,,4,09/03/2009,CORPFIN,1.0,5.0,N/A,N/A,N/A,N/A,,0,0,"The most bogus prof for Bus70.2. I don\'t understand how come he assigns a 10-15 page term paper which contains 40% of final grade. Dude, this is a finance class. Students are here to learn financial calculation, not to write a term paper about silly issues. Most of the materials we learned by ourselves. Very hard to understand & not helpful at all."
