professor_name,school_name,department_name,local_name,state_name,year_since_first_review,star_rating,take_again,diff_index,tag_professor,num_student,post_date,name_onlines,student_star,student_difficult,attence,for_credits,would_take_agains,grades,stu_tags,help_useful,help_not_useful,comments
Anna  Solomey,Wichita State University,Physics department, Wichita, KS,8,3.2,N/A,2.3,Skip class? You won\'t pass. (2)  TEST HEAVY (1)  Clear grading criteria (1)  Tough Grader (1)  GRADED BY FEW THINGS (1)  LOTS OF HOMEWORK (1),8,11/11/2017,PHYS315,4.0,2.0,Mandatory,Yes,Yes,A-,,0,0,"Dr Solomey was my lab professor for physics 2. She is an easy grader and helpful when you approach her. Unfortunately, she gave me my first A-..."
Anna  Solomey,Wichita State University,Physics department, Wichita, KS,8,3.2,N/A,2.3,Skip class? You won\'t pass. (2)  TEST HEAVY (1)  Clear grading criteria (1)  Tough Grader (1)  GRADED BY FEW THINGS (1)  LOTS OF HOMEWORK (1),8,05/12/2017,PHYS111,2.0,3.0,Not Mandatory,Yes,No,C,SKIP CLASS? YOU WON\'T PASS.  TEST HEAVY  LOTS OF HOMEWORK,0,0,There us a language barrier which can make it difficult to understand her clearly. Her lecture are not very interesting and her powerpoint notes aren\'t very helpful. She has a lot of quizzes which are multiple choice. The exams are very poorly done. Study hard for them and pay attention to lecture for tests. The take home labs are very easy.
Anna  Solomey,Wichita State University,Physics department, Wichita, KS,8,3.2,N/A,2.3,Skip class? You won\'t pass. (2)  TEST HEAVY (1)  Clear grading criteria (1)  Tough Grader (1)  GRADED BY FEW THINGS (1)  LOTS OF HOMEWORK (1),8,04/25/2017,PHYS111,4.0,2.0,Mandatory,Yes,Yes,A+,GRADED BY FEW THINGS  CLEAR GRADING CRITERIA  SKIP CLASS? YOU WON\'T PASS.,0,0,Phys 213. Just show up to class and follow the directions given on the lab manual. I understood absolutely nothing in the actual physics class and this lab was still very easy. As long as you do your work (even with very little effort) you should get an A no problem. She answers questions and emails back rather quickly. She had no midterm either.
Anna  Solomey,Wichita State University,Physics department, Wichita, KS,8,3.2,N/A,2.3,Skip class? You won\'t pass. (2)  TEST HEAVY (1)  Clear grading criteria (1)  Tough Grader (1)  GRADED BY FEW THINGS (1)  LOTS OF HOMEWORK (1),8,01/14/2015,PHYS316,1.0,2.0,Mandatory,Yes,N/A,A-,,0,2,terrible
Anna  Solomey,Wichita State University,Physics department, Wichita, KS,8,3.2,N/A,2.3,Skip class? You won\'t pass. (2)  TEST HEAVY (1)  Clear grading criteria (1)  Tough Grader (1)  GRADED BY FEW THINGS (1)  LOTS OF HOMEWORK (1),8,12/10/2013,PHYS315,4.5,1.0,N/A,N/A,N/A,N/A,,0,0,"She was helpful, graded pretty easily, and taught well."
Anna  Solomey,Wichita State University,Physics department, Wichita, KS,8,3.2,N/A,2.3,Skip class? You won\'t pass. (2)  TEST HEAVY (1)  Clear grading criteria (1)  Tough Grader (1)  GRADED BY FEW THINGS (1)  LOTS OF HOMEWORK (1),8,10/30/2013,PHYS315LAB,4.0,2.0,N/A,N/A,N/A,N/A,,0,0,"Nice person! She grades fairly, and is helpful if you ever have a problem. Be aware though that you will need weekly lap reports of 4 pages or so, as well as 6-10 pages of data questions and questions. Overall, good teacher though."
Anna  Solomey,Wichita State University,Physics department, Wichita, KS,8,3.2,N/A,2.3,Skip class? You won\'t pass. (2)  TEST HEAVY (1)  Clear grading criteria (1)  Tough Grader (1)  GRADED BY FEW THINGS (1)  LOTS OF HOMEWORK (1),8,04/22/2009,PHYS111,3.0,4.0,N/A,N/A,N/A,N/A,,0,0,"I would not recommend taking this professor. Although relatively easy class she is hard to understand and a bit impatient when answering questions. Her office hours are slim, but she is willing to communicate through email pretty well. Lecture is horribly boring; she is always unorganized and frazzled. Labs and assignments are simple but sometimes"
Anna  Solomey,Wichita State University,Physics department, Wichita, KS,8,3.2,N/A,2.3,Skip class? You won\'t pass. (2)  TEST HEAVY (1)  Clear grading criteria (1)  Tough Grader (1)  GRADED BY FEW THINGS (1)  LOTS OF HOMEWORK (1),8,04/11/2009,PHYSI111,3.0,2.0,N/A,N/A,N/A,N/A,,0,0,Good class. The class can be an easy A buy you actually have to keep up. Quizzes & labs are often but easy. Two easy projects. Mid-term & final are kinda tough..study! She knows what she is talking about; her accent might get in the way of understanding. She\'s really nice too. I would for sure take her for any other classes that Ineed.
