professor_name,school_name,department_name,local_name,state_name,year_since_first_review,star_rating,take_again,diff_index,tag_professor,num_student,post_date,name_onlines,student_star,student_difficult,attence,for_credits,would_take_agains,grades,stu_tags,help_useful,help_not_useful,comments
Demaree  Johnson,Dixie State University,Nutrition Foods & Wellness department, St. George, UT,6,3.8,N/A,2.8,Get ready to read (3)  Hilarious (2)  Participation matters (2)  Tough Grader (1)  Skip class? You won\'t pass. (1),19,01/14/2015,NFS1020,3.0,4.0,N/A,Yes,N/A,N/A,TOUGH GRADER  HILARIOUS,1,0,"Darling lady and is always willing to work with you. This class is hard though, and the tests require a lot of studying. Tested on material that we weren\'t taught, and that test questions were worded hard. This class is doable though if you are willing to put in time to really understand. She likes students that ask questions. Save $, Use ebook."
Demaree  Johnson,Dixie State University,Nutrition Foods & Wellness department, St. George, UT,6,3.8,N/A,2.8,Get ready to read (3)  Hilarious (2)  Participation matters (2)  Tough Grader (1)  Skip class? You won\'t pass. (1),19,01/06/2015,NFS1020,5.0,1.0,Mandatory,Yes,Yes,A+,HILARIOUS  SKIP CLASS? YOU WON\'T PASS.,0,0,Teaches through powerpoints and assigns textbook assignments. Really easy and fun class. Focus on studying directly from the powerpoints.
Demaree  Johnson,Dixie State University,Nutrition Foods & Wellness department, St. George, UT,6,3.8,N/A,2.8,Get ready to read (3)  Hilarious (2)  Participation matters (2)  Tough Grader (1)  Skip class? You won\'t pass. (1),19,12/23/2014,NFS1010,2.0,3.0,Mandatory,Yes,N/A,C,PARTICIPATION MATTERS  GET READY TO READ,0,0,"She is a nice lady but she isn\'t very helpful. You use the book a ton, for example: the final you\'ll need it. Whatever you get there is no way to help raise the grade so be sure to study for tests, do every learnsmarts, and be there for every surprise quiz because they help your grade."
Demaree  Johnson,Dixie State University,Nutrition Foods & Wellness department, St. George, UT,6,3.8,N/A,2.8,Get ready to read (3)  Hilarious (2)  Participation matters (2)  Tough Grader (1)  Skip class? You won\'t pass. (1),19,12/23/2014,NFS1010,2.5,3.0,Mandatory,Yes,N/A,C,GET READY TO READ  PARTICIPATION MATTERS,0,0,"She is a nice lady but she isn\'t very helpful. You use the book a ton, for example the final you\'ll need it. Whatever you get there is no way to help raise the grade so be sure to study for tests, do every learnsmarts, and be there for every surprise quiz because they help your grade."
Demaree  Johnson,Dixie State University,Nutrition Foods & Wellness department, St. George, UT,6,3.8,N/A,2.8,Get ready to read (3)  Hilarious (2)  Participation matters (2)  Tough Grader (1)  Skip class? You won\'t pass. (1),19,11/10/2014,NUTRITION,3.5,3.0,Not Mandatory,Yes,N/A,B,GET READY TO READ,0,0,"We have tests every other week, sometimes more often. She goes over the material pretty well, but you definitely need to study out of class. I study for about an hour for each test, and usually get a B. It\'s interesting stuff. She is a hilarious teacher, she\'s so funny."
Demaree  Johnson,Dixie State University,Nutrition Foods & Wellness department, St. George, UT,6,3.8,N/A,2.8,Get ready to read (3)  Hilarious (2)  Participation matters (2)  Tough Grader (1)  Skip class? You won\'t pass. (1),19,07/31/2014,NFS1020,5.0,3.0,Not Mandatory,N/A,N/A,WD,,0,0,"Material is VERY difficult. Great teacher. Very helpful and fun. In class explanations really help - drawings and comparisons are great learning tools. Curves each test to give students better grade. Several online assignments: food journal, etc. You\'ll need flashcards and study time for this class."
Demaree  Johnson,Dixie State University,Nutrition Foods & Wellness department, St. George, UT,6,3.8,N/A,2.8,Get ready to read (3)  Hilarious (2)  Participation matters (2)  Tough Grader (1)  Skip class? You won\'t pass. (1),19,05/04/2014,NFS1020,4.0,4.0,N/A,N/A,N/A,N/A,,0,0,"Demaree Johnson\'s class can be difficult if you don\'t study the material that she offers. Her class is very interesting and she is clearly very knowledgeable of this topic. She is an enthusiastic, happy, bubbly teacher who tells fascinating nutrition stories. Just use the lessons, power points, and study guides along with the learn smarts!"
Demaree  Johnson,Dixie State University,Nutrition Foods & Wellness department, St. George, UT,6,3.8,N/A,2.8,Get ready to read (3)  Hilarious (2)  Participation matters (2)  Tough Grader (1)  Skip class? You won\'t pass. (1),19,03/27/2014,NFS1020,5.0,2.0,Not Mandatory,N/A,N/A,A,,0,0,Just study the power points. She gives you way more info than you need to pass the class.
Demaree  Johnson,Dixie State University,Nutrition Foods & Wellness department, St. George, UT,6,3.8,N/A,2.8,Get ready to read (3)  Hilarious (2)  Participation matters (2)  Tough Grader (1)  Skip class? You won\'t pass. (1),19,11/21/2012,NFS1020,1.5,5.0,N/A,N/A,N/A,N/A,,0,0,I studied my butt off every week! Her class was the hardest class I took getting my generals.
Demaree  Johnson,Dixie State University,Nutrition Foods & Wellness department, St. George, UT,6,3.8,N/A,2.8,Get ready to read (3)  Hilarious (2)  Participation matters (2)  Tough Grader (1)  Skip class? You won\'t pass. (1),19,11/20/2012,NFS1020,4.0,3.0,N/A,N/A,N/A,N/A,,0,0,"She\'s funny, makes class interesting. However, keep in mind this is a low-level nutrition class so questions you ask that deviate from the material, it doesn\'t seem she has the answers to. Attendance isn\'t mandatory, but it really helps pass the tests."
Demaree  Johnson,Dixie State University,Nutrition Foods & Wellness department, St. George, UT,6,3.8,N/A,2.8,Get ready to read (3)  Hilarious (2)  Participation matters (2)  Tough Grader (1)  Skip class? You won\'t pass. (1),19,09/27/2012,NFS1020,4.5,4.0,N/A,N/A,N/A,N/A,,0,0,Really a great professor. She was funny in class and used humor to a good advantage. She is organized and always had assignments graded and back the next class. She made difficult concepts easy to understand. I learned so much in this class that will be useful forever. Take nutrition from her!!
Demaree  Johnson,Dixie State University,Nutrition Foods & Wellness department, St. George, UT,6,3.8,N/A,2.8,Get ready to read (3)  Hilarious (2)  Participation matters (2)  Tough Grader (1)  Skip class? You won\'t pass. (1),19,01/10/2012,NFS1020,4.0,3.0,N/A,N/A,N/A,N/A,,0,0,"She was great. I really enjoy learning through powerpoints that go alongside with the book and her lectures were so interesting! I found this class easier than most because I find nutrition fascinating, but as long as you read the book and pay attention to the lectures you will do great in her class!"
Demaree  Johnson,Dixie State University,Nutrition Foods & Wellness department, St. George, UT,6,3.8,N/A,2.8,Get ready to read (3)  Hilarious (2)  Participation matters (2)  Tough Grader (1)  Skip class? You won\'t pass. (1),19,11/17/2011,NFS1020,5.0,4.0,N/A,N/A,N/A,N/A,,0,0,"Nice lady and great, great teacher. She makes a 3 hour class fun and worthwhile."
Demaree  Johnson,Dixie State University,Nutrition Foods & Wellness department, St. George, UT,6,3.8,N/A,2.8,Get ready to read (3)  Hilarious (2)  Participation matters (2)  Tough Grader (1)  Skip class? You won\'t pass. (1),19,10/26/2011,NFS1020,2.0,1.0,N/A,N/A,N/A,N/A,,0,0,"If you are scared of not passing Biology, take this class. It is extremely easy to get a B or a C. She uses powerpoints and the book. A little stubborn, which is funny when nutrition isn\'t a complete science anyway. Sometimes mixes up stuff in class accidentally. Not amazing."
Demaree  Johnson,Dixie State University,Nutrition Foods & Wellness department, St. George, UT,6,3.8,N/A,2.8,Get ready to read (3)  Hilarious (2)  Participation matters (2)  Tough Grader (1)  Skip class? You won\'t pass. (1),19,04/15/2011,NFS1020,5.0,2.0,N/A,N/A,N/A,N/A,,0,0,"She\'s actually very knowledgeable in the subject matter, and she presents it well. I can\'t say the same for some of the teachers in the FCS building. I\'ve heard people say that the class is hard or the tests unclear... but of all my classes... She has probably been the most clear. And nutrition isn\'t really that hard. People astound me."
Demaree  Johnson,Dixie State University,Nutrition Foods & Wellness department, St. George, UT,6,3.8,N/A,2.8,Get ready to read (3)  Hilarious (2)  Participation matters (2)  Tough Grader (1)  Skip class? You won\'t pass. (1),19,04/08/2011,NFS1200,4.5,2.0,N/A,N/A,N/A,N/A,,0,0,The best teacher. Is very helpful and makes nutrition fun.
Demaree  Johnson,Dixie State University,Nutrition Foods & Wellness department, St. George, UT,6,3.8,N/A,2.8,Get ready to read (3)  Hilarious (2)  Participation matters (2)  Tough Grader (1)  Skip class? You won\'t pass. (1),19,07/07/2010,NFS1020,2.0,2.0,N/A,N/A,N/A,N/A,,0,0,"She is anything but clear. Ask her a valid question about nutrition and she says, ""That\'s just how it is""--well it really isn\'t; she just doesn\'t know and will not admit when she is wrong. If you have any sense of logic in yourself, this woman will make your brain explode with fallacy. She has been blatantly wrong in grading tests. Do not take."
Demaree  Johnson,Dixie State University,Nutrition Foods & Wellness department, St. George, UT,6,3.8,N/A,2.8,Get ready to read (3)  Hilarious (2)  Participation matters (2)  Tough Grader (1)  Skip class? You won\'t pass. (1),19,03/05/2009,FCS2400,5.0,2.0,N/A,N/A,N/A,N/A,,0,0,She is really nice. She tells a lot of stories that are pretty funny/interesting. I enjoy her class a lot. She tells you exactly what you need to know for the quizes and tests.
Demaree  Johnson,Dixie State University,Nutrition Foods & Wellness department, St. George, UT,6,3.8,N/A,2.8,Get ready to read (3)  Hilarious (2)  Participation matters (2)  Tough Grader (1)  Skip class? You won\'t pass. (1),19,01/26/2009,NFS1020,5.0,2.0,N/A,N/A,N/A,N/A,,0,0,"Demaree is an awesome nutritiom teacher. She is maily does slides in her class, and if you take all of your notes off of them you are guarunteed to do well on her tests. She is really nice and really helpful."
