professor_name,school_name,department_name,local_name,state_name,year_since_first_review,star_rating,take_again,diff_index,tag_professor,num_student,post_date,name_onlines,student_star,student_difficult,attence,for_credits,would_take_agains,grades,stu_tags,help_useful,help_not_useful,comments
Morteza  Barshooi,Central Piedmont Community College,Mathematics department, Matthews, NC,7,4.7,N/A,2.2,Caring (5)  Respected (5)  Gives good feedback (3)  Amazing lectures (3)  Hilarious (3)  Inspirational (2)  EXTRA CREDIT (1)  Tough Grader (1)  ACCESSIBLE OUTSIDE CLASS (1)  Participation matters (1),21,05/13/2017,MAT172,5.0,4.0,N/A,Yes,Yes,A,AMAZING LECTURES  RESPECTED  HILARIOUS,0,0,"Professor Barshooi is exceptionally engaging as an educator. He knows every student by name, and makes an effort to get to know them, and find out exactly what each individual\'s learning style is. This was not a class where I simply memorized the material, Professor Barshooi makes you internalize it. Math intensive Physics- here I come."
Morteza  Barshooi,Central Piedmont Community College,Mathematics department, Matthews, NC,7,4.7,N/A,2.2,Caring (5)  Respected (5)  Gives good feedback (3)  Amazing lectures (3)  Hilarious (3)  Inspirational (2)  EXTRA CREDIT (1)  Tough Grader (1)  ACCESSIBLE OUTSIDE CLASS (1)  Participation matters (1),21,05/08/2017,MAT151,5.0,2.0,Mandatory,Yes,Yes,N/A,PARTICIPATION MATTERS  GIVES GOOD FEEDBACK  AMAZING LECTURES,0,0,"Professor Barshooi is absolutely amazing. He introduces material very fluently and understandable. If you do not understand a topic he will make sure to go back and explain it step by step. His class is fun and interactive, but of course make sure to do your work and be a good student so you can get a good grade. He is also very flexible!"
Morteza  Barshooi,Central Piedmont Community College,Mathematics department, Matthews, NC,7,4.7,N/A,2.2,Caring (5)  Respected (5)  Gives good feedback (3)  Amazing lectures (3)  Hilarious (3)  Inspirational (2)  EXTRA CREDIT (1)  Tough Grader (1)  ACCESSIBLE OUTSIDE CLASS (1)  Participation matters (1),21,12/08/2016,MAT171,5.0,3.0,Not Mandatory,Yes,Yes,B,CARING  INSPIRATIONAL  HILARIOUS,0,0,"Great teacher, have always struggled with math but he brought back my faith in being able to pursue my interest without shying away because of some math. We need more teachers like him."
Morteza  Barshooi,Central Piedmont Community College,Mathematics department, Matthews, NC,7,4.7,N/A,2.2,Caring (5)  Respected (5)  Gives good feedback (3)  Amazing lectures (3)  Hilarious (3)  Inspirational (2)  EXTRA CREDIT (1)  Tough Grader (1)  ACCESSIBLE OUTSIDE CLASS (1)  Participation matters (1),21,12/05/2016,MAT172,5.0,3.0,N/A,Yes,Yes,A,ACCESSIBLE OUTSIDE CLASS  HILARIOUS  RESPECTED,0,0,Barshooi is not just an awesome teacher but a great person as well. He enjoys teaching and making sure all his students succeed. I took him for 171 and 172 and both times have been a blast. He gives test reviews and has office hours. He makes It feel like your with family during class and office hours. Recommended heavily.
Morteza  Barshooi,Central Piedmont Community College,Mathematics department, Matthews, NC,7,4.7,N/A,2.2,Caring (5)  Respected (5)  Gives good feedback (3)  Amazing lectures (3)  Hilarious (3)  Inspirational (2)  EXTRA CREDIT (1)  Tough Grader (1)  ACCESSIBLE OUTSIDE CLASS (1)  Participation matters (1),21,05/14/2016,MAT172,5.0,1.0,Not Mandatory,Yes,Yes,A-,RESPECTED  CARING,0,0,This guy is just flat out amazing
Morteza  Barshooi,Central Piedmont Community College,Mathematics department, Matthews, NC,7,4.7,N/A,2.2,Caring (5)  Respected (5)  Gives good feedback (3)  Amazing lectures (3)  Hilarious (3)  Inspirational (2)  EXTRA CREDIT (1)  Tough Grader (1)  ACCESSIBLE OUTSIDE CLASS (1)  Participation matters (1),21,11/09/2015,MAT171,5.0,1.0,N/A,Yes,N/A,A+,CARING  RESPECTED  INSPIRATIONAL,0,1,"Mr. barshooi is the most unbelievable professor CPCC could have ever hired. His teaching is extraordinary, and you will be successful if you take him. He is the ONLY best."
Morteza  Barshooi,Central Piedmont Community College,Mathematics department, Matthews, NC,7,4.7,N/A,2.2,Caring (5)  Respected (5)  Gives good feedback (3)  Amazing lectures (3)  Hilarious (3)  Inspirational (2)  EXTRA CREDIT (1)  Tough Grader (1)  ACCESSIBLE OUTSIDE CLASS (1)  Participation matters (1),21,05/09/2015,MAT161,4.0,4.0,N/A,Yes,N/A,N/A,TOUGH GRADER  GIVES GOOD FEEDBACK,0,0,This class was a bit hard and it took a while to understand the material. If you were not there in class you would have missed like a lot of information. He was availability after class but it was never a good time for me because i had classes around that time.
Morteza  Barshooi,Central Piedmont Community College,Mathematics department, Matthews, NC,7,4.7,N/A,2.2,Caring (5)  Respected (5)  Gives good feedback (3)  Amazing lectures (3)  Hilarious (3)  Inspirational (2)  EXTRA CREDIT (1)  Tough Grader (1)  ACCESSIBLE OUTSIDE CLASS (1)  Participation matters (1),21,05/07/2015,171,5.0,3.0,N/A,Yes,N/A,N/A,CARING  RESPECTED  AMAZING LECTURES,1,0,He is an amazing porfessor. The best any school can ofter! He brakes down every little step and make it simple. He\'ll even reteach you things you may have forgotten. He cares for his students and their well being. If you miss a class; He\'ll ask you are you ok? Is everything alright? He is a very humble guy that loves what he does.
Morteza  Barshooi,Central Piedmont Community College,Mathematics department, Matthews, NC,7,4.7,N/A,2.2,Caring (5)  Respected (5)  Gives good feedback (3)  Amazing lectures (3)  Hilarious (3)  Inspirational (2)  EXTRA CREDIT (1)  Tough Grader (1)  ACCESSIBLE OUTSIDE CLASS (1)  Participation matters (1),21,12/09/2014,COLLEGEALGEBRA,5.0,1.0,N/A,Yes,N/A,A+,EXTRA CREDIT  CARING  GIVES GOOD FEEDBACK,0,0,"Amazing professor, take him!!! I am awful at math but he really helps you out and I ended up with an A"
Morteza  Barshooi,Central Piedmont Community College,Mathematics department, Matthews, NC,7,4.7,N/A,2.2,Caring (5)  Respected (5)  Gives good feedback (3)  Amazing lectures (3)  Hilarious (3)  Inspirational (2)  EXTRA CREDIT (1)  Tough Grader (1)  ACCESSIBLE OUTSIDE CLASS (1)  Participation matters (1),21,07/17/2014,MAT161,5.0,3.0,Mandatory,N/A,N/A,B,,0,0,Possibly the best math teacher i have ever had. He is an extremely nice person and made the class very enjoyable to attend!
Morteza  Barshooi,Central Piedmont Community College,Mathematics department, Matthews, NC,7,4.7,N/A,2.2,Caring (5)  Respected (5)  Gives good feedback (3)  Amazing lectures (3)  Hilarious (3)  Inspirational (2)  EXTRA CREDIT (1)  Tough Grader (1)  ACCESSIBLE OUTSIDE CLASS (1)  Participation matters (1),21,06/24/2014,172,5.0,1.0,N/A,N/A,N/A,A+,,0,0,GOOD!! Take him
Morteza  Barshooi,Central Piedmont Community College,Mathematics department, Matthews, NC,7,4.7,N/A,2.2,Caring (5)  Respected (5)  Gives good feedback (3)  Amazing lectures (3)  Hilarious (3)  Inspirational (2)  EXTRA CREDIT (1)  Tough Grader (1)  ACCESSIBLE OUTSIDE CLASS (1)  Participation matters (1),21,05/09/2014,MAT161,4.0,1.0,N/A,N/A,N/A,N/A,,0,0,Math classes can be very boring. Mr. Barshooi\'s greatest attribute is engaging the class on an interest level and getting the point across very clearly. Very nice guy who is extremely fair with his students.
Morteza  Barshooi,Central Piedmont Community College,Mathematics department, Matthews, NC,7,4.7,N/A,2.2,Caring (5)  Respected (5)  Gives good feedback (3)  Amazing lectures (3)  Hilarious (3)  Inspirational (2)  EXTRA CREDIT (1)  Tough Grader (1)  ACCESSIBLE OUTSIDE CLASS (1)  Participation matters (1),21,12/19/2013,MAT16174,4.5,2.0,Mandatory,N/A,N/A,C+,,0,0,Mr. Barshooi is an excellent teacher for MATH he is very flexible to his students and understanding along with being very helpful. Overall amazing/extraordinary teacher to have.
Morteza  Barshooi,Central Piedmont Community College,Mathematics department, Matthews, NC,7,4.7,N/A,2.2,Caring (5)  Respected (5)  Gives good feedback (3)  Amazing lectures (3)  Hilarious (3)  Inspirational (2)  EXTRA CREDIT (1)  Tough Grader (1)  ACCESSIBLE OUTSIDE CLASS (1)  Participation matters (1),21,07/17/2012,MATH080,5.0,2.0,N/A,N/A,N/A,N/A,,0,0,Awesome teacher!!!! I despise math and he made me enjoy it. He is the most helpful and down to earth professor ever! He is very clear and works with you. If all professors were like him I would have loved college a lot more.
Morteza  Barshooi,Central Piedmont Community College,Mathematics department, Matthews, NC,7,4.7,N/A,2.2,Caring (5)  Respected (5)  Gives good feedback (3)  Amazing lectures (3)  Hilarious (3)  Inspirational (2)  EXTRA CREDIT (1)  Tough Grader (1)  ACCESSIBLE OUTSIDE CLASS (1)  Participation matters (1),21,05/04/2012,MAT161,5.0,2.0,N/A,N/A,N/A,N/A,,0,0,"Mortea Barshool is very funny, make the math class very interesting. He told story to help us remember formula. Tests are not hard, very clear. The final covers all the 3 tests we took before. Extral 2 point makes the different between A and B. Excellent teacher!"
Morteza  Barshooi,Central Piedmont Community College,Mathematics department, Matthews, NC,7,4.7,N/A,2.2,Caring (5)  Respected (5)  Gives good feedback (3)  Amazing lectures (3)  Hilarious (3)  Inspirational (2)  EXTRA CREDIT (1)  Tough Grader (1)  ACCESSIBLE OUTSIDE CLASS (1)  Participation matters (1),21,01/02/2012,MATH161,3.5,1.0,N/A,N/A,N/A,N/A,,0,0,AWESOME TEACHER! he will help you with whatever you have going on just LET HIM KNOW. He is very good at what he does. HIGHLY RECOMMEND THIS TEACHER.
Morteza  Barshooi,Central Piedmont Community College,Mathematics department, Matthews, NC,7,4.7,N/A,2.2,Caring (5)  Respected (5)  Gives good feedback (3)  Amazing lectures (3)  Hilarious (3)  Inspirational (2)  EXTRA CREDIT (1)  Tough Grader (1)  ACCESSIBLE OUTSIDE CLASS (1)  Participation matters (1),21,11/23/2011,MAT080,4.0,1.0,N/A,N/A,N/A,N/A,,0,0,A very passionate professional.
Morteza  Barshooi,Central Piedmont Community College,Mathematics department, Matthews, NC,7,4.7,N/A,2.2,Caring (5)  Respected (5)  Gives good feedback (3)  Amazing lectures (3)  Hilarious (3)  Inspirational (2)  EXTRA CREDIT (1)  Tough Grader (1)  ACCESSIBLE OUTSIDE CLASS (1)  Participation matters (1),21,11/16/2011,MATH16,5.0,3.0,N/A,N/A,N/A,N/A,,0,0,"He is a very good well rounded teacher, he is always willing to help you when needed and very clear on what he is teaching. He is very passionate about math which makes it a pleasure to have him as a teacher."
Morteza  Barshooi,Central Piedmont Community College,Mathematics department, Matthews, NC,7,4.7,N/A,2.2,Caring (5)  Respected (5)  Gives good feedback (3)  Amazing lectures (3)  Hilarious (3)  Inspirational (2)  EXTRA CREDIT (1)  Tough Grader (1)  ACCESSIBLE OUTSIDE CLASS (1)  Participation matters (1),21,11/09/2011,MAT161,4.0,3.0,N/A,N/A,N/A,N/A,,0,0,HE IS VERY GOOD AT EXPLAINING THE SUBJECT. MAKE SURE YOU ASKKK QUESTIONS THOUGH. IF YOU DON\'T YOU MAY END UP LOST. ATTEND CLASS EVERYDAY BECAUSE AGAIN HE GOES FAST AND THEN WHEN YOU COME BACK TO CLASS YOU\'LL BE TOTALLY LOST. GOOD TEACHER THOUGH. AND HE WILL WORK WITH YOU.
Morteza  Barshooi,Central Piedmont Community College,Mathematics department, Matthews, NC,7,4.7,N/A,2.2,Caring (5)  Respected (5)  Gives good feedback (3)  Amazing lectures (3)  Hilarious (3)  Inspirational (2)  EXTRA CREDIT (1)  Tough Grader (1)  ACCESSIBLE OUTSIDE CLASS (1)  Participation matters (1),21,01/07/2010,MAT080,5.0,3.0,N/A,N/A,N/A,N/A,,0,0,"He is VERY good at explaining the material so that you understand it. Was somewhat unorganized when it came to test score feedback but he gave me such a good understanding of the material, my actual test scores were unimportant as I came out of the class with an A. I am 39 & haven\'t taken algebra since high school where I was a C- student."
