professor_name,school_name,department_name,local_name,state_name,year_since_first_review,star_rating,take_again,diff_index,tag_professor,num_student,post_date,name_onlines,student_star,student_difficult,attence,for_credits,would_take_agains,grades,stu_tags,help_useful,help_not_useful,comments
Kristin  Higgins,Conestoga College,Computer Science department, Kitchener, ON,1,5.0,N/A,1.3,,4,12/15/2011,MATH1910,5.0,1.0,N/A,N/A,N/A,N/A,,1,0,Definitely a good teacher
Kristin  Higgins,Conestoga College,Computer Science department, Kitchener, ON,1,5.0,N/A,1.3,,4,10/14/2011,MATH102,5.0,1.0,N/A,N/A,N/A,N/A,,1,0,She was my professor for more than one class and she is excellent teacher!
Kristin  Higgins,Conestoga College,Computer Science department, Kitchener, ON,1,5.0,N/A,1.3,,4,01/26/2011,SQL1,5.0,2.0,N/A,N/A,N/A,N/A,,1,0,"Probably the best teacher I have had at the school. She teaches things with analogies, which is helped me see things clearer. Great teaching style. Also very supportive."
Kristin  Higgins,Conestoga College,Computer Science department, Kitchener, ON,1,5.0,N/A,1.3,,4,08/26/2010,PROG1790,5.0,1.0,N/A,N/A,N/A,N/A,,0,0,"It was a pleasure to study at Kris. She is very supportive, patient, always open for help, inspires interest in studing and is also very demanding. I like her attitude, she is a talented teacher!"
