professor_name,school_name,department_name,local_name,state_name,year_since_first_review,star_rating,take_again,diff_index,tag_professor,num_student,post_date,name_onlines,student_star,student_difficult,attence,for_credits,would_take_agains,grades,stu_tags,help_useful,help_not_useful,comments
Andrea  Cohen,Parsons The New School For Design,Design department, New York, NY,8,3.3,N/A,3.4,Participation matters (1)  Skip class? You won\'t pass. (1),9,09/26/2017,PUFY1020,1.0,4.0,Mandatory,Yes,No,B,,0,0,She gets mad when you ask something you didn\'t understand. Can be a b. Assumes you have to know everything.
Andrea  Cohen,Parsons The New School For Design,Design department, New York, NY,8,3.3,N/A,3.4,Participation matters (1)  Skip class? You won\'t pass. (1),9,04/21/2015,5251,2.5,4.0,N/A,Yes,N/A,N/A,,0,0,really confusing at most of the time
Andrea  Cohen,Parsons The New School For Design,Design department, New York, NY,8,3.3,N/A,3.4,Participation matters (1)  Skip class? You won\'t pass. (1),9,02/03/2015,PUFY1020,4.5,4.0,Mandatory,Yes,Yes,N/A,SKIP CLASS? YOU WON\'T PASS.  PARTICIPATION MATTERS,0,0,"Andrea is a great person and teacher, but keep in mind that if you respect her and respect the work that you do in her class she will respect you. Be ambitious on your projects and put in the effort to make it work, she may not say she likes it to your face and she won\'t tell you what to do but if you show up on time and do your best she notices."
Andrea  Cohen,Parsons The New School For Design,Design department, New York, NY,8,3.3,N/A,3.4,Participation matters (1)  Skip class? You won\'t pass. (1),9,11/25/2013,PUFY1020,4.5,4.0,Mandatory,N/A,N/A,N/A,,2,0,Great Teacher! Always checks in with students to make sure they know what is going on. Not the easiest teacher but she challenges you in expanding your 3-D creativity! This is my favorite class!
Andrea  Cohen,Parsons The New School For Design,Design department, New York, NY,8,3.3,N/A,3.4,Participation matters (1)  Skip class? You won\'t pass. (1),9,11/30/2012,PUFN1000,2.0,3.0,N/A,N/A,N/A,N/A,,0,0,"She has her highs and lows, she\'s extremely helpful, but she loses her patience with certain students, soft spoken. Attendance is a must in her class. Sometimes she can be unclear but she always ends with ""does that make sense"" to make sure everyone understands. she loves ambitious projects . hates the simple ones.Be prepared to spend a lot of cash"
Andrea  Cohen,Parsons The New School For Design,Design department, New York, NY,8,3.3,N/A,3.4,Participation matters (1)  Skip class? You won\'t pass. (1),9,06/03/2010,PUFN3D,4.0,3.0,N/A,N/A,N/A,N/A,,1,0,"I\'m surprised by the other comments here. I found Andrea to be both personable and knowledgeable. She allows plenty of artistic freedom, but expects you to follow directions and stick to deadlines religiously. Maybe her feedback isn\'t always the best, but she is very involved with her students and obviously want the best for them."
Andrea  Cohen,Parsons The New School For Design,Design department, New York, NY,8,3.3,N/A,3.4,Participation matters (1)  Skip class? You won\'t pass. (1),9,12/23/2009,D3D,3.0,4.0,N/A,N/A,N/A,N/A,,0,0,Very weak teacher. Does not like when kids are too ambitious with their projects. During a critique she\'ll say all sorts of sweet things to your face but when it comes to evaluations you\'ll see the total opposite come out. I didn\'t learn anything. She\'s a waste of time--and money.
Andrea  Cohen,Parsons The New School For Design,Design department, New York, NY,8,3.3,N/A,3.4,Participation matters (1)  Skip class? You won\'t pass. (1),9,11/07/2009,FOUND3D,2.5,2.0,N/A,N/A,N/A,N/A,,0,0,I had her for 3D Body and Place during foundation year. She barely teaches and feedback can be weak. The class assignments were alright but I felt like I could\'ve learned a lot more if I was with another professor
Andrea  Cohen,Parsons The New School For Design,Design department, New York, NY,8,3.3,N/A,3.4,Participation matters (1)  Skip class? You won\'t pass. (1),9,08/20/2009,ABC3DIS,5.0,3.0,N/A,N/A,N/A,N/A,,0,0,She was really nice to everyone and helpful. She really likes it when you stick to the directions rather than going off into doing something more imaginative and creative. Rather than being abstract she likes it when you put all of your effort into projects. graded mostly by all the work you put into projects.
