professor_name,school_name,department_name,local_name,state_name,year_since_first_review,star_rating,take_again,diff_index,tag_professor,num_student,post_date,name_onlines,student_star,student_difficult,attence,for_credits,would_take_agains,grades,stu_tags,help_useful,help_not_useful,comments
Peter  Churchill,Las Positas College,Business department, Livermore, CA,9,3.1,N/A,3.0,Caring (1)  EXTRA CREDIT (1)  Gives good feedback (1),5,04/04/2018,BUSN56,5.0,3.0,Not Mandatory,Yes,Yes,A+,EXTRA CREDIT  GIVES GOOD FEEDBACK  CARING,1,0,He is amazing!
Peter  Churchill,Las Positas College,Business department, Livermore, CA,9,3.1,N/A,3.0,Caring (1)  EXTRA CREDIT (1)  Gives good feedback (1),5,12/12/2010,BUSN56,1.5,4.0,N/A,N/A,N/A,N/A,,1,0,"This teacher is extremely rude and unhelpful. I sent him an email to clarify something, but he just emailed back saying I was wasting his time and explained in a sarcastic way that it was an unnecessary email. He spent so much time saying this that he failed to even answer my short yes or no question. Such an unprofessional teacher."
Peter  Churchill,Las Positas College,Business department, Livermore, CA,9,3.1,N/A,3.0,Caring (1)  EXTRA CREDIT (1)  Gives good feedback (1),5,12/27/2009,BUSN56,4.5,4.0,N/A,N/A,N/A,N/A,,2,0,"Wow. I\'ve a totally diff perspective. Asked subj related questions; got quick, prof answers. Feedback on papers within a week. Interesting cases. He\'s not a hand holder."
Peter  Churchill,Las Positas College,Business department, Livermore, CA,9,3.1,N/A,3.0,Caring (1)  EXTRA CREDIT (1)  Gives good feedback (1),5,06/17/2009,BUS56,2.0,3.0,N/A,N/A,N/A,N/A,,1,0,He is very rude. I got an A in his class but I went through hell. He does not know how to talk to his students. Took his online class and i had to figure everything out myself. He did not grade the papers that i gave him in the beginning of the semester until last couple of weeks of the class...no feed back or anything.
Peter  Churchill,Las Positas College,Business department, Livermore, CA,9,3.1,N/A,3.0,Caring (1)  EXTRA CREDIT (1)  Gives good feedback (1),5,01/27/2009,BUSN56,2.5,1.0,N/A,N/A,N/A,N/A,,1,0,"Horrible teacher. Assignments and quizzes are straight forward, but definitely has an attitude problem. Very unprofessional person, insults students and never wants to help students. LPC deserves better, he doesn\'t deserve to teach nor belong here. Considers students contacting him about grades as ""harassing him."" Don\'t waste your time."
