professor_name,school_name,department_name,local_name,state_name,year_since_first_review,star_rating,take_again,diff_index,tag_professor,num_student,post_date,name_onlines,student_star,student_difficult,attence,for_credits,would_take_agains,grades,stu_tags,help_useful,help_not_useful,comments
Heather  Perez,Florida State University,Philosophy department, Tallahassee, FL,0,3.1,N/A,2.5,,4,12/13/2013,PHI2100,4.0,2.0,Mandatory,N/A,N/A,N/A,,1,0,This class was not hard at all the essays were a bit confusing but overall fairly easy. She is very helpful and if you go to class you receive extra credit! The test were basically the study guides!
Heather  Perez,Florida State University,Philosophy department, Tallahassee, FL,0,3.1,N/A,2.5,,4,10/15/2013,PHI2100,2.0,2.0,N/A,N/A,N/A,N/A,,0,0,"I got an A in the class, but that\'s because the class is easy, not because I learned something. She acts like coming to teach is the worst thing ever. The TAs are fairly helpful. DO NOT buy the books as they are not tested on, not referenced in class, and a general waste of money."
Heather  Perez,Florida State University,Philosophy department, Tallahassee, FL,0,3.1,N/A,2.5,,4,10/07/2013,PHI21001,4.5,3.0,Mandatory,N/A,N/A,N/A,,0,0,"The class is difficult because it is a difficult subject. But she and her TA\'s are very helpful with the assignments when asked. My major concern is that there is no general textbook for the class to learn things off of for the assignments, so we must rely completely on in class lectures and appointments with her and the TA\'s if your confused"
Heather  Perez,Florida State University,Philosophy department, Tallahassee, FL,0,3.1,N/A,2.5,,4,09/05/2013,PHI2100,2.0,3.0,Not Mandatory,N/A,N/A,N/A,,0,0,cannot hear her when she talks at all. And i sit in the 3rd row of class. The class is pretty confusing and she doesnt really help clear things up. It\'s almost as if she doesnt want to be there as much as i don\'t
