professor_name,school_name,department_name,local_name,state_name,year_since_first_review,star_rating,take_again,diff_index,tag_professor,num_student,post_date,name_onlines,student_star,student_difficult,attence,for_credits,would_take_agains,grades,stu_tags,help_useful,help_not_useful,comments
Tom  Caines,Sussex County Community College,Not Specified department, Newton, NJ,7,4.3,N/A,1.5,Amazing lectures (4)  Inspirational (4)  Caring (2)  Respected (1)  Hilarious (1),9,09/11/2016,COLL101,4.0,2.0,N/A,Yes,Yes,A,INSPIRATIONAL  AMAZING LECTURES  CARING,1,0,"He is simply a great teacher. For one of the presentations, he allowed me to bring my skateboard into class and show the students a few tricks. I thought this was great and so did the students. He is inspirational and smart. Also, he is a life coach!"
Tom  Caines,Sussex County Community College,Not Specified department, Newton, NJ,7,4.3,N/A,1.5,Amazing lectures (4)  Inspirational (4)  Caring (2)  Respected (1)  Hilarious (1),9,07/25/2016,COLL101,4.0,2.0,Mandatory,Yes,Yes,A,CARING  INSPIRATIONAL  AMAZING LECTURES,1,0,"Fun teacher, especially after a day at work. A few easy presentations and some small writing assignments and its an easy A. Makes people feel important. He will adjust to each individual student. Some issues he brings up could be controversial, so debates will happen, even if they seem a bit unorthodox."
Tom  Caines,Sussex County Community College,Not Specified department, Newton, NJ,7,4.3,N/A,1.5,Amazing lectures (4)  Inspirational (4)  Caring (2)  Respected (1)  Hilarious (1),9,04/24/2015,COLL101,4.5,1.0,N/A,Yes,N/A,A,AMAZING LECTURES  INSPIRATIONAL  RESPECTED,1,0,"He is very kind and has fun, calm conversations. The class was easy, but he taught us about preparing for the future in ways that relate to anyone\'s career or situation. Be careful about talking after class if you want to go home, he can chat for hours."
Tom  Caines,Sussex County Community College,Not Specified department, Newton, NJ,7,4.3,N/A,1.5,Amazing lectures (4)  Inspirational (4)  Caring (2)  Respected (1)  Hilarious (1),9,12/01/2014,COLL1016,5.0,1.0,Mandatory,Yes,N/A,A,INSPIRATIONAL  AMAZING LECTURES  HILARIOUS,1,0,"With any other professor, this class sucks! but Professor Caines actually makes the class tolerable and pretty entertaining"
Tom  Caines,Sussex County Community College,Not Specified department, Newton, NJ,7,4.3,N/A,1.5,Amazing lectures (4)  Inspirational (4)  Caring (2)  Respected (1)  Hilarious (1),9,06/21/2011,COLL101,5.0,1.0,N/A,N/A,N/A,N/A,,0,0,"Awesome professor. Really easy and laid back. Great class to take at night. Mostly class discussions, hardly any other work. Good class for an easy A."
Tom  Caines,Sussex County Community College,Not Specified department, Newton, NJ,7,4.3,N/A,1.5,Amazing lectures (4)  Inspirational (4)  Caring (2)  Respected (1)  Hilarious (1),9,09/02/2010,COLL101,4.5,1.0,N/A,N/A,N/A,N/A,,0,0,"Great teacher, keeps you interested despite the boring nature of the class! Take foundations with Caines, all my friends took it with other teachers and did much more work than i did. Caines is a great teacher and mentor!"
Tom  Caines,Sussex County Community College,Not Specified department, Newton, NJ,7,4.3,N/A,1.5,Amazing lectures (4)  Inspirational (4)  Caring (2)  Respected (1)  Hilarious (1),9,05/10/2010,COLL101,2.5,1.0,N/A,N/A,N/A,N/A,,0,0,good prof. but a totaly use\'less class. I have no idea what the class was about. it was a complete waste of my time. Nice guy but a complete waste of time.
Tom  Caines,Sussex County Community College,Not Specified department, Newton, NJ,7,4.3,N/A,1.5,Amazing lectures (4)  Inspirational (4)  Caring (2)  Respected (1)  Hilarious (1),9,06/01/2009,COLL101,5.0,1.0,N/A,N/A,N/A,N/A,,0,0,awesome!
Tom  Caines,Sussex County Community College,Not Specified department, Newton, NJ,7,4.3,N/A,1.5,Amazing lectures (4)  Inspirational (4)  Caring (2)  Respected (1)  Hilarious (1),9,01/27/2009,COLL101,4.5,3.0,N/A,N/A,N/A,N/A,,0,0,"He is a great teacher. He is extremely calm and relaxed. He doesn\'t really teach the class, but ""guides"" the class along, letting the students teach themselves. He will also just tell you when homework is due JUST ONCE and then he will never remind you again! So make sure you keep yourself on track with all of your assignments!"
