professor_name,school_name,department_name,local_name,state_name,year_since_first_review,star_rating,take_again,diff_index,tag_professor,num_student,post_date,name_onlines,student_star,student_difficult,attence,for_credits,would_take_agains,grades,stu_tags,help_useful,help_not_useful,comments
Antonia  Mantonakis,Brock University,Psychology department, St. Catharines, ON,5,2.5,N/A,3.6,Participation matters (5)  Amazing lectures (4)  Respected (4)  Skip class? You won\'t pass. (3)  Tough Grader (2)  Inspirational (2)  Clear grading criteria (2)  Get ready to read (2)  Gives good feedback (2)  LECTURE HEAVY (1),64,04/12/2017,MKTG4P31,5.0,4.0,Mandatory,Yes,Yes,A,SKIP CLASS? YOU WON\'T PASS.  PARTICIPATION MATTERS  CLEAR GRADING CRITERIA,0,0,Favourite Professor. She brings more than just a business background and relates marketing to science. I recommend taking consumer behaviour with her!
Antonia  Mantonakis,Brock University,Psychology department, St. Catharines, ON,5,2.5,N/A,3.6,Participation matters (5)  Amazing lectures (4)  Respected (4)  Skip class? You won\'t pass. (3)  Tough Grader (2)  Inspirational (2)  Clear grading criteria (2)  Get ready to read (2)  Gives good feedback (2)  LECTURE HEAVY (1),64,03/18/2016,MKTG4P23,4.0,3.0,Mandatory,Yes,N/A,N/A,RESPECTED  CLEAR GRADING CRITERIA  INSPIRATIONAL,0,0,"Great prof, clear about expectations but this includes going to class and participating. Interesting material, follows interests of students and goes with the flow of ""free"" chatting, makes class fun."
Antonia  Mantonakis,Brock University,Psychology department, St. Catharines, ON,5,2.5,N/A,3.6,Participation matters (5)  Amazing lectures (4)  Respected (4)  Skip class? You won\'t pass. (3)  Tough Grader (2)  Inspirational (2)  Clear grading criteria (2)  Get ready to read (2)  Gives good feedback (2)  LECTURE HEAVY (1),64,02/28/2016,MKTG4P31,5.0,1.0,Not Mandatory,Yes,N/A,B-,AMAZING LECTURES  RESPECTED,0,0,"Great Professor, One of the only Professors at Brock who didn\'t bore me to death during the 4th year Marketing class. She seems very up to date with latest marketing strategies! Also a very nice and attractive professor."
Antonia  Mantonakis,Brock University,Psychology department, St. Catharines, ON,5,2.5,N/A,3.6,Participation matters (5)  Amazing lectures (4)  Respected (4)  Skip class? You won\'t pass. (3)  Tough Grader (2)  Inspirational (2)  Clear grading criteria (2)  Get ready to read (2)  Gives good feedback (2)  LECTURE HEAVY (1),64,08/05/2015,MKTG2P91,5.0,2.0,Mandatory,Yes,N/A,A+,PARTICIPATION MATTERS  AMAZING LECTURES  INSPIRATIONAL,0,0,"Prof Mantonakis is hands down one of the best professors you will have at Brock. She genuinely cares for her students & their success which is a very rare trait. Even though the course is a lot of hard work & reading, it is by far the most enjoyable one I\'ve ever had. Every lecture is thought-provoking & relates to the real world. Amazing Prof!"
Antonia  Mantonakis,Brock University,Psychology department, St. Catharines, ON,5,2.5,N/A,3.6,Participation matters (5)  Amazing lectures (4)  Respected (4)  Skip class? You won\'t pass. (3)  Tough Grader (2)  Inspirational (2)  Clear grading criteria (2)  Get ready to read (2)  Gives good feedback (2)  LECTURE HEAVY (1),64,06/02/2015,MKTG2P91,4.5,3.0,Mandatory,Yes,N/A,A-,SKIP CLASS? YOU WON\'T PASS.  AMAZING LECTURES  RESPECTED,0,0,"This class was awesome! Professor M\'s classes are always exciting and engaging. She brought life to the text book by incorporating real life examples with each theory we learned. She goes above and beyond to help students relate and understand the material. (guest speakers, extra credit, social media interaction) Best teacher at Brock! She rocks!"
Antonia  Mantonakis,Brock University,Psychology department, St. Catharines, ON,5,2.5,N/A,3.6,Participation matters (5)  Amazing lectures (4)  Respected (4)  Skip class? You won\'t pass. (3)  Tough Grader (2)  Inspirational (2)  Clear grading criteria (2)  Get ready to read (2)  Gives good feedback (2)  LECTURE HEAVY (1),64,05/20/2015,MKTG4P31,4.0,2.0,N/A,Yes,N/A,N/A,GIVES GOOD FEEDBACK  PARTICIPATION MATTERS  GET READY TO READ,0,0,Antonia is a professor that clearly believes in the concept of hard work. She ensures that students who put their noses to the grindstone and focus on the material are rewarded for their efforts. This course has a substantial participation requirement and it is also crucial that the textbook is read. Antonia was one of my favourite professors.
Antonia  Mantonakis,Brock University,Psychology department, St. Catharines, ON,5,2.5,N/A,3.6,Participation matters (5)  Amazing lectures (4)  Respected (4)  Skip class? You won\'t pass. (3)  Tough Grader (2)  Inspirational (2)  Clear grading criteria (2)  Get ready to read (2)  Gives good feedback (2)  LECTURE HEAVY (1),64,04/14/2015,MKTG2P91,4.5,4.0,N/A,Yes,N/A,N/A,PARTICIPATION MATTERS  GET READY TO READ  SKIP CLASS? YOU WON\'T PASS.,1,0,Tests are based half on textbook and the other half on in class material including discussions. Pay close attention to every discussion.
Antonia  Mantonakis,Brock University,Psychology department, St. Catharines, ON,5,2.5,N/A,3.6,Participation matters (5)  Amazing lectures (4)  Respected (4)  Skip class? You won\'t pass. (3)  Tough Grader (2)  Inspirational (2)  Clear grading criteria (2)  Get ready to read (2)  Gives good feedback (2)  LECTURE HEAVY (1),64,12/01/2014,MKTG2P91,5.0,3.0,Mandatory,Yes,N/A,Not,GIVES GOOD FEEDBACK  RESPECTED  AMAZING LECTURES,0,0,Lectures are awesome! One of the best professors I have taken in University so far!
Antonia  Mantonakis,Brock University,Psychology department, St. Catharines, ON,5,2.5,N/A,3.6,Participation matters (5)  Amazing lectures (4)  Respected (4)  Skip class? You won\'t pass. (3)  Tough Grader (2)  Inspirational (2)  Clear grading criteria (2)  Get ready to read (2)  Gives good feedback (2)  LECTURE HEAVY (1),64,10/31/2014,MKTG2P91,3.5,4.0,Mandatory,Yes,N/A,N/A,PARTICIPATION MATTERS  TOUGH GRADER,0,0,"Lectures are awesome, a lot of fun and very interactive. However, they don\'t usually focus on the questions that come up during exams. Easy to approach and very easy on the eyes."
Antonia  Mantonakis,Brock University,Psychology department, St. Catharines, ON,5,2.5,N/A,3.6,Participation matters (5)  Amazing lectures (4)  Respected (4)  Skip class? You won\'t pass. (3)  Tough Grader (2)  Inspirational (2)  Clear grading criteria (2)  Get ready to read (2)  Gives good feedback (2)  LECTURE HEAVY (1),64,03/15/2014,MKTG4P31,1.0,5.0,N/A,N/A,N/A,N/A,,1,1,"Lacks the foundations of basic business knowledge -- she\'s trained in psychology. The thing I really didn\'t like about this class is how she treats students -- I felt like we were treated as high school kids. Posting blank powerpoint slides to keep people from skipping classes? By 4th year, I really don\'t think that\'s appropriate."
Antonia  Mantonakis,Brock University,Psychology department, St. Catharines, ON,5,2.5,N/A,3.6,Participation matters (5)  Amazing lectures (4)  Respected (4)  Skip class? You won\'t pass. (3)  Tough Grader (2)  Inspirational (2)  Clear grading criteria (2)  Get ready to read (2)  Gives good feedback (2)  LECTURE HEAVY (1),64,12/05/2013,MKTG4P23,5.0,3.0,N/A,N/A,N/A,N/A,,0,0,"Amazing Prof if you are interested in Marketing as a career path. She makes lessons extremely enjoyable and interesting. Tests are a little tough but very fair and exactly what she includes in her ""checkmark"" slides and some textbook terms. She knows her stuff and teaches in a way thay makes you remember concepts easily! Print slides before class."
Antonia  Mantonakis,Brock University,Psychology department, St. Catharines, ON,5,2.5,N/A,3.6,Participation matters (5)  Amazing lectures (4)  Respected (4)  Skip class? You won\'t pass. (3)  Tough Grader (2)  Inspirational (2)  Clear grading criteria (2)  Get ready to read (2)  Gives good feedback (2)  LECTURE HEAVY (1),64,03/14/2013,MKTG2P91,1.0,5.0,N/A,N/A,N/A,N/A,,2,2,"worst prof ever. tests are unfair, you have no chance. she should not be a prof."
Antonia  Mantonakis,Brock University,Psychology department, St. Catharines, ON,5,2.5,N/A,3.6,Participation matters (5)  Amazing lectures (4)  Respected (4)  Skip class? You won\'t pass. (3)  Tough Grader (2)  Inspirational (2)  Clear grading criteria (2)  Get ready to read (2)  Gives good feedback (2)  LECTURE HEAVY (1),64,07/17/2012,MKTG2P91,2.5,3.0,N/A,N/A,N/A,N/A,,1,1,She\'s a good prof but hardly available during office hours. Nice and condenses the material for students to understand. Pretty attractive too. I Didn\'t miss many of her classes for she always brightened my day with her smile.
Antonia  Mantonakis,Brock University,Psychology department, St. Catharines, ON,5,2.5,N/A,3.6,Participation matters (5)  Amazing lectures (4)  Respected (4)  Skip class? You won\'t pass. (3)  Tough Grader (2)  Inspirational (2)  Clear grading criteria (2)  Get ready to read (2)  Gives good feedback (2)  LECTURE HEAVY (1),64,07/12/2012,MKTG2P91,4.5,2.0,N/A,N/A,N/A,N/A,,0,0,"Being in her MKTG class was the best thing happened to me I guess. Dr.Mantonakis is a very special Professor at BrockU. She encouraged me in many ways, even when I made troubles (well, not all the time lol)! But she inspired me to be a better person. I wish I could have her again, and I would be a better student. =)"
Antonia  Mantonakis,Brock University,Psychology department, St. Catharines, ON,5,2.5,N/A,3.6,Participation matters (5)  Amazing lectures (4)  Respected (4)  Skip class? You won\'t pass. (3)  Tough Grader (2)  Inspirational (2)  Clear grading criteria (2)  Get ready to read (2)  Gives good feedback (2)  LECTURE HEAVY (1),64,06/26/2012,MKTG4P31,1.0,5.0,N/A,N/A,N/A,N/A,,1,2,"was hard to contact throughout the semester, she doesn\'t care about students."
Antonia  Mantonakis,Brock University,Psychology department, St. Catharines, ON,5,2.5,N/A,3.6,Participation matters (5)  Amazing lectures (4)  Respected (4)  Skip class? You won\'t pass. (3)  Tough Grader (2)  Inspirational (2)  Clear grading criteria (2)  Get ready to read (2)  Gives good feedback (2)  LECTURE HEAVY (1),64,05/10/2012,MRKT1F00,5.0,3.0,N/A,N/A,N/A,N/A,,0,0,Awesome Class!!
Antonia  Mantonakis,Brock University,Psychology department, St. Catharines, ON,5,2.5,N/A,3.6,Participation matters (5)  Amazing lectures (4)  Respected (4)  Skip class? You won\'t pass. (3)  Tough Grader (2)  Inspirational (2)  Clear grading criteria (2)  Get ready to read (2)  Gives good feedback (2)  LECTURE HEAVY (1),64,05/05/2012,MGMT1P96,3.5,4.0,N/A,N/A,N/A,N/A,,0,0,nice and tries hard but really unclear and out there.. Definitely not an easy A class
Antonia  Mantonakis,Brock University,Psychology department, St. Catharines, ON,5,2.5,N/A,3.6,Participation matters (5)  Amazing lectures (4)  Respected (4)  Skip class? You won\'t pass. (3)  Tough Grader (2)  Inspirational (2)  Clear grading criteria (2)  Get ready to read (2)  Gives good feedback (2)  LECTURE HEAVY (1),64,05/04/2012,MGMT1P96,1.0,3.0,N/A,N/A,N/A,N/A,,2,1,"I just completed MGMT 1P96, and I must say that Antonia is one of the worst professors I\'ve had. She rambles on in lectures, doesn\'t know very much on subjects, and is extremely slow in returning tests/assignments."
Antonia  Mantonakis,Brock University,Psychology department, St. Catharines, ON,5,2.5,N/A,3.6,Participation matters (5)  Amazing lectures (4)  Respected (4)  Skip class? You won\'t pass. (3)  Tough Grader (2)  Inspirational (2)  Clear grading criteria (2)  Get ready to read (2)  Gives good feedback (2)  LECTURE HEAVY (1),64,05/03/2012,MGMT1P96,1.0,5.0,N/A,N/A,N/A,N/A,,0,1,"if you want to have strong SWOT analysis & useful MGMT frameworks, I don\'t recommend this prof. Students -so many times- have asked her questions but have been turned down by her responses that lack of basic knowledge which a 1st year business Professor should know"
Antonia  Mantonakis,Brock University,Psychology department, St. Catharines, ON,5,2.5,N/A,3.6,Participation matters (5)  Amazing lectures (4)  Respected (4)  Skip class? You won\'t pass. (3)  Tough Grader (2)  Inspirational (2)  Clear grading criteria (2)  Get ready to read (2)  Gives good feedback (2)  LECTURE HEAVY (1),64,05/02/2012,MGMT1P96,4.0,4.0,N/A,N/A,N/A,N/A,,0,0,well she is hot. A nice person easy to talk to. marking was very hard at beg. but I guess she realized that so she got more lenient in later assignments. I\'d five here 6.5 out of 10 in this course. I dont know about other profs for this course but i dont they are that good anyway
