professor_name,school_name,department_name,local_name,state_name,year_since_first_review,star_rating,take_again,diff_index,tag_professor,num_student,post_date,name_onlines,student_star,student_difficult,attence,for_credits,would_take_agains,grades,stu_tags,help_useful,help_not_useful,comments
Christopher  Hacker,California State University Fullerton,Geological Science department, Fullerton, CA,1,2.8,N/A,1.5,,6,12/15/2010,GEOL101,2.0,1.0,N/A,N/A,N/A,N/A,,0,0,"Had him a while back; He was very soft-spoken during lectures and it was sometimes very hard to understand him. Assignments/quizes were kind of a joke since he seems to just grade them liberally. Great prof if you need the class to just pass, bad if you actually want to learn some geology I guess. Oh yeah, he no showed of the field trips lol :P"
Christopher  Hacker,California State University Fullerton,Geological Science department, Fullerton, CA,1,2.8,N/A,1.5,,6,07/07/2010,GEOLAB,4.0,2.0,N/A,N/A,N/A,N/A,,0,0,THe CHILLEST professor i\'ve ever had! His class is fun depending on who you sit with because the people you sit with are the people u will be working with. Test are easy and 90% of the work is in groups. If u ask for help he gives u the answer pretty much.Over all he is a very chill dude and so is the class!
Christopher  Hacker,California State University Fullerton,Geological Science department, Fullerton, CA,1,2.8,N/A,1.5,,6,06/25/2010,GEO101L,3.0,1.0,N/A,N/A,N/A,N/A,,0,0,"He is really hard to hear sometimes when he lectures. But he doesn\'t lecture for long. He is very helpful and clear. I really enjoyed his class. Plus, he lets you leave after you are done with your work."
Christopher  Hacker,California State University Fullerton,Geological Science department, Fullerton, CA,1,2.8,N/A,1.5,,6,05/27/2010,GEOL101L,3.0,1.0,N/A,N/A,N/A,N/A,,0,0,"You wont learn alot but probably get an A or B. But seriously, who wants to learn Geol anyways. He lets u do group tests and labs so u can make a group of like 4 and just do it together. First test wasn\'t group but second was. Nice guy but kinda awkward. Infatuated with penguins."
Christopher  Hacker,California State University Fullerton,Geological Science department, Fullerton, CA,1,2.8,N/A,1.5,,6,12/24/2009,GEOL101L,1.0,3.0,N/A,N/A,N/A,N/A,,0,0,"This class is kind of a joke. We didnt do a whole lot, considering he\'d mumble for a few minutes and then let us try and figure it out on our own. If you want to learn, don\'t take this class. If you want to pass, go ahead, because it\'s not too hard. Ultimately, it wastes time, and isn\'t very interesting with him teaching it."
Christopher  Hacker,California State University Fullerton,Geological Science department, Fullerton, CA,1,2.8,N/A,1.5,,6,02/13/2009,GEO101L,4.0,1.0,N/A,N/A,N/A,N/A,,0,0,"This guy is a grad student. He is very easy going and a very fair grader. Even the boneheads of the class passed. I actually like geology and passed with a B+, only b/c i missed a fieldtrip due to work."
