professor_name,school_name,department_name,local_name,state_name,year_since_first_review,star_rating,take_again,diff_index,tag_professor,num_student,post_date,name_onlines,student_star,student_difficult,attence,for_credits,would_take_agains,grades,stu_tags,help_useful,help_not_useful,comments
Darylann  Ficken,Adelphi University,Nursing department, Garden City, NY,1,3.0,N/A,3.7,,6,12/29/2010,NUR375,3.5,3.0,N/A,N/A,N/A,N/A,,0,0,"Has the knowledge of a doctor. Gives nursing students information prtitenant to their profession - nothing more or less. I understood information much better from her than from the textbook - and combining both is best. She\'s a very good professor, very helpful, professional, and I would reccomend her to anyone."
Darylann  Ficken,Adelphi University,Nursing department, Garden City, NY,1,3.0,N/A,3.7,,6,11/29/2010,NURS375,4.5,3.0,N/A,N/A,N/A,N/A,,0,0,Very thorough! She makes sure that all students understand the content. Teaches in a very intuitive way that allows students to put to use what they learn.
Darylann  Ficken,Adelphi University,Nursing department, Garden City, NY,1,3.0,N/A,3.7,,6,11/08/2010,NUR455,1.0,5.0,N/A,N/A,N/A,N/A,,0,0,she only helpful to the few students in class that she like! otherwise you will fail! she is a bad teacher!
Darylann  Ficken,Adelphi University,Nursing department, Garden City, NY,1,3.0,N/A,3.7,,6,11/08/2010,NUR455,2.5,4.0,N/A,N/A,N/A,N/A,,0,0,she is bad with medsurge 2!! she gets ppl confused in class and would not help to whoever she doesnt like!beware!
Darylann  Ficken,Adelphi University,Nursing department, Garden City, NY,1,3.0,N/A,3.7,,6,07/20/2010,NURNUR,2.0,4.0,N/A,N/A,N/A,N/A,,0,0,
Darylann  Ficken,Adelphi University,Nursing department, Garden City, NY,1,3.0,N/A,3.7,,6,06/01/2009,NURS285,4.5,3.0,N/A,N/A,N/A,N/A,,0,0,EXCELLENT PROFESSOR. VERY HELPFUL AND DOES NOT MAKE U FEEL STUPID. CREATES A NICE LEARNING ENVIRONEMNT. U REALLY DO LEARN
