professor_name,school_name,department_name,local_name,state_name,year_since_first_review,star_rating,take_again,diff_index,tag_professor,num_student,post_date,name_onlines,student_star,student_difficult,attence,for_credits,would_take_agains,grades,stu_tags,help_useful,help_not_useful,comments
Emily  Carman,Santa Barbara City College,Film Studies department, Santa Barbara, CA,0,4.6,N/A,3.0,,6,12/06/2009,FS116,5.0,4.0,N/A,N/A,N/A,N/A,,0,1,"Young cool teacher - she\'s the kind of teacher that you respect a lot, but at the same time she\'s funny and on the student\'s level which is nice. She\'s very approachable and is good at helping before/after class and via email. She\'s VERY passionate about her class which rubs off on most students. Over all GREAT."
Emily  Carman,Santa Barbara City College,Film Studies department, Santa Barbara, CA,0,4.6,N/A,3.0,,6,05/14/2009,FS120,5.0,3.0,N/A,N/A,N/A,N/A,,0,0,Emily Carman is very experienced in the ways of film. she makes it very interesting and she is just a fun person! she does grade somewhat hard so be prepared for that. other than that she is fair and genuinely cares about the class.
Emily  Carman,Santa Barbara City College,Film Studies department, Santa Barbara, CA,0,4.6,N/A,3.0,,6,05/14/2009,FS120,5.0,3.0,N/A,N/A,N/A,N/A,,0,0,Emily Carman is very experinced in the ways of film. she makes it very interesting and she is just a fun person! she does grade somewhat hard so be prepared for that. other than that she is fair and genuinely cares about the class.
Emily  Carman,Santa Barbara City College,Film Studies department, Santa Barbara, CA,0,4.6,N/A,3.0,,6,05/05/2009,FS120,4.5,2.0,N/A,N/A,N/A,N/A,,0,0,"She\'s really cute and knows a lot about what she teaches. She\'s sweet and pretty approachable, sometimes a little feisty but overall really sweet!"
Emily  Carman,Santa Barbara City College,Film Studies department, Santa Barbara, CA,0,4.6,N/A,3.0,,6,04/28/2009,FILM121,3.0,4.0,N/A,N/A,N/A,N/A,,0,0,No Comments
Emily  Carman,Santa Barbara City College,Film Studies department, Santa Barbara, CA,0,4.6,N/A,3.0,,6,04/09/2009,FILM120,5.0,2.0,N/A,N/A,N/A,N/A,,0,0,Great teacher!!! Is a little strict at times but she is very clear with material. Helps you study for midterms very well.
