professor_name,school_name,department_name,local_name,state_name,year_since_first_review,star_rating,take_again,diff_index,tag_professor,num_student,post_date,name_onlines,student_star,student_difficult,attence,for_credits,would_take_agains,grades,stu_tags,help_useful,help_not_useful,comments
Joni  Lung,Columbus State Community College,Natural Sciences department, Columbus, OH,3,3.6,N/A,2.8,,4,06/11/2012,BIO100,3.5,2.0,N/A,N/A,N/A,N/A,,0,0,She is a good professor. She dos not get off topic and is very direct. Her ppts are helpful but she teaches strictly out of the book. You can catch up if you miss a class. It was only Bio 100 so she did the job she needed to do. Nothing fancy
Joni  Lung,Columbus State Community College,Natural Sciences department, Columbus, OH,3,3.6,N/A,2.8,,4,05/30/2010,NSCI101,5.0,4.0,N/A,N/A,N/A,N/A,,0,0,"Great teacher! She uses a lot of sarcasm sometimes, so you just need to know how to take a joke! She\'s really nice and young, uses blackboard WONDERFULLY. Your grades are usually posted the day of whatever you turned in! Would highly reccommend!"
Joni  Lung,Columbus State Community College,Natural Sciences department, Columbus, OH,3,3.6,N/A,2.8,,4,12/31/2009,NSCI101,3.0,2.0,N/A,N/A,N/A,N/A,,0,0,"I didn\'t really like her very much. I felt more like she lectured AT us instead of teaching the material to us. She just wanted to spout her knowledge instead of trying to educate us, especially on the biology section. She could have structured the classes better so that they weren\'t so lopsided. One lecture was 45 mins and the next was 3 hours."
Joni  Lung,Columbus State Community College,Natural Sciences department, Columbus, OH,3,3.6,N/A,2.8,,4,07/16/2009,MATH104,3.0,3.0,N/A,N/A,N/A,N/A,,0,0,No Comments
