professor_name,school_name,department_name,local_name,state_name,year_since_first_review,star_rating,take_again,diff_index,tag_professor,num_student,post_date,name_onlines,student_star,student_difficult,attence,for_credits,would_take_agains,grades,stu_tags,help_useful,help_not_useful,comments
Carin  Silkaitis,North Central College,Theater department, Naperville, IL,9,5.0,N/A,2.9,Amazing lectures (2)  Inspirational (2)  Respected (2)  Hilarious (1)  Get ready to read (1)  Caring (1)  Participation matters (1),8,03/25/2018,GWS100,5.0,2.0,Mandatory,Yes,Yes,A,CARING  RESPECTED  AMAZING LECTURES,0,0,"I was very hesitant to take a class about Gender Studies because I\'m not particularly interested in the topic, but Carin made it great. Not only does she care about women, but she cares about every person she comes across. So understanding, so helpful, and so funny. A must take at NCC."
Carin  Silkaitis,North Central College,Theater department, Naperville, IL,9,5.0,N/A,2.9,Amazing lectures (2)  Inspirational (2)  Respected (2)  Hilarious (1)  Get ready to read (1)  Caring (1)  Participation matters (1),8,01/02/2018,GWS100,5.0,3.0,Mandatory,Yes,Yes,A,AMAZING LECTURES  PARTICIPATION MATTERS  GET READY TO READ,0,0,"This is one of the best professors at NCC. She\'s not only hilarious and relatable, but also wonderful at explaining things and is truly an advocate for not only women, but all people. It was inspiring to have her as a Gender Studies professor."
Carin  Silkaitis,North Central College,Theater department, Naperville, IL,9,5.0,N/A,2.9,Amazing lectures (2)  Inspirational (2)  Respected (2)  Hilarious (1)  Get ready to read (1)  Caring (1)  Participation matters (1),8,04/15/2016,THE280,5.0,2.0,Mandatory,Yes,Yes,N/A,INSPIRATIONAL  HILARIOUS,0,0,"Great advisor, she coaches students and helps them to develop a professional acting career. She herself has been in Chicago theatre plays, and has her own theatre company."
Carin  Silkaitis,North Central College,Theater department, Naperville, IL,9,5.0,N/A,2.9,Amazing lectures (2)  Inspirational (2)  Respected (2)  Hilarious (1)  Get ready to read (1)  Caring (1)  Participation matters (1),8,04/09/2016,THE282,5.0,3.0,Mandatory,Yes,Yes,N/A,RESPECTED  INSPIRATIONAL,1,0,"She makes me remind of Bette Midler in ""For the Boys"". Carin not only teaches in class but coaches students! She even guides in the business, helping to take headshots, production photos, albums, etc. I\'m still amazed that she has her own company (The Other Theatre Company) and if you\'re good you could be there eventually. Go Carin!"
Carin  Silkaitis,North Central College,Theater department, Naperville, IL,9,5.0,N/A,2.9,Amazing lectures (2)  Inspirational (2)  Respected (2)  Hilarious (1)  Get ready to read (1)  Caring (1)  Participation matters (1),8,08/18/2013,THEAACTI,5.0,3.0,Mandatory,N/A,N/A,N/A,,0,0,Easily the most amazing professor I\xe2\x80\x99ve had. As my advisor she did everything within her power to make my schedule effective and enjoyable \xe2\x80\x93 she knows all of NCC\xe2\x80\x99s requirements and the best way for you to fulfill them while also getting what you want out of your schedule. A wonderful asset to North Central!
Carin  Silkaitis,North Central College,Theater department, Naperville, IL,9,5.0,N/A,2.9,Amazing lectures (2)  Inspirational (2)  Respected (2)  Hilarious (1)  Get ready to read (1)  Caring (1)  Participation matters (1),8,10/02/2010,GWS100,5.0,4.0,N/A,N/A,N/A,N/A,,0,0,She\'s honestly amazing. I respect her so much.
Carin  Silkaitis,North Central College,Theater department, Naperville, IL,9,5.0,N/A,2.9,Amazing lectures (2)  Inspirational (2)  Respected (2)  Hilarious (1)  Get ready to read (1)  Caring (1)  Participation matters (1),8,11/13/2009,THEAACTI,5.0,1.0,N/A,N/A,N/A,N/A,,1,0,"I\'m an alum, but I\'ve had many classes with her,and really enjoyed her. She is very popular with the students because she is cool and she teaches all the classes that make you want to be in theatre, and makes them very fun. Only complaint would be she kind of plays favorites, she\'s fair in class, but outside it\'s very clear who she\'s buddies with."
Carin  Silkaitis,North Central College,Theater department, Naperville, IL,9,5.0,N/A,2.9,Amazing lectures (2)  Inspirational (2)  Respected (2)  Hilarious (1)  Get ready to read (1)  Caring (1)  Participation matters (1),8,01/27/2009,ACT101,5.0,5.0,N/A,N/A,N/A,N/A,,0,0,"Wonderful woman, knows her stuff, wouldn\'t have anyone else teach me! If her smile, wit, and charm didn\'t win me over then her wicked good looks would have picked up the slack! :)"
