professor_name,school_name,department_name,local_name,state_name,year_since_first_review,star_rating,take_again,diff_index,tag_professor,num_student,post_date,name_onlines,student_star,student_difficult,attence,for_credits,would_take_agains,grades,stu_tags,help_useful,help_not_useful,comments
Esperanza  Donovan-Pendzic,Quinsigamond Community College,Psychology department, Worcester, MA,8,4.9,N/A,1.3,Inspirational (3)  Respected (3)  Caring (2)  Amazing lectures (1)  Skip class? You won\'t pass. (1)  Hilarious (1)  Gives good feedback (1)  GROUP PROJECTS (1),10,05/07/2017,PSY101,5.0,2.0,N/A,Yes,Yes,N/A,CARING  INSPIRATIONAL  RESPECTED,0,0,"Walks the talk! Until Dr. Esperanza, I thought inspiring, motivated, and truly compassionate educators were a myth. She grades fairly. Respects and welcomes all input in class discussions. Focus is less on assigning anxiety-provoking amounts of homework and tests, more on educating and empowering. I am lucky to have met her."
Esperanza  Donovan-Pendzic,Quinsigamond Community College,Psychology department, Worcester, MA,8,4.9,N/A,1.3,Inspirational (3)  Respected (3)  Caring (2)  Amazing lectures (1)  Skip class? You won\'t pass. (1)  Hilarious (1)  Gives good feedback (1)  GROUP PROJECTS (1),10,12/17/2016,PSY101,4.0,1.0,Mandatory,Yes,Yes,A,GROUP PROJECTS  CARING  SKIP CLASS? YOU WON\'T PASS.,0,0,"Such a very nice person. Very easy. Can be opinionated. Relies on in class participation and small group work during class. Not a ton of homework. As long as you participate, do the homework, and pay attention, you will do fine. Understands the night class struggle of work and school balance which is appreciated."
Esperanza  Donovan-Pendzic,Quinsigamond Community College,Psychology department, Worcester, MA,8,4.9,N/A,1.3,Inspirational (3)  Respected (3)  Caring (2)  Amazing lectures (1)  Skip class? You won\'t pass. (1)  Hilarious (1)  Gives good feedback (1)  GROUP PROJECTS (1),10,01/06/2016,PSY101,5.0,2.0,N/A,Yes,N/A,A+,AMAZING LECTURES  GIVES GOOD FEEDBACK  RESPECTED,0,0,She is absolutely the BEST professor I ever had! IF you have the chance please take her. She is very inspirational and her lectures are very fun. She will give you a book you can buy off Amazon instead of the pricey ones from the book store. I would definitely take another class with her.
Esperanza  Donovan-Pendzic,Quinsigamond Community College,Psychology department, Worcester, MA,8,4.9,N/A,1.3,Inspirational (3)  Respected (3)  Caring (2)  Amazing lectures (1)  Skip class? You won\'t pass. (1)  Hilarious (1)  Gives good feedback (1)  GROUP PROJECTS (1),10,01/27/2015,PSY101,5.0,1.0,N/A,Yes,Yes,N/A,INSPIRATIONAL  HILARIOUS,0,0,She is and always will be my all time favorite teacher. I\'m no genius at all but I got an A in her class. Her homework is so amazingly easy and she never gives out tests. She will throw chocolate at you if you answer her questions correctly as well. She has given me so much inspiration in life to become a better person. Please take her A+++.
Esperanza  Donovan-Pendzic,Quinsigamond Community College,Psychology department, Worcester, MA,8,4.9,N/A,1.3,Inspirational (3)  Respected (3)  Caring (2)  Amazing lectures (1)  Skip class? You won\'t pass. (1)  Hilarious (1)  Gives good feedback (1)  GROUP PROJECTS (1),10,01/21/2015,PSY101,5.0,1.0,Mandatory,Yes,Yes,A,RESPECTED  INSPIRATIONAL,0,0,"Very caring, funny, inspirational woman! Just show up, read the material, participate, and laugh. She wants you to get an A. She really cares and she saved my semester! And yes, she does throw chocolates at you when you answer correctly."
Esperanza  Donovan-Pendzic,Quinsigamond Community College,Psychology department, Worcester, MA,8,4.9,N/A,1.3,Inspirational (3)  Respected (3)  Caring (2)  Amazing lectures (1)  Skip class? You won\'t pass. (1)  Hilarious (1)  Gives good feedback (1)  GROUP PROJECTS (1),10,05/16/2014,PSY101,5.0,1.0,Mandatory,N/A,N/A,A,,0,0,She is an Awesome Professor very understanding and funny I love her style of teaching wish all my professor could be like her.
Esperanza  Donovan-Pendzic,Quinsigamond Community College,Psychology department, Worcester, MA,8,4.9,N/A,1.3,Inspirational (3)  Respected (3)  Caring (2)  Amazing lectures (1)  Skip class? You won\'t pass. (1)  Hilarious (1)  Gives good feedback (1)  GROUP PROJECTS (1),10,10/28/2011,PSY231,5.0,1.0,N/A,N/A,N/A,N/A,,0,0,Awesome professor
Esperanza  Donovan-Pendzic,Quinsigamond Community College,Psychology department, Worcester, MA,8,4.9,N/A,1.3,Inspirational (3)  Respected (3)  Caring (2)  Amazing lectures (1)  Skip class? You won\'t pass. (1)  Hilarious (1)  Gives good feedback (1)  GROUP PROJECTS (1),10,11/30/2009,PSY11,5.0,2.0,N/A,N/A,N/A,N/A,,0,0,"AMAZING PROFESSOR!!! Will go out of her way to help you. Have taken her for PSY 101 and PSY 115 now and both times, i\'d give her an A+! Amazing smart women that can motivate anyone with her stories! You will be missing out if you dont take a class with this woman!"
Esperanza  Donovan-Pendzic,Quinsigamond Community College,Psychology department, Worcester, MA,8,4.9,N/A,1.3,Inspirational (3)  Respected (3)  Caring (2)  Amazing lectures (1)  Skip class? You won\'t pass. (1)  Hilarious (1)  Gives good feedback (1)  GROUP PROJECTS (1),10,09/22/2009,PSY101,5.0,1.0,N/A,N/A,N/A,N/A,,1,0,"Amazing teacher. Take her for any of her classes i had her for abnormal psych. and some other class. She is so nice, and helps you with anything, just go to class and you will pass it."
Esperanza  Donovan-Pendzic,Quinsigamond Community College,Psychology department, Worcester, MA,8,4.9,N/A,1.3,Inspirational (3)  Respected (3)  Caring (2)  Amazing lectures (1)  Skip class? You won\'t pass. (1)  Hilarious (1)  Gives good feedback (1)  GROUP PROJECTS (1),10,03/24/2009,PSY101,5.0,1.0,N/A,N/A,N/A,N/A,,0,0,"She is hysterical. Not a lot of homework. She just asks you to read, but then goes over it the next class. Motivates you with candy. Take home quizzes and tests. Very easy. I love this class"
