professor_name,school_name,department_name,local_name,state_name,year_since_first_review,star_rating,take_again,diff_index,tag_professor,num_student,post_date,name_onlines,student_star,student_difficult,attence,for_credits,would_take_agains,grades,stu_tags,help_useful,help_not_useful,comments
Michelle  Thompson,College of Staten Island (CUNY - Staten Island),History department, Staten Island, NY,6,2.1,N/A,3.7,Hilarious (1)  Get ready to read (1)  Participation matters (1),7,10/29/2015,BLST31138,4.0,4.0,Mandatory,Yes,Yes,A-,PARTICIPATION MATTERS  HILARIOUS,0,0,"She is a great professor. If you pay attention you will learn and understand. She is easy to understand and follow, makes lectures interesting. If you ask for help, help is given."
Michelle  Thompson,College of Staten Island (CUNY - Staten Island),History department, Staten Island, NY,6,2.1,N/A,3.7,Hilarious (1)  Get ready to read (1)  Participation matters (1),7,05/29/2015,BLKSTUD102,2.5,3.0,N/A,Yes,N/A,N/A,GET READY TO READ,0,0,"midterm and final are take home. She loves history but it is hard to pay attention in class. Few films we watched in class. i\'m sure if you find history intriguing, you might enjoy the class. If not, do not take for elective credit. If no other resort, i will say that she is easy going. fairly easy grader on the papers."
Michelle  Thompson,College of Staten Island (CUNY - Staten Island),History department, Staten Island, NY,6,2.1,N/A,3.7,Hilarious (1)  Get ready to read (1)  Participation matters (1),7,01/26/2013,HST100,2.0,3.0,N/A,N/A,N/A,N/A,,0,0,boring class. never payed attention. midterm and final are take home and thats the only time i opened the textbook and got a b+
Michelle  Thompson,College of Staten Island (CUNY - Staten Island),History department, Staten Island, NY,6,2.1,N/A,3.7,Hilarious (1)  Get ready to read (1)  Participation matters (1),7,01/16/2012,AFA265,1.0,4.0,N/A,N/A,N/A,N/A,,0,0,"Very hard teacher. Hard because she is very scatter brained and jumps from topic to topic with no real segueway. She read from a paper throughout the whole semester and didn\'t make the class interesting at all. I am a good student and had a very hard time following her lectures. If you do take her class, be sure to take really good notes."
Michelle  Thompson,College of Staten Island (CUNY - Staten Island),History department, Staten Island, NY,6,2.1,N/A,3.7,Hilarious (1)  Get ready to read (1)  Participation matters (1),7,03/09/2011,HST100,1.0,5.0,N/A,N/A,N/A,N/A,,0,1,"I wish I had more than 350 characters. If your reading this, DO NOT TAKE HER CLASS. Absolutly horrible class. She treats this 100 level class like a 400 level class. I can not believe she is a professor, she read the entire lecture from papers. Last time she made everyone take their phone and put them on the other side of the room. who duz that?"
Michelle  Thompson,College of Staten Island (CUNY - Staten Island),History department, Staten Island, NY,6,2.1,N/A,3.7,Hilarious (1)  Get ready to read (1)  Participation matters (1),7,02/10/2011,HST100,1.0,4.0,N/A,N/A,N/A,N/A,,0,0,"Have her now for Caribbean History. Hands down the worse professor I have ever had. Do your self a favor, dont take this class. She never knows what shes talking about if you ask a question 70% of the time she doesn\'t know the answer. She jumps from topic to topic, making note taking impossible. She teaches by reading everything from a paper. Most"
Michelle  Thompson,College of Staten Island (CUNY - Staten Island),History department, Staten Island, NY,6,2.1,N/A,3.7,Hilarious (1)  Get ready to read (1)  Participation matters (1),7,02/04/2009,HST265,3.0,3.0,N/A,N/A,N/A,N/A,,0,0,She\'s an ok prof.U need to take notes in her class if you want to pass the midterm.She gave us a 10 pg essay in the end of the semester.She put together a book that has a lot of readings & wants us to pick 3 and express what we thought about them.Her readings are dull & the class felt more like an English class.Her movies were boring & weird.
