professor_name,school_name,department_name,local_name,state_name,year_since_first_review,star_rating,take_again,diff_index,tag_professor,num_student,post_date,name_onlines,student_star,student_difficult,attence,for_credits,would_take_agains,grades,stu_tags,help_useful,help_not_useful,comments
J  Diponio,Queensborough Community College,Music department, Bayside, NY,9,3.2,N/A,3.8,Gives good feedback (2)  Skip class? You won\'t pass. (2)  Tough Grader (2)  Get ready to read (2)  LECTURE HEAVY (2)  GRADED BY FEW THINGS (1)  Caring (1)  Hilarious (1)  Clear grading criteria (1)  SO MANY PAPERS (1),10,01/09/2018,MU110,3.0,5.0,Mandatory,Yes,No,A-,LECTURE HEAVY  GET READY TO READ  TOUGH GRADER,0,0,"Hes a nice guy but he gives a lot of work and sometimes not too clear about what he wants. You have to complete two concert reports , weekly chapter summaries , a term paper , listening quizzes and midterm and final exams . I was also annoyed that I had to purchase the text book just to write the chapter summaries , we never used it in class."
J  Diponio,Queensborough Community College,Music department, Bayside, NY,9,3.2,N/A,3.8,Gives good feedback (2)  Skip class? You won\'t pass. (2)  Tough Grader (2)  Get ready to read (2)  LECTURE HEAVY (2)  GRADED BY FEW THINGS (1)  Caring (1)  Hilarious (1)  Clear grading criteria (1)  SO MANY PAPERS (1),10,12/07/2017,MU110,5.0,2.0,Mandatory,Yes,Yes,A+,CLEAR GRADING CRITERIA  GIVES GOOD FEEDBACK  HILARIOUS,0,0,"Professor Diponio makes this boring course fun and understandable. the listening quizzes are easy, as well as the midterm. there is a lot of writing since is a writing intensive course such as 2 concert reports, chapter summaries and a term paper. I didn\'t mind tho I knew what I singed up for. the lecture are fun and he is a easy greater. The best!"
J  Diponio,Queensborough Community College,Music department, Bayside, NY,9,3.2,N/A,3.8,Gives good feedback (2)  Skip class? You won\'t pass. (2)  Tough Grader (2)  Get ready to read (2)  LECTURE HEAVY (2)  GRADED BY FEW THINGS (1)  Caring (1)  Hilarious (1)  Clear grading criteria (1)  SO MANY PAPERS (1),10,01/10/2017,MU110,4.0,3.0,Mandatory,Yes,Yes,B+,GIVES GOOD FEEDBACK  CARING  SKIP CLASS? YOU WON\'T PASS.,0,0,"If you stay on top of the work, you\'ll do fine. You need to go to class because the test questions come from the lectures and the text. Diponio works to make sure that you understand the material and will slow down if the class doesn\'t get it. He reallyy wants you to understand"
J  Diponio,Queensborough Community College,Music department, Bayside, NY,9,3.2,N/A,3.8,Gives good feedback (2)  Skip class? You won\'t pass. (2)  Tough Grader (2)  Get ready to read (2)  LECTURE HEAVY (2)  GRADED BY FEW THINGS (1)  Caring (1)  Hilarious (1)  Clear grading criteria (1)  SO MANY PAPERS (1),10,01/04/2017,MU110,2.0,3.0,Mandatory,Yes,No,A,GRADED BY FEW THINGS  GET READY TO READ  SKIP CLASS? YOU WON\'T PASS.,0,0,"I wouldn\'t consider him a bad teacher, but he definitely needs improvement. the syllabus wasn\'t clear so you didn\'t have a clue when items were due. A lot of work you must stay on top of. Weekly Chapter summaries ( the only reason for the book), 2 Concert reports, 3 Music listening quizzes, 1 huge test and 1 Final. Test arent so bad. STUDY!!"
J  Diponio,Queensborough Community College,Music department, Bayside, NY,9,3.2,N/A,3.8,Gives good feedback (2)  Skip class? You won\'t pass. (2)  Tough Grader (2)  Get ready to read (2)  LECTURE HEAVY (2)  GRADED BY FEW THINGS (1)  Caring (1)  Hilarious (1)  Clear grading criteria (1)  SO MANY PAPERS (1),10,01/21/2016,MU110,4.5,4.0,Mandatory,Yes,N/A,B+,,0,0,You guys below are complaining cause you didn\'t know what the class was about before registering? Dumb. Diponio is a great teacher. He helped me with my writing and transfer applications. He showed me that there is a lot of great music out there. if your one of the people who skips class all the time then you won\'t do well.
J  Diponio,Queensborough Community College,Music department, Bayside, NY,9,3.2,N/A,3.8,Gives good feedback (2)  Skip class? You won\'t pass. (2)  Tough Grader (2)  Get ready to read (2)  LECTURE HEAVY (2)  GRADED BY FEW THINGS (1)  Caring (1)  Hilarious (1)  Clear grading criteria (1)  SO MANY PAPERS (1),10,12/28/2014,MU110,2.0,5.0,Mandatory,Yes,N/A,C+,TOUGH GRADER  SO MANY PAPERS  LECTURE HEAVY,1,0,"The professor is a hard grader so watch out. The lectures were boring, it was hard for me to stay up. Too many assignments. This is a music history class so be aware. I didn\'t know that, I though it was class were I would learn to play some instruments but not. I regret taking this class, I did it for my advisor. The decision is yours."
J  Diponio,Queensborough Community College,Music department, Bayside, NY,9,3.2,N/A,3.8,Gives good feedback (2)  Skip class? You won\'t pass. (2)  Tough Grader (2)  Get ready to read (2)  LECTURE HEAVY (2)  GRADED BY FEW THINGS (1)  Caring (1)  Hilarious (1)  Clear grading criteria (1)  SO MANY PAPERS (1),10,05/31/2014,MU110,2.5,3.0,Mandatory,N/A,N/A,A,,0,0,"He is veerry boring but if you show up, do the readings, the papers, prep for the listening quizzes and exams(2) u`ll pass the class. Just pretend to be interested in the class even if you`re not. Its a music history class for those who aren`t aware, I didnt know when I enrolled. But I got an A!"
J  Diponio,Queensborough Community College,Music department, Bayside, NY,9,3.2,N/A,3.8,Gives good feedback (2)  Skip class? You won\'t pass. (2)  Tough Grader (2)  Get ready to read (2)  LECTURE HEAVY (2)  GRADED BY FEW THINGS (1)  Caring (1)  Hilarious (1)  Clear grading criteria (1)  SO MANY PAPERS (1),10,04/13/2010,MU110,2.0,4.0,N/A,N/A,N/A,N/A,,0,0,One of the worst teachers I\'ve ever had at QCC! Like the person below said - rude!!! Hes a harsh grader and gives way more work than any other music professors. Take Montgomery instead - hes great!
J  Diponio,Queensborough Community College,Music department, Bayside, NY,9,3.2,N/A,3.8,Gives good feedback (2)  Skip class? You won\'t pass. (2)  Tough Grader (2)  Get ready to read (2)  LECTURE HEAVY (2)  GRADED BY FEW THINGS (1)  Caring (1)  Hilarious (1)  Clear grading criteria (1)  SO MANY PAPERS (1),10,04/10/2010,MU110,2.0,4.0,N/A,N/A,N/A,N/A,,0,0,"Loves to make his students feel unintelligent. He\'s rude & makes cocky comments. I learned more about Mozart & Beethoven in 10mins from someone who isn\'t a teacher, than I did from him all semester! His writing assignments are obnoxious and his class drags on forever! He\'s horrible. And this is from a 4.0 student & my entire class agrees."
J  Diponio,Queensborough Community College,Music department, Bayside, NY,9,3.2,N/A,3.8,Gives good feedback (2)  Skip class? You won\'t pass. (2)  Tough Grader (2)  Get ready to read (2)  LECTURE HEAVY (2)  GRADED BY FEW THINGS (1)  Caring (1)  Hilarious (1)  Clear grading criteria (1)  SO MANY PAPERS (1),10,05/25/2009,ME250,4.5,5.0,N/A,N/A,N/A,N/A,,0,0,This guy makes sure that u know ur stuff. He expects things to be done good and won\'t let u slide. If you go to class and n\' take his advise ur beats will sound gr8 and you will learn a lot.
