professor_name,school_name,department_name,local_name,state_name,year_since_first_review,star_rating,take_again,diff_index,tag_professor,num_student,post_date,name_onlines,student_star,student_difficult,attence,for_credits,would_take_agains,grades,stu_tags,help_useful,help_not_useful,comments
Keith  O\'Shaughnessy,Camden County College,English department, Cherry Hill, NJ,9,4.5,N/A,3.1,Inspirational (2)  Respected (2)  Gives good feedback (2)  LECTURE HEAVY (2)  Clear grading criteria (1)  Get ready to read (1)  Participation matters (1),8,01/05/2018,ENG102,5.0,2.0,Not Mandatory,Yes,Yes,A,INSPIRATIONAL  PARTICIPATION MATTERS  GIVES GOOD FEEDBACK,1,0,"I despise English class, always have. That is until I met Prof. O\'Shaughnessy. I don\'t know what magic he wields, but he just makes English interesting. He engages the classroom, makes you understand not just the material but the stories behind the material that make it all just that more amazing. You must experience this for yourself, take him!"
Keith  O\'Shaughnessy,Camden County College,English department, Cherry Hill, NJ,9,4.5,N/A,3.1,Inspirational (2)  Respected (2)  Gives good feedback (2)  LECTURE HEAVY (2)  Clear grading criteria (1)  Get ready to read (1)  Participation matters (1),8,01/16/2017,ENG102,5.0,3.0,Mandatory,Yes,Yes,B,RESPECTED  GIVES GOOD FEEDBACK  INSPIRATIONAL,1,0,"Best English professor on campus, Funny guy , makes lectures and readings interesting. Gives awesome feedbacks on papers. encourages you throughout the semester, wants you to put some effort. No professor can make a Comp-II class this enjoyable. Highly recommend, Take him !!!!"
Keith  O\'Shaughnessy,Camden County College,English department, Cherry Hill, NJ,9,4.5,N/A,3.1,Inspirational (2)  Respected (2)  Gives good feedback (2)  LECTURE HEAVY (2)  Clear grading criteria (1)  Get ready to read (1)  Participation matters (1),8,12/08/2016,ENG271,5.0,3.0,Mandatory,Yes,Yes,A+,RESPECTED  CLEAR GRADING CRITERIA  GET READY TO READ,1,0,"Best world lit teacher ever. Funny and understandable. Makes literature enjoyable, and hilarious. Take him!!!"
Keith  O\'Shaughnessy,Camden County College,English department, Cherry Hill, NJ,9,4.5,N/A,3.1,Inspirational (2)  Respected (2)  Gives good feedback (2)  LECTURE HEAVY (2)  Clear grading criteria (1)  Get ready to read (1)  Participation matters (1),8,09/18/2014,ENG102,1.0,5.0,N/A,Yes,N/A,N/A,LECTURE HEAVY,1,4,too quiet and hard to follow
Keith  O\'Shaughnessy,Camden County College,English department, Cherry Hill, NJ,9,4.5,N/A,3.1,Inspirational (2)  Respected (2)  Gives good feedback (2)  LECTURE HEAVY (2)  Clear grading criteria (1)  Get ready to read (1)  Participation matters (1),8,05/06/2014,ENG10252,5.0,3.0,Mandatory,N/A,N/A,B+,,2,1,"He is one of the best teachers I have ever had; definitely would recommend this class! He is not only witty, but has an incredible vocabulary. Love every minute of him."
Keith  O\'Shaughnessy,Camden County College,English department, Cherry Hill, NJ,9,4.5,N/A,3.1,Inspirational (2)  Respected (2)  Gives good feedback (2)  LECTURE HEAVY (2)  Clear grading criteria (1)  Get ready to read (1)  Participation matters (1),8,08/12/2011,ENG102,5.0,1.0,N/A,N/A,N/A,N/A,,1,0,AWESOME!!!!!
Keith  O\'Shaughnessy,Camden County College,English department, Cherry Hill, NJ,9,4.5,N/A,3.1,Inspirational (2)  Respected (2)  Gives good feedback (2)  LECTURE HEAVY (2)  Clear grading criteria (1)  Get ready to read (1)  Participation matters (1),8,08/26/2010,ENG102,5.0,4.0,N/A,N/A,N/A,N/A,,1,0,"excellent professor! professional, interesting and knowledgeable. I would highly recommend him!"
Keith  O\'Shaughnessy,Camden County College,English department, Cherry Hill, NJ,9,4.5,N/A,3.1,Inspirational (2)  Respected (2)  Gives good feedback (2)  LECTURE HEAVY (2)  Clear grading criteria (1)  Get ready to read (1)  Participation matters (1),8,08/04/2009,WM238,5.0,3.0,N/A,N/A,N/A,N/A,,1,0,"I had him for a summer class at Rutgers Camden. He\'s an awesome teacher, very entertaining and I definitely recommend him to anybody who can take his classes."
