professor_name,school_name,department_name,local_name,state_name,year_since_first_review,star_rating,take_again,diff_index,tag_professor,num_student,post_date,name_onlines,student_star,student_difficult,attence,for_credits,would_take_agains,grades,stu_tags,help_useful,help_not_useful,comments
Candice  Nicolas,Gonzaga University,Modern Languages department, Spokane, WA,0,1.9,N/A,3.5,,4,04/06/2009,FREN340,2.0,3.0,N/A,N/A,N/A,N/A,,0,0,"She is a funny woman and is very sincere and kind. Her teaching style is a little confusing but the class is certainly not difficult. Graded on a curve. There are a few small quizzes, a midterm, a presentation, and a take home final. The class is mostly discussion. It was scary at first, but you get used to it."
Candice  Nicolas,Gonzaga University,Modern Languages department, Spokane, WA,0,1.9,N/A,3.5,,4,03/19/2009,FREN101,3.5,1.0,N/A,N/A,N/A,N/A,,0,0,"I had her for French 101, and loved the class. It was really just fun. She often got sidetracked, and told us random insights into french culture. The quizes were easy, and it was easy to do well and learn the basics of the language. Homework was everynight, but it really wasn\'t too much work."
Candice  Nicolas,Gonzaga University,Modern Languages department, Spokane, WA,0,1.9,N/A,3.5,,4,01/28/2009,FREN201,1.0,5.0,N/A,N/A,N/A,N/A,,0,0,"There is something to be said about such a terrible professor. Tests are premature, yet she doesn\'t seem to mind. She is terrible at explaining any lessons. Expect a lousy power point and minor details on any given subject. WHY WONT THIS WOMAN TEACH US?"
Candice  Nicolas,Gonzaga University,Modern Languages department, Spokane, WA,0,1.9,N/A,3.5,,4,01/26/2009,FREN201,1.0,5.0,N/A,N/A,N/A,N/A,,0,0,"She simply was not born a professor. Yes, she is a dr. of her own language, but this woman is incomprehensible. A quiz will be given before the information is taught and the tests are beyond realistic. it is possible to achieve a desired grade, but not a love of the language from this woman. she will instill your mind with fear. avoid at all costs"
