professor_name,school_name,department_name,local_name,state_name,year_since_first_review,star_rating,take_again,diff_index,tag_professor,num_student,post_date,name_onlines,student_star,student_difficult,attence,for_credits,would_take_agains,grades,stu_tags,help_useful,help_not_useful,comments
Carol  Buttz,Dakota County Technical College,Nursing department, Rosemount, MN,3,3.2,N/A,3.8,,9,10/14/2013,PHARM,1.0,5.0,N/A,N/A,N/A,N/A,,0,0,Carol my instructor for Pharmacology. One of the most unorganized instructors I have ever had.
Carol  Buttz,Dakota County Technical College,Nursing department, Rosemount, MN,3,3.2,N/A,3.8,,9,10/08/2013,PNSG1355,1.5,2.0,N/A,N/A,N/A,N/A,,0,0,"I had Carol for Pharm. Worst professor at DCTC. Not helpful, doesn\'t care to help/teach, nothing is ever her fault, condescending comments made to students. Referred to one student as ""stupid"" & don\'t ever wear pink to her class, it\'s ""hideous"" & she will make that known. Unfortunately she teaches too many classes."
Carol  Buttz,Dakota County Technical College,Nursing department, Rosemount, MN,3,3.2,N/A,3.8,,9,10/15/2012,PHARM100,4.5,3.0,N/A,N/A,N/A,N/A,,0,0,Carol is an amazing teacher. She pushes you to work your hardest and be the best nurse you can be! And she is ALWAYS there to offer a helping hand if you are willing to put forth the effort and time needed in nursing school.Overall an awesome teacher who truly cares for her students and wants them to succeed as quality nurses!
Carol  Buttz,Dakota County Technical College,Nursing department, Rosemount, MN,3,3.2,N/A,3.8,,9,10/13/2012,PHARM01,5.0,4.0,N/A,N/A,N/A,N/A,,0,0,"If you want ot learn to be an independant and smart student she is the professor for you. she will not hold your hand, but she will make you into one of the health care workers that everyone loves and depends on."
Carol  Buttz,Dakota County Technical College,Nursing department, Rosemount, MN,3,3.2,N/A,3.8,,9,10/12/2012,MANYPHAR,5.0,5.0,N/A,N/A,N/A,N/A,,0,0,She is a techer that will help you to learn and help you to become a smart independant strong student. if you want a teacher to hold your hand she is not for you. but of you want to learn and be a good health career worker she is the prfessor for you!!!!!!
Carol  Buttz,Dakota County Technical College,Nursing department, Rosemount, MN,3,3.2,N/A,3.8,,9,08/12/2012,PHARM2111,1.0,5.0,N/A,N/A,N/A,N/A,,0,0,"Nothing is ever her fault. She never responds to e-mails and when she does she doesn\'t address the content. She favors students and picks ones to fail. For a teacher, she seems to hate students. She needs to leave the teaching scene."
Carol  Buttz,Dakota County Technical College,Nursing department, Rosemount, MN,3,3.2,N/A,3.8,,9,12/28/2011,PNSG1750,2.0,3.0,N/A,N/A,N/A,N/A,,0,0,"I had Carol for Pharm in my 2nd semester and Mental Health in my 3rd. Pharm was extremely hard, and I did not feel like I could look to her for help. Mental health was a whole other story. The tests were a joke, but she was very fair in correcting her mistakes, however...nothing is ever her fault."
Carol  Buttz,Dakota County Technical College,Nursing department, Rosemount, MN,3,3.2,N/A,3.8,,9,03/20/2011,PHARM01,5.0,2.0,N/A,N/A,N/A,N/A,,0,0,Awesome!
Carol  Buttz,Dakota County Technical College,Nursing department, Rosemount, MN,3,3.2,N/A,3.8,,9,07/24/2010,PHARM01,4.0,5.0,N/A,N/A,N/A,N/A,,0,0,
