professor_name,school_name,department_name,local_name,state_name,year_since_first_review,star_rating,take_again,diff_index,tag_professor,num_student,post_date,name_onlines,student_star,student_difficult,attence,for_credits,would_take_agains,grades,stu_tags,help_useful,help_not_useful,comments
Lydia  Thebeau,St. Louis Community College at Wildwood,Biology department, Wildwood, MO,2,4.2,N/A,2.3,,7,05/23/2012,BIO208,4.0,3.0,N/A,N/A,N/A,N/A,,0,0,"Great lecturer, although she can move pretty quickly thru the material. Tests are very straight forward from ppt slides--but not easy. You must study. Grades very fair and quickly. Lab exams are much easier than lecture. I hear horror stories of other A&P professors. Dr. T is great! Highly recommend!"
Lydia  Thebeau,St. Louis Community College at Wildwood,Biology department, Wildwood, MO,2,4.2,N/A,2.3,,7,05/09/2012,BIO208,2.0,2.0,N/A,N/A,N/A,N/A,,0,0,"Pros: Knowledgeable professor. Helpful study guides and practice tests. Fastest grader ever. Cons: Abrasive personality, rolls her eyes at you, talks negatively about students who don\'t understand concepts. Seems like she really does not want to be teaching and would rather be running because she ""is a runner""...which you will hear 1000 times."
Lydia  Thebeau,St. Louis Community College at Wildwood,Biology department, Wildwood, MO,2,4.2,N/A,2.3,,7,01/08/2012,BIO207,5.0,3.0,N/A,N/A,N/A,N/A,,0,0,"Excellent professor. Her expectations are very clear. Do the assigned labs, study the ppt slides, study guides, and practice tests--you will do well. She is very knowledgeable and helpful if you need assistance. She makes the extensive amount of material manageable and easy to understand."
Lydia  Thebeau,St. Louis Community College at Wildwood,Biology department, Wildwood, MO,2,4.2,N/A,2.3,,7,05/26/2011,BIO208,4.5,3.0,N/A,N/A,N/A,N/A,,0,0,I took Dr. Thebeau\'s class for both A&P I & II. She was completely thorough in presenting the subject matter and I feel prepared to move on to nursing school. She was very helpful in preparing the for the exams - this is not to say that her exams were easy though -you definitely have to know the material.
Lydia  Thebeau,St. Louis Community College at Wildwood,Biology department, Wildwood, MO,2,4.2,N/A,2.3,,7,04/26/2011,BIO207,5.0,2.0,N/A,N/A,N/A,N/A,,0,0,"Awesome teacher!! Very thorough, great practical explanations. Her test are very straight-forward. Has study guides and practice exams that are incredibly helpful for the tests. I would highly recommend her for ANY class she teaches"
Lydia  Thebeau,St. Louis Community College at Wildwood,Biology department, Wildwood, MO,2,4.2,N/A,2.3,,7,10/16/2010,BIO207,4.0,1.0,N/A,N/A,N/A,N/A,,0,0,It\'s an easy A. Hard to believe for a class that is supposed to be really hard.
Lydia  Thebeau,St. Louis Community College at Wildwood,Biology department, Wildwood, MO,2,4.2,N/A,2.3,,7,05/13/2010,BIOBIO,5.0,2.0,N/A,N/A,N/A,N/A,,0,0,"If you pay attention in class as do all of the homework this class is an easy ""A"". She makes a study guide for tests and the tests are very up front. I learned a lot from her!"
