professor_name,school_name,department_name,local_name,state_name,year_since_first_review,star_rating,take_again,diff_index,tag_professor,num_student,post_date,name_onlines,student_star,student_difficult,attence,for_credits,would_take_agains,grades,stu_tags,help_useful,help_not_useful,comments
Martha  Elenes,Central New Mexico Community College,Biology department, Albuquerque, NM,7,2.5,N/A,2.9,EXTRA CREDIT (3)  ACCESSIBLE OUTSIDE CLASS (1)  Caring (1)  LECTURE HEAVY (1)  GROUP PROJECTS (1),9,05/05/2018,BIO1010,5.0,3.0,Mandatory,Yes,Yes,C,EXTRA CREDIT  LECTURE HEAVY  GROUP PROJECTS,0,0,"Gives good lectures every class, let\'s you make up missed tests, the final project is a lot of work and important."
Martha  Elenes,Central New Mexico Community College,Biology department, Albuquerque, NM,7,2.5,N/A,2.9,EXTRA CREDIT (3)  ACCESSIBLE OUTSIDE CLASS (1)  Caring (1)  LECTURE HEAVY (1)  GROUP PROJECTS (1),9,12/10/2016,BIO1010,3.0,4.0,Not Mandatory,Yes,No,N/A,EXTRA CREDIT  ACCESSIBLE OUTSIDE CLASS  CARING,0,0,"She\'s not mean, or rude, she tries her best to avoid negativity. She assigns a fair amount of homework, and she lets you work in groups sometimes."
Martha  Elenes,Central New Mexico Community College,Biology department, Albuquerque, NM,7,2.5,N/A,2.9,EXTRA CREDIT (3)  ACCESSIBLE OUTSIDE CLASS (1)  Caring (1)  LECTURE HEAVY (1)  GROUP PROJECTS (1),9,12/04/2014,BIO1010,3.5,2.0,Mandatory,Yes,N/A,A,EXTRA CREDIT,0,0,"She\'s a nice lady... a bit spacey, but she\'s an easy \'A\' and very approachable. If you don\'t understand something, just ask."
Martha  Elenes,Central New Mexico Community College,Biology department, Albuquerque, NM,7,2.5,N/A,2.9,EXTRA CREDIT (3)  ACCESSIBLE OUTSIDE CLASS (1)  Caring (1)  LECTURE HEAVY (1)  GROUP PROJECTS (1),9,07/07/2014,BIO1092,3.0,1.0,Mandatory,N/A,N/A,A+,,0,1,NEVER TAKE THIS CLASS. she is not a good teacher at all. she treats people like they are kids. she will repeat herself multiple times. she rambles for about an hour before we start doing anything. if you are a fast pace student she will not let you go onto other sections without the other students. to be plain an simple she is HORRIBLE!
Martha  Elenes,Central New Mexico Community College,Biology department, Albuquerque, NM,7,2.5,N/A,2.9,EXTRA CREDIT (3)  ACCESSIBLE OUTSIDE CLASS (1)  Caring (1)  LECTURE HEAVY (1)  GROUP PROJECTS (1),9,10/28/2013,BIO1010,1.0,2.0,N/A,N/A,N/A,N/A,,0,1,She is the worst teacher EVER! I couldn\'t understand her because of her heavy accent. She copied and pasted the textbook on to her power points and often looked at them as if it were new information to her. She never posted grades on blackboard and took forever to put the lectures on it. Avoid her class like the plague!
Martha  Elenes,Central New Mexico Community College,Biology department, Albuquerque, NM,7,2.5,N/A,2.9,EXTRA CREDIT (3)  ACCESSIBLE OUTSIDE CLASS (1)  Caring (1)  LECTURE HEAVY (1)  GROUP PROJECTS (1),9,04/17/2012,NS1010,1.0,3.0,N/A,N/A,N/A,N/A,,0,0,The class was not difficult but the instructor was difficult to understand. She was disorganized and often confused herself during lectures. The course activities were fun. Instructor didn\'t provide updates on grades during semester.
Martha  Elenes,Central New Mexico Community College,Biology department, Albuquerque, NM,7,2.5,N/A,2.9,EXTRA CREDIT (3)  ACCESSIBLE OUTSIDE CLASS (1)  Caring (1)  LECTURE HEAVY (1)  GROUP PROJECTS (1),9,12/09/2011,NS1015,2.5,3.0,N/A,N/A,N/A,N/A,,0,0,"She is nice and willing to help if you ask. However, she is very unorganized and her lectures can be very hard to follow. The class work load was not too bad, and tests were somewhat easy, but that was only because I studied the book and not from her lectures."
Martha  Elenes,Central New Mexico Community College,Biology department, Albuquerque, NM,7,2.5,N/A,2.9,EXTRA CREDIT (3)  ACCESSIBLE OUTSIDE CLASS (1)  Caring (1)  LECTURE HEAVY (1)  GROUP PROJECTS (1),9,11/08/2011,NS1015,1.0,4.0,N/A,N/A,N/A,N/A,,0,0,"Absolutely horrible! Not clear, partial language barrier-she says things backwards! Don\'t try and write on evolution for your paper she will tell you she is going to be MORE critical on your paper than the rest of the class (especially if you wish to present both sides or don\'t believe in evolution). Spends most of the class just trying to explain"
Martha  Elenes,Central New Mexico Community College,Biology department, Albuquerque, NM,7,2.5,N/A,2.9,EXTRA CREDIT (3)  ACCESSIBLE OUTSIDE CLASS (1)  Caring (1)  LECTURE HEAVY (1)  GROUP PROJECTS (1),9,04/27/2011,NS1015,2.0,4.0,N/A,N/A,N/A,N/A,,0,0,"She is nice but very confusing. The work load is fairly heavy, lots of reading. The exams are hard. There are labs and field trips."
