professor_name,school_name,department_name,local_name,state_name,year_since_first_review,star_rating,take_again,diff_index,tag_professor,num_student,post_date,name_onlines,student_star,student_difficult,attence,for_credits,would_take_agains,grades,stu_tags,help_useful,help_not_useful,comments
Sarah  Lovern,Concordia University,Health Science department, Mequon, WI,9,4.0,N/A,3.7,LOTS OF HOMEWORK (3)  Tough Grader (2)  Get ready to read (2)  Inspirational (1)  Skip class? You won\'t pass. (1)  Caring (1)  EXTRA CREDIT (1)  LECTURE HEAVY (1)  Hilarious (1),8,01/09/2018,BIO181,5.0,4.0,Mandatory,Yes,Yes,A,GET READY TO READ  SKIP CLASS? YOU WON\'T PASS.,0,0,"Amazing teacher! She\'s very a very tough prof, but is always available for help outside class and makes a really good effort to make class enjoyable and fun! Her tests and quizzes are always very straightforward and based on the material she gives you."
Sarah  Lovern,Concordia University,Health Science department, Mequon, WI,9,4.0,N/A,3.7,LOTS OF HOMEWORK (3)  Tough Grader (2)  Get ready to read (2)  Inspirational (1)  Skip class? You won\'t pass. (1)  Caring (1)  EXTRA CREDIT (1)  LECTURE HEAVY (1)  Hilarious (1),8,12/12/2017,BIO192,5.0,4.0,Mandatory,Yes,Yes,B+,LOTS OF HOMEWORK  HILARIOUS  INSPIRATIONAL,0,0,Dr. L is probably the greatest teacher I\'ve ever had. There is a quiz with a partner every day you have lecture. This forced me to study and really get a grasp on the material. I would take her again in a heartbeat! It was always a joy to go to her class.
Sarah  Lovern,Concordia University,Health Science department, Mequon, WI,9,4.0,N/A,3.7,LOTS OF HOMEWORK (3)  Tough Grader (2)  Get ready to read (2)  Inspirational (1)  Skip class? You won\'t pass. (1)  Caring (1)  EXTRA CREDIT (1)  LECTURE HEAVY (1)  Hilarious (1),8,06/01/2017,BIO181,2.0,5.0,Mandatory,Yes,No,B+,LOTS OF HOMEWORK  TOUGH GRADER  GET READY TO READ,0,0,Worst class ever! Daily reading quizzes were way too much. She wasn\'t clear with her lectures at all. Half the time it seemed like she was unsure of the material while she was lecturing on it. Labs had no relation to lecture material and were too lengthy. Wouldn\'t suggest this professor!!
Sarah  Lovern,Concordia University,Health Science department, Mequon, WI,9,4.0,N/A,3.7,LOTS OF HOMEWORK (3)  Tough Grader (2)  Get ready to read (2)  Inspirational (1)  Skip class? You won\'t pass. (1)  Caring (1)  EXTRA CREDIT (1)  LECTURE HEAVY (1)  Hilarious (1),8,02/18/2016,BIO181,1.0,5.0,Not Mandatory,Yes,N/A,N/A,LECTURE HEAVY  LOTS OF HOMEWORK  TOUGH GRADER,0,1,"I was in her class for a week before I dropped it because she is so awful. Refuses to help if you\'re struggling, puts herself on a very high pedestal above everyone else, all around awful experience. Avoid at all cost."
Sarah  Lovern,Concordia University,Health Science department, Mequon, WI,9,4.0,N/A,3.7,LOTS OF HOMEWORK (3)  Tough Grader (2)  Get ready to read (2)  Inspirational (1)  Skip class? You won\'t pass. (1)  Caring (1)  EXTRA CREDIT (1)  LECTURE HEAVY (1)  Hilarious (1),8,05/12/2015,BIO181,5.0,2.0,Mandatory,Yes,Yes,A,EXTRA CREDIT  CARING,0,0,"Dr. Lovern is the best professorteacher at any level that I\'ve ever had. She uses many different teaching styles to solidify the information in the students\' mind, and she occasionally drops a corny joke or two in a lecture. BIO 181 is a tough course, but she does as much as she can to help her students pass and be successful in their careers."
Sarah  Lovern,Concordia University,Health Science department, Mequon, WI,9,4.0,N/A,3.7,LOTS OF HOMEWORK (3)  Tough Grader (2)  Get ready to read (2)  Inspirational (1)  Skip class? You won\'t pass. (1)  Caring (1)  EXTRA CREDIT (1)  LECTURE HEAVY (1)  Hilarious (1),8,04/09/2014,BIO181,5.0,3.0,Mandatory,N/A,N/A,N/A,,0,0,Dr. L is the best prof I have had so far. Great at explaining the content and tests are fair (they come right off of her powerpoints). Daily reading quizzes with a partner make attendance mandatory but they aren\'t hard. Sometimes it feels like she is teaching to 5th graders because of her cheezy jokes and hands on projects but she is effective.
Sarah  Lovern,Concordia University,Health Science department, Mequon, WI,9,4.0,N/A,3.7,LOTS OF HOMEWORK (3)  Tough Grader (2)  Get ready to read (2)  Inspirational (1)  Skip class? You won\'t pass. (1)  Caring (1)  EXTRA CREDIT (1)  LECTURE HEAVY (1)  Hilarious (1),8,11/18/2013,BIO181,4.5,3.0,N/A,N/A,N/A,N/A,,0,0,Class is pretty easy let\'s you take quizes with a partner
Sarah  Lovern,Concordia University,Health Science department, Mequon, WI,9,4.0,N/A,3.7,LOTS OF HOMEWORK (3)  Tough Grader (2)  Get ready to read (2)  Inspirational (1)  Skip class? You won\'t pass. (1)  Caring (1)  EXTRA CREDIT (1)  LECTURE HEAVY (1)  Hilarious (1),8,01/27/2009,BIO275,5.0,4.0,N/A,N/A,N/A,N/A,,0,0,She is great! She makes corny jokes but is still pretty funny! Will do anything to help students! Quizzes every day in lecture but you can use a partner and drop 3 quizzes!
