professor_name,school_name,department_name,local_name,state_name,year_since_first_review,star_rating,take_again,diff_index,tag_professor,num_student,post_date,name_onlines,student_star,student_difficult,attence,for_credits,would_take_agains,grades,stu_tags,help_useful,help_not_useful,comments
Timothy  Dale,University of Wisconsin - Green Bay,Political Science department, Green Bay, WI,3,4.3,N/A,2.1,,14,05/01/2012,PSCI101,4.0,3.0,N/A,N/A,N/A,N/A,,0,0,"Great teacher at lower level, bad teacher at a higher level, stick to the easy classes."
Timothy  Dale,University of Wisconsin - Green Bay,Political Science department, Green Bay, WI,3,4.3,N/A,2.1,,14,04/17/2012,THEOR1,5.0,5.0,N/A,N/A,N/A,N/A,,0,0,Excellent Instructor! P. Theory is a hard class but worth it! The tests were very hard and the papers graded equally hard.
Timothy  Dale,University of Wisconsin - Green Bay,Political Science department, Green Bay, WI,3,4.3,N/A,2.1,,14,11/07/2011,POL101,5.0,3.0,N/A,N/A,N/A,N/A,,0,0,He\'s a really great professor. He has references to pop culture which makes it easier to understand. Overall it\'s not a difficult class. I am taking more classes with him.
Timothy  Dale,University of Wisconsin - Green Bay,Political Science department, Green Bay, WI,3,4.3,N/A,2.1,,14,08/17/2011,POSCI101,3.0,3.0,N/A,N/A,N/A,N/A,,0,0,really boring it was hard justifying coming to class rather than staying in bed.
Timothy  Dale,University of Wisconsin - Green Bay,Political Science department, Green Bay, WI,3,4.3,N/A,2.1,,14,04/05/2011,POLSC101,5.0,1.0,N/A,N/A,N/A,N/A,,0,0,Awesome teacher. I took pol sci twice in high school and got low B\'s each time. Prof. Dale makes it so clear and easy and is so willing to explain if you have any questions. He drops your lowest of 3 exams and almost always lets class out early.
Timothy  Dale,University of Wisconsin - Green Bay,Political Science department, Green Bay, WI,3,4.3,N/A,2.1,,14,03/26/2011,POLSC101,1.0,1.0,N/A,N/A,N/A,N/A,,0,0,BORING. I would rather watch paint dry.
Timothy  Dale,University of Wisconsin - Green Bay,Political Science department, Green Bay, WI,3,4.3,N/A,2.1,,14,12/17/2009,POL320,4.5,3.0,N/A,N/A,N/A,N/A,,0,0,"Lectures are interesting and humorous. Very nice guy. Class can be challenging but he grades fairly. Would definitely take a class with him again. Show up for class every day, exam questions will come directly from his notes."
Timothy  Dale,University of Wisconsin - Green Bay,Political Science department, Green Bay, WI,3,4.3,N/A,2.1,,14,12/10/2009,POLI101,5.0,1.0,N/A,N/A,N/A,N/A,,0,0,Awesome teacher
Timothy  Dale,University of Wisconsin - Green Bay,Political Science department, Green Bay, WI,3,4.3,N/A,2.1,,14,12/10/2009,POLI101,5.0,1.0,N/A,N/A,N/A,N/A,,0,0,AWESOME
Timothy  Dale,University of Wisconsin - Green Bay,Political Science department, Green Bay, WI,3,4.3,N/A,2.1,,14,11/20/2009,POLS101,5.0,1.0,N/A,N/A,N/A,N/A,,0,0,"GREAT PROFESSOR... So Funny. So Helpful, very enjoyable lectures for anyone. Refreshing. Have taken multiple courses with him since."
Timothy  Dale,University of Wisconsin - Green Bay,Political Science department, Green Bay, WI,3,4.3,N/A,2.1,,14,11/17/2009,POL101,5.0,2.0,N/A,N/A,N/A,N/A,,0,0,"Amazing amazing professor. I hated politics before taking his class, now I find them interesting. Very funny. Good teacher. Makes it easy to learn, hardly uses book. Lets us out of class early most days. Understands that not everyone loves poli sci."
Timothy  Dale,University of Wisconsin - Green Bay,Political Science department, Green Bay, WI,3,4.3,N/A,2.1,,14,09/03/2009,POLSC104,5.0,2.0,N/A,N/A,N/A,N/A,,0,0,"Professor Dale is awesome, very clear in his lecturing, keeps it very interesting and humorous but stays on topic... Would recommend him 100%..."
Timothy  Dale,University of Wisconsin - Green Bay,Political Science department, Green Bay, WI,3,4.3,N/A,2.1,,14,06/18/2009,POLSC320,4.0,2.0,N/A,N/A,N/A,N/A,,0,0,Dr. Dale is awesome!! Great teacher funny but not on purpose. Don\'t need book just read notes every question on tests are in the notes. I wish he taught more classes!
Timothy  Dale,University of Wisconsin - Green Bay,Political Science department, Green Bay, WI,3,4.3,N/A,2.1,,14,01/27/2009,AMGOV101,4.0,2.0,N/A,N/A,N/A,N/A,,0,0,Dr. Dale is the MAN! He is very funny in class. I had him in a night class. You DON\'T need to buy the book if you don\'t want to. Just study your notes. All quizes and tests are on lecture. He let us out early almost every class. He is fair and also curves his tests. His exams are questions taken directly from quizes. Take this professor!
