professor_name,school_name,department_name,local_name,state_name,year_since_first_review,star_rating,take_again,diff_index,tag_professor,num_student,post_date,name_onlines,student_star,student_difficult,attence,for_credits,would_take_agains,grades,stu_tags,help_useful,help_not_useful,comments
Tanja  Hayes,University of Nevada- Reno,Mathematics department, Reno, NV,6,4.7,100%,1.8,Respected (6)  Caring (4)  Hilarious (4)  Gives good feedback (3)  Inspirational (3)  Participation matters (2)  Amazing lectures (2)  Get ready to read (2)  Clear grading criteria (2)  GROUP PROJECTS (1)  Tough Grader (1)  TEST HEAVY (1)  LOTS OF HOMEWORK (1)  Skip class? You won\'t pass. (1)  ACCESSIBLE OUTSIDE CLASS (1),36,05/04/2018,ECON262,5.0,2.0,Mandatory,Yes,Yes,A,CARING  INSPIRATIONAL  HILARIOUS,0,0,"Tanja is one of the best professors I have EVER had. She makes it really easy to learn, helps students and cares about their success. She\'s funny, flexible, and easy to work with. I can\'t say enough good things about her, but this is an amazing class and I don\'t think I would have been nearly as successful in Statistics without her as my teacher."
Tanja  Hayes,University of Nevada- Reno,Mathematics department, Reno, NV,6,4.7,100%,1.8,Respected (6)  Caring (4)  Hilarious (4)  Gives good feedback (3)  Inspirational (3)  Participation matters (2)  Amazing lectures (2)  Get ready to read (2)  Clear grading criteria (2)  GROUP PROJECTS (1)  Tough Grader (1)  TEST HEAVY (1)  LOTS OF HOMEWORK (1)  Skip class? You won\'t pass. (1)  ACCESSIBLE OUTSIDE CLASS (1),36,06/26/2017,ECON262R,5.0,3.0,Mandatory,Yes,Yes,B,GIVES GOOD FEEDBACK  RESPECTED  LOTS OF HOMEWORK,0,0,Tanja was hands down one of THE best Professors I\'ve had the privilege of having at UNR. Her homework and exams are pretty evenly weighted. so if you\'re a terrible test taker like me you can still pull a B as long as you do the work. She\'s super understanding & is willing to work with you if you\'re having troubles! 10/10 would recommend.
Tanja  Hayes,University of Nevada- Reno,Mathematics department, Reno, NV,6,4.7,100%,1.8,Respected (6)  Caring (4)  Hilarious (4)  Gives good feedback (3)  Inspirational (3)  Participation matters (2)  Amazing lectures (2)  Get ready to read (2)  Clear grading criteria (2)  GROUP PROJECTS (1)  Tough Grader (1)  TEST HEAVY (1)  LOTS OF HOMEWORK (1)  Skip class? You won\'t pass. (1)  ACCESSIBLE OUTSIDE CLASS (1),36,06/09/2017,ECON262R,5.0,4.0,Not Mandatory,Yes,Yes,A+,AMAZING LECTURES  TEST HEAVY  SKIP CLASS? YOU WON\'T PASS.,0,0,If you have the chance to take this class with Hayes DO IT.
Tanja  Hayes,University of Nevada- Reno,Mathematics department, Reno, NV,6,4.7,100%,1.8,Respected (6)  Caring (4)  Hilarious (4)  Gives good feedback (3)  Inspirational (3)  Participation matters (2)  Amazing lectures (2)  Get ready to read (2)  Clear grading criteria (2)  GROUP PROJECTS (1)  Tough Grader (1)  TEST HEAVY (1)  LOTS OF HOMEWORK (1)  Skip class? You won\'t pass. (1)  ACCESSIBLE OUTSIDE CLASS (1),36,06/09/2017,ECON262,5.0,2.0,Mandatory,Yes,Yes,A,RESPECTED  CARING  ACCESSIBLE OUTSIDE CLASS,0,0,Tanja made the summer mini-session as stress free as possible! I would take one of her classes again in a heartbeat. She makes the lectures and material as understandable as possible and takes the time to answer any questions/confusion that comes up. I struggled in ECON261 but felt extremely confident after taking ECON262 with Tanja.
Tanja  Hayes,University of Nevada- Reno,Mathematics department, Reno, NV,6,4.7,100%,1.8,Respected (6)  Caring (4)  Hilarious (4)  Gives good feedback (3)  Inspirational (3)  Participation matters (2)  Amazing lectures (2)  Get ready to read (2)  Clear grading criteria (2)  GROUP PROJECTS (1)  Tough Grader (1)  TEST HEAVY (1)  LOTS OF HOMEWORK (1)  Skip class? You won\'t pass. (1)  ACCESSIBLE OUTSIDE CLASS (1),36,06/09/2017,ECON262R,5.0,1.0,Not Mandatory,Yes,Yes,A,HILARIOUS  INSPIRATIONAL  RESPECTED,0,0,Tanja was a great teacher! I took her class during summer session and the class was really easy! The tests were pretty much exactly like the homework. She makes learning the material very understandable and easy to follow. Take her class!!!
Tanja  Hayes,University of Nevada- Reno,Mathematics department, Reno, NV,6,4.7,100%,1.8,Respected (6)  Caring (4)  Hilarious (4)  Gives good feedback (3)  Inspirational (3)  Participation matters (2)  Amazing lectures (2)  Get ready to read (2)  Clear grading criteria (2)  GROUP PROJECTS (1)  Tough Grader (1)  TEST HEAVY (1)  LOTS OF HOMEWORK (1)  Skip class? You won\'t pass. (1)  ACCESSIBLE OUTSIDE CLASS (1),36,08/10/2016,ECON262R,5.0,3.0,Mandatory,Yes,Yes,N/A,GIVES GOOD FEEDBACK,0,0,"Took this class during the summer mini-mester. Professor Hayes was really good at helping students understand what we were doing. She would teach us by hand, and then on minitab. Very helpful and was always quick to answer and questions/emails. If she\'s teaching that semester, take her!"
Tanja  Hayes,University of Nevada- Reno,Mathematics department, Reno, NV,6,4.7,100%,1.8,Respected (6)  Caring (4)  Hilarious (4)  Gives good feedback (3)  Inspirational (3)  Participation matters (2)  Amazing lectures (2)  Get ready to read (2)  Clear grading criteria (2)  GROUP PROJECTS (1)  Tough Grader (1)  TEST HEAVY (1)  LOTS OF HOMEWORK (1)  Skip class? You won\'t pass. (1)  ACCESSIBLE OUTSIDE CLASS (1),36,05/25/2016,ECON261R,4.0,3.0,Mandatory,Yes,Yes,N/A,,0,0,Tanja is an excellent professor who makes sure that you really understand the material. You can always go to her for extra help and she\'s really funny too.
Tanja  Hayes,University of Nevada- Reno,Mathematics department, Reno, NV,6,4.7,100%,1.8,Respected (6)  Caring (4)  Hilarious (4)  Gives good feedback (3)  Inspirational (3)  Participation matters (2)  Amazing lectures (2)  Get ready to read (2)  Clear grading criteria (2)  GROUP PROJECTS (1)  Tough Grader (1)  TEST HEAVY (1)  LOTS OF HOMEWORK (1)  Skip class? You won\'t pass. (1)  ACCESSIBLE OUTSIDE CLASS (1),36,04/25/2016,ECON262,4.5,1.0,Mandatory,Yes,N/A,N/A,RESPECTED  CARING  INSPIRATIONAL,0,0,"Easy stats class, the only hard thing is the written projects which only count for a microscopic part of your grade. Take her for Econ stats!"
Tanja  Hayes,University of Nevada- Reno,Mathematics department, Reno, NV,6,4.7,100%,1.8,Respected (6)  Caring (4)  Hilarious (4)  Gives good feedback (3)  Inspirational (3)  Participation matters (2)  Amazing lectures (2)  Get ready to read (2)  Clear grading criteria (2)  GROUP PROJECTS (1)  Tough Grader (1)  TEST HEAVY (1)  LOTS OF HOMEWORK (1)  Skip class? You won\'t pass. (1)  ACCESSIBLE OUTSIDE CLASS (1),36,04/20/2016,ECON261,4.5,2.0,Mandatory,Yes,N/A,A,RESPECTED,0,0,"Seriously an easy class. Read the book before class and you can get over a 100% in this class. I did learn a lot though. There are 4 exams, the final is optional as she drops the lowest exam. There are 2 projects, relatively easy."
Tanja  Hayes,University of Nevada- Reno,Mathematics department, Reno, NV,6,4.7,100%,1.8,Respected (6)  Caring (4)  Hilarious (4)  Gives good feedback (3)  Inspirational (3)  Participation matters (2)  Amazing lectures (2)  Get ready to read (2)  Clear grading criteria (2)  GROUP PROJECTS (1)  Tough Grader (1)  TEST HEAVY (1)  LOTS OF HOMEWORK (1)  Skip class? You won\'t pass. (1)  ACCESSIBLE OUTSIDE CLASS (1),36,01/17/2016,ECON262R,5.0,3.0,Mandatory,Yes,N/A,B,RESPECTED  GIVES GOOD FEEDBACK  HILARIOUS,0,0,Great professor! clear instructions and entertaining to lectures.
Tanja  Hayes,University of Nevada- Reno,Mathematics department, Reno, NV,6,4.7,100%,1.8,Respected (6)  Caring (4)  Hilarious (4)  Gives good feedback (3)  Inspirational (3)  Participation matters (2)  Amazing lectures (2)  Get ready to read (2)  Clear grading criteria (2)  GROUP PROJECTS (1)  Tough Grader (1)  TEST HEAVY (1)  LOTS OF HOMEWORK (1)  Skip class? You won\'t pass. (1)  ACCESSIBLE OUTSIDE CLASS (1),36,12/22/2015,ECON262,5.0,2.0,Mandatory,Yes,Yes,A-,CLEAR GRADING CRITERIA,0,0,Amazing teacher. Shes clear and teaches you how to use statistical software which is awesome. Overall easy class. And you will actually learn something just because shes great.
Tanja  Hayes,University of Nevada- Reno,Mathematics department, Reno, NV,6,4.7,100%,1.8,Respected (6)  Caring (4)  Hilarious (4)  Gives good feedback (3)  Inspirational (3)  Participation matters (2)  Amazing lectures (2)  Get ready to read (2)  Clear grading criteria (2)  GROUP PROJECTS (1)  Tough Grader (1)  TEST HEAVY (1)  LOTS OF HOMEWORK (1)  Skip class? You won\'t pass. (1)  ACCESSIBLE OUTSIDE CLASS (1),36,12/09/2015,ECON262R,5.0,2.0,Mandatory,Yes,Yes,A-,CARING,3,0,"Total babe, WIth that said she is very helpful and goes out of her way to make sure you do well. Highly recommend her!"
Tanja  Hayes,University of Nevada- Reno,Mathematics department, Reno, NV,6,4.7,100%,1.8,Respected (6)  Caring (4)  Hilarious (4)  Gives good feedback (3)  Inspirational (3)  Participation matters (2)  Amazing lectures (2)  Get ready to read (2)  Clear grading criteria (2)  GROUP PROJECTS (1)  Tough Grader (1)  TEST HEAVY (1)  LOTS OF HOMEWORK (1)  Skip class? You won\'t pass. (1)  ACCESSIBLE OUTSIDE CLASS (1),36,11/18/2015,HON220,5.0,1.0,Mandatory,Yes,Yes,A,PARTICIPATION MATTERS  GET READY TO READ,0,0,"She\'s very sweet, but teaches the material like you\'re a class full of 8 year olds. It was an easy class but I felt as though my intelligence was constantly being insulted... especially for an honors class."
Tanja  Hayes,University of Nevada- Reno,Mathematics department, Reno, NV,6,4.7,100%,1.8,Respected (6)  Caring (4)  Hilarious (4)  Gives good feedback (3)  Inspirational (3)  Participation matters (2)  Amazing lectures (2)  Get ready to read (2)  Clear grading criteria (2)  GROUP PROJECTS (1)  Tough Grader (1)  TEST HEAVY (1)  LOTS OF HOMEWORK (1)  Skip class? You won\'t pass. (1)  ACCESSIBLE OUTSIDE CLASS (1),36,05/04/2015,HON220,4.5,3.0,Mandatory,Yes,Yes,N/A,CLEAR GRADING CRITERIA  GROUP PROJECTS,1,0,"Prof Hayes is amazing. great teacher. HUGE on group work, which is nice for the tests. Be prepared to have to write a group paper, however. Overall, this is a relatively easy class and you will definitely walk away knowing more about economics. Make sure to get the bookebook because you have to write chapter summaries."
Tanja  Hayes,University of Nevada- Reno,Mathematics department, Reno, NV,6,4.7,100%,1.8,Respected (6)  Caring (4)  Hilarious (4)  Gives good feedback (3)  Inspirational (3)  Participation matters (2)  Amazing lectures (2)  Get ready to read (2)  Clear grading criteria (2)  GROUP PROJECTS (1)  Tough Grader (1)  TEST HEAVY (1)  LOTS OF HOMEWORK (1)  Skip class? You won\'t pass. (1)  ACCESSIBLE OUTSIDE CLASS (1),36,01/21/2015,HON220,4.5,3.0,Mandatory,Yes,N/A,A,PARTICIPATION MATTERS  GET READY TO READ  TOUGH GRADER,0,0,"A great teacher; made the material very accessible. Gave too low of a point value to some of the group tests, meaning a small mistake costing a point reduced the grade a lot. Moved too fast for me on those too, but that\'s due to the class. Light grader on writing, but strict on tests. Be meticulous. Is big on group work and participation too."
Tanja  Hayes,University of Nevada- Reno,Mathematics department, Reno, NV,6,4.7,100%,1.8,Respected (6)  Caring (4)  Hilarious (4)  Gives good feedback (3)  Inspirational (3)  Participation matters (2)  Amazing lectures (2)  Get ready to read (2)  Clear grading criteria (2)  GROUP PROJECTS (1)  Tough Grader (1)  TEST HEAVY (1)  LOTS OF HOMEWORK (1)  Skip class? You won\'t pass. (1)  ACCESSIBLE OUTSIDE CLASS (1),36,12/17/2014,220,4.0,1.0,Mandatory,Yes,N/A,A,,0,1,"Professor Hayes is an excellent instructor. Sometimes she talks about nonsense but the general consensus is that students are able to learn a lot from her class. Homework consists of mandatory reading guides and a few take home examsfinal. Don\'t let the take home component fool you though, they are really difficult."
Tanja  Hayes,University of Nevada- Reno,Mathematics department, Reno, NV,6,4.7,100%,1.8,Respected (6)  Caring (4)  Hilarious (4)  Gives good feedback (3)  Inspirational (3)  Participation matters (2)  Amazing lectures (2)  Get ready to read (2)  Clear grading criteria (2)  GROUP PROJECTS (1)  Tough Grader (1)  TEST HEAVY (1)  LOTS OF HOMEWORK (1)  Skip class? You won\'t pass. (1)  ACCESSIBLE OUTSIDE CLASS (1),36,11/18/2014,ECON262R,4.5,1.0,Not Mandatory,Yes,Yes,A+,HILARIOUS  AMAZING LECTURES,1,0,"GREAT professor. Helpful & so clear. Allows 1 page of notes for all exams. Homework is easy, not frequent & she is funny and energetic. I wish I could have had her for other math courses. Awesome class and awesome teacher. Highly recommend."
Tanja  Hayes,University of Nevada- Reno,Mathematics department, Reno, NV,6,4.7,100%,1.8,Respected (6)  Caring (4)  Hilarious (4)  Gives good feedback (3)  Inspirational (3)  Participation matters (2)  Amazing lectures (2)  Get ready to read (2)  Clear grading criteria (2)  GROUP PROJECTS (1)  Tough Grader (1)  TEST HEAVY (1)  LOTS OF HOMEWORK (1)  Skip class? You won\'t pass. (1)  ACCESSIBLE OUTSIDE CLASS (1),36,06/09/2012,ECON261R,5.0,3.0,N/A,N/A,N/A,N/A,,0,0,"Tanja is great. She makes class fun and is very helpful for all students. You can use one page of notes for tests. I highly recommend. I got an A. Not an easy class but if you read and spend a few hours, you can do well."
Tanja  Hayes,University of Nevada- Reno,Mathematics department, Reno, NV,6,4.7,100%,1.8,Respected (6)  Caring (4)  Hilarious (4)  Gives good feedback (3)  Inspirational (3)  Participation matters (2)  Amazing lectures (2)  Get ready to read (2)  Clear grading criteria (2)  GROUP PROJECTS (1)  Tough Grader (1)  TEST HEAVY (1)  LOTS OF HOMEWORK (1)  Skip class? You won\'t pass. (1)  ACCESSIBLE OUTSIDE CLASS (1),36,05/14/2012,APST207,5.0,1.0,N/A,N/A,N/A,N/A,,0,0,"TAKE THIS CLASS!phenomenal teacher, open note/laptop/book tests, 2 tests midterm n final, no homework just weekly online quizzes. I never did the quizzes (50% of final grade) and still got a B. Study guides are the exact test!"
Tanja  Hayes,University of Nevada- Reno,Mathematics department, Reno, NV,6,4.7,100%,1.8,Respected (6)  Caring (4)  Hilarious (4)  Gives good feedback (3)  Inspirational (3)  Participation matters (2)  Amazing lectures (2)  Get ready to read (2)  Clear grading criteria (2)  GROUP PROJECTS (1)  Tough Grader (1)  TEST HEAVY (1)  LOTS OF HOMEWORK (1)  Skip class? You won\'t pass. (1)  ACCESSIBLE OUTSIDE CLASS (1),36,04/26/2012,ECON103,4.5,2.0,N/A,N/A,N/A,N/A,,0,0,"tests are open book/ open note, but i would recommend going to the review session because she gives you exactly what is going to be on the test. you can miss up to 4 classes, and she is a very sweet person. loved her and would recommend her to anyone."
