professor_name,school_name,department_name,local_name,state_name,year_since_first_review,star_rating,take_again,diff_index,tag_professor,num_student,post_date,name_onlines,student_star,student_difficult,attence,for_credits,would_take_agains,grades,stu_tags,help_useful,help_not_useful,comments
Kevin  Long,University of Southern California,Writing department, Los Angeles, CA,4,4.4,N/A,3.2,,9,03/19/2013,WRITING140,4.0,3.0,N/A,N/A,N/A,N/A,,0,0,This guy is awesome. He is an amazing professor and he wants you to learn.
Kevin  Long,University of Southern California,Writing department, Los Angeles, CA,4,4.4,N/A,3.2,,9,06/23/2011,WRIT140,5.0,2.0,N/A,N/A,N/A,N/A,,0,0,"Just one of those guys that you have to love! He\'s a great teacher. He\'s helpful, which is nice, because the essays aren\'t exactly easy if you haven\'t been taught the college way to write. Effort and commitment go a long way though. The class feels like a community too. I just really loved his class."
Kevin  Long,University of Southern California,Writing department, Los Angeles, CA,4,4.4,N/A,3.2,,9,01/10/2011,WRIT140,4.5,4.0,N/A,N/A,N/A,N/A,,0,0,"Awesome teacher, awesome guy. Really cares, even if he knows the subject/SI class sucks. Very entertaining as well.. definitely the most enjoyable class I had this semester. Only side note is that he grades pretty difficult, but you can still get a good grade if you participate and do extra on the small stuff. Barely any reading. Great class!"
Kevin  Long,University of Southern California,Writing department, Los Angeles, CA,4,4.4,N/A,3.2,,9,10/21/2010,WRIT140,4.0,4.0,N/A,N/A,N/A,N/A,,0,0,"Not only a great professor but a really funny and genuine person. Take WRIT 140 with him. Seroiusly, just do it."
Kevin  Long,University of Southern California,Writing department, Los Angeles, CA,4,4.4,N/A,3.2,,9,07/25/2010,WRIT140,5.0,4.0,N/A,N/A,N/A,N/A,,0,0,"Great with recommending different approaches to essays with regard to your personal style. Hilarity will ensue, guaranteed. One of the most personal and entertaining classes I\'ve had at the university."
Kevin  Long,University of Southern California,Writing department, Los Angeles, CA,4,4.4,N/A,3.2,,9,07/15/2010,WRIT140,3.5,3.0,N/A,N/A,N/A,N/A,,0,0,He\'s really a funny and competent teacher. But I have to say he\'s quite strict compared with some other writing teachers.
Kevin  Long,University of Southern California,Writing department, Los Angeles, CA,4,4.4,N/A,3.2,,9,05/07/2010,WRIT140,5.0,2.0,N/A,N/A,N/A,N/A,,0,0,best professor ive had at usc. take writing 140 with him.
Kevin  Long,University of Southern California,Writing department, Los Angeles, CA,4,4.4,N/A,3.2,,9,10/06/2009,WRIT140,5.0,3.0,N/A,N/A,N/A,N/A,,0,0,No Comments
Kevin  Long,University of Southern California,Writing department, Los Angeles, CA,4,4.4,N/A,3.2,,9,04/03/2009,WRIT140,4.0,4.0,N/A,N/A,N/A,N/A,,0,0,he makes writing 140 really laid back
