professor_name,school_name,department_name,local_name,state_name,year_since_first_review,star_rating,take_again,diff_index,tag_professor,num_student,post_date,name_onlines,student_star,student_difficult,attence,for_credits,would_take_agains,grades,stu_tags,help_useful,help_not_useful,comments
Emma  Allen-Vercoe,University of Guelph,Science department, Guelph, ON,8,4.7,N/A,3.0,Respected (1)  Hilarious (1)  Amazing lectures (1)  Caring (1)  Clear grading criteria (1),7,02/24/2017,MICR2420,5.0,2.0,Mandatory,Yes,Yes,N/A,CLEAR GRADING CRITERIA  AMAZING LECTURES,0,0,"She does a really good job of making the lectures interesting and engaging. Her midterm was very fair and all the content was taken from her lecture slides, no surprises. I wish i had her for the entire semester."
Emma  Allen-Vercoe,University of Guelph,Science department, Guelph, ON,8,4.7,N/A,3.0,Respected (1)  Hilarious (1)  Amazing lectures (1)  Caring (1)  Clear grading criteria (1),7,08/15/2016,SEN334,5.0,3.0,Not Mandatory,Yes,Yes,N/A,RESPECTED  CARING  HILARIOUS,0,0,"Amazing, I\'d love to have her again."
Emma  Allen-Vercoe,University of Guelph,Science department, Guelph, ON,8,4.7,N/A,3.0,Respected (1)  Hilarious (1)  Amazing lectures (1)  Caring (1)  Clear grading criteria (1),7,02/04/2014,MICR2420,4.5,2.0,Mandatory,N/A,N/A,A,,0,1,"Her accent definitely keeps you captivated but apart from that the material is interesting and she has a lot of funny anecdotes. Shows videos/animations on Friday that are helpful but also enlightening! Quite hard to catch outside of class because shes busy. My only complain was the exam, which had a slew of random super duper specific questions"
Emma  Allen-Vercoe,University of Guelph,Science department, Guelph, ON,8,4.7,N/A,3.0,Respected (1)  Hilarious (1)  Amazing lectures (1)  Caring (1)  Clear grading criteria (1),7,02/01/2013,MICR2420,5.0,3.0,N/A,N/A,N/A,N/A,,0,0,"Loved her, I loved her work and she always had funny little jokes and videos that made attending lecture fun. I would love to have her again."
Emma  Allen-Vercoe,University of Guelph,Science department, Guelph, ON,8,4.7,N/A,3.0,Respected (1)  Hilarious (1)  Amazing lectures (1)  Caring (1)  Clear grading criteria (1),7,12/05/2012,MICR2420,4.0,4.0,N/A,N/A,N/A,N/A,,0,0,Super fun class
Emma  Allen-Vercoe,University of Guelph,Science department, Guelph, ON,8,4.7,N/A,3.0,Respected (1)  Hilarious (1)  Amazing lectures (1)  Caring (1)  Clear grading criteria (1),7,04/06/2010,MICR4010,5.0,4.0,N/A,N/A,N/A,N/A,,0,0,"Best professor I\'ve had in 4 years. Explains things extremely well, and CARES about the students/class. This class was three hours on Friday afternoons, and the time flew by because Dr. A-V is such a good lecturer. She is always available to help students outside of lecture time. The course is not easy by any means, but if you put in the work y"
Emma  Allen-Vercoe,University of Guelph,Science department, Guelph, ON,8,4.7,N/A,3.0,Respected (1)  Hilarious (1)  Amazing lectures (1)  Caring (1)  Clear grading criteria (1),7,01/28/2009,MICR4310,4.5,3.0,N/A,N/A,N/A,N/A,,0,0,No Comments
