professor_name,school_name,department_name,local_name,state_name,year_since_first_review,star_rating,take_again,diff_index,tag_professor,num_student,post_date,name_onlines,student_star,student_difficult,attence,for_credits,would_take_agains,grades,stu_tags,help_useful,help_not_useful,comments
Reva  Greenberg,University of Rhode Island - Feinstein,History department, Providence, RI,2,3.8,N/A,4.3,,4,12/23/2011,HIS114,4.0,4.0,N/A,N/A,N/A,N/A,,0,0,Reva was a very good professor. She was tough but very good. She made sure that you walked out of her class at the end of the semester knowing most of what she taught. Thumbs up!
Reva  Greenberg,University of Rhode Island - Feinstein,History department, Providence, RI,2,3.8,N/A,4.3,,4,05/24/2010,HIS114,4.5,3.0,N/A,N/A,N/A,N/A,,0,0,"Greenberg is nice and a very informative teacher, but she assigns far too much work for a 100-level course. The amount of reading and writing required is more appropriate for a 300-level class. However, if you are interested in the subject matter, you will walk away with a wealth of information. Just keep up with the reading!"
Reva  Greenberg,University of Rhode Island - Feinstein,History department, Providence, RI,2,3.8,N/A,4.3,,4,06/24/2009,HIST2000,4.5,5.0,N/A,N/A,N/A,N/A,,0,0,No Comments
Reva  Greenberg,University of Rhode Island - Feinstein,History department, Providence, RI,2,3.8,N/A,4.3,,4,01/27/2009,HIS311,2.0,5.0,N/A,N/A,N/A,N/A,,0,0,I dropped after a few classes. Extremely boring lectures. Made you do presentations. gave ridiculous amounts of work for a general education class.
