professor_name,school_name,department_name,local_name,state_name,year_since_first_review,star_rating,take_again,diff_index,tag_professor,num_student,post_date,name_onlines,student_star,student_difficult,attence,for_credits,would_take_agains,grades,stu_tags,help_useful,help_not_useful,comments
Sara  Cornell,Chemeketa Community College,Psychology department, Salem, OR,5,3.7,N/A,2.4,,15,05/27/2014,PSY100,3.0,2.0,N/A,Yes,N/A,N/A,,0,0,"I took her online Intro to Psychology. She grades things slowly and didn\'t answer any of my emails. She requires weekly journals but is a little unclear about what they should look like. The class itself was interesting, not too difficult as long as you do the reading. She did give us a week off of the weekly quizzes and discussions which was nice."
Sara  Cornell,Chemeketa Community College,Psychology department, Salem, OR,5,3.7,N/A,2.4,,15,11/30/2013,PSY100,2.0,1.0,N/A,Yes,N/A,N/A,,0,0,Takes weeks to reply to emails and grade assignments.
Sara  Cornell,Chemeketa Community College,Psychology department, Salem, OR,5,3.7,N/A,2.4,,15,04/15/2013,PSY100,4.5,1.0,N/A,Yes,N/A,N/A,,0,0,she was soo easy! easiest class
Sara  Cornell,Chemeketa Community College,Psychology department, Salem, OR,5,3.7,N/A,2.4,,15,04/02/2012,PSY100,5.0,1.0,N/A,N/A,N/A,N/A,,0,0,"Awesome teacher! Understands life can get in the way. Tries to eliminate stress by reducing work load. Positive feedback, even though sometimes it was a little bit of a delay. Regardless she was amazing and I\'d recommend her to anyone."
Sara  Cornell,Chemeketa Community College,Psychology department, Salem, OR,5,3.7,N/A,2.4,,15,03/10/2012,PSY100,4.5,1.0,N/A,N/A,N/A,N/A,,0,0,Very easy! I really like it! Easy A! I learned some... I didn\'t read all the chapter. But for a online psy elective it was perfect for me!
Sara  Cornell,Chemeketa Community College,Psychology department, Salem, OR,5,3.7,N/A,2.4,,15,01/25/2012,SOC204,3.0,2.0,N/A,N/A,N/A,N/A,,0,0,good since of humar
Sara  Cornell,Chemeketa Community College,Psychology department, Salem, OR,5,3.7,N/A,2.4,,15,08/11/2011,PSYCH101,5.0,4.0,N/A,N/A,N/A,N/A,,0,0,"Sara Cornell is one of the good professors. She will reach out to assist you. You need only ask. If you don\'t want online, then don\'t sign up for online. She\'s even better in person. Friendly and very informative. But don\'t try to snow her with your research! Do it straight up!"
Sara  Cornell,Chemeketa Community College,Psychology department, Salem, OR,5,3.7,N/A,2.4,,15,03/25/2011,PSY101,4.5,1.0,N/A,N/A,N/A,N/A,,0,0,"She knows her terms inside and out and has really cute strories. I only wish I had the full experience that I paid for. I was in a 4hr Saturday class which lasted 5 weeks. She didn\'t show to 2 of the classes. This is an easy ""A"" class but come on! I wish I could get a pay check for showing up to 3/5 classes."
Sara  Cornell,Chemeketa Community College,Psychology department, Salem, OR,5,3.7,N/A,2.4,,15,03/09/2011,PSY101,2.0,3.0,N/A,N/A,N/A,N/A,,0,0,"Her online class is set up to run itself, its like she isnt even there."
Sara  Cornell,Chemeketa Community College,Psychology department, Salem, OR,5,3.7,N/A,2.4,,15,09/26/2010,PSY100,3.0,5.0,N/A,N/A,N/A,N/A,,0,0,"Dont have this teacher, even if you give your 100%, she will give you a 70%."
Sara  Cornell,Chemeketa Community College,Psychology department, Salem, OR,5,3.7,N/A,2.4,,15,12/22/2009,PSY100,2.5,5.0,N/A,N/A,N/A,N/A,,0,0,Dont take her hibrid class. It blows. Her grading is very harsh.
Sara  Cornell,Chemeketa Community College,Psychology department, Salem, OR,5,3.7,N/A,2.4,,15,12/03/2009,PSY101,5.0,2.0,N/A,N/A,N/A,N/A,,0,0,"Sara was one of my favorite teachers. She made everything we did very enjoyable. She is also very flexible, which can be a breath of fresh air compared to other Professors on campus. She is a great instructor, I would most definitely recommend her."
Sara  Cornell,Chemeketa Community College,Psychology department, Salem, OR,5,3.7,N/A,2.4,,15,07/16/2009,PSY203,4.5,2.0,N/A,N/A,N/A,N/A,,0,0,"FLEXIBLE was her motto! She was so flexible. Great instructor. She will make sure you understand by giving two or three examples until you get it. If you show up to each class, that\'s 10 points extra credit on the final!"
Sara  Cornell,Chemeketa Community College,Psychology department, Salem, OR,5,3.7,N/A,2.4,,15,06/13/2009,PSY100,4.5,3.0,N/A,N/A,N/A,N/A,,0,0,"I took a class by her online and didn\'t interact with her much, but the class was not all that hard, especially if you have an interest in Psychology anyway. If I can do it while working and raising a kid and still get an A, I\'d say it\'s a good class to take."
Sara  Cornell,Chemeketa Community College,Psychology department, Salem, OR,5,3.7,N/A,2.4,,15,01/27/2009,PSY104,2.5,3.0,N/A,N/A,N/A,N/A,,0,0,Class was ok! Grading was fairly harsh. If you take this class do not miss a day or you will pay!
