professor_name,school_name,department_name,local_name,state_name,year_since_first_review,star_rating,take_again,diff_index,tag_professor,num_student,post_date,name_onlines,student_star,student_difficult,attence,for_credits,would_take_agains,grades,stu_tags,help_useful,help_not_useful,comments
Billi  Seale,University of Texas at Arlington,Law department, Arlington, TX,1,4.9,N/A,1.7,,11,05/19/2010,BLAW3312,5.0,1.0,N/A,N/A,N/A,N/A,,0,0,GREAT. GREAT. GREAT. I took her both BLAW I and II and I saw alot of familiar faces of poeple that did the same thing because she\'s oooooh sooooo good
Billi  Seale,University of Texas at Arlington,Law department, Arlington, TX,1,4.9,N/A,1.7,,11,01/08/2010,BLAW3312,5.0,1.0,N/A,N/A,N/A,N/A,,0,0,"Very easy class! honestly its hard to not make an A in this class. She messed up my grade reporting thing...bu that would most likely get fixed. Awesome professor though, definitely recommend her!"
Billi  Seale,University of Texas at Arlington,Law department, Arlington, TX,1,4.9,N/A,1.7,,11,01/04/2010,BLAW3311,5.0,1.0,N/A,N/A,N/A,N/A,,0,0,She is a great professor. I didn\'t really need my book...hw and tests are fairly easy...all you have to do is study the slides and do your hw and you will pass this class. Prof. Seale is funny and entertaining!
Billi  Seale,University of Texas at Arlington,Law department, Arlington, TX,1,4.9,N/A,1.7,,11,11/19/2009,BLAW3311,5.0,1.0,N/A,N/A,N/A,N/A,,0,0,"TAKE HER!! I absolutely love this prof!! She explains everything crysal clear and her reviews are exactly what is on the test. It\'s easy to get an A in this class if you show up, do the homework and review. Her tests are straight forward and not tricky. Breaks down law to where you understand it and makes it fun!!"
Billi  Seale,University of Texas at Arlington,Law department, Arlington, TX,1,4.9,N/A,1.7,,11,11/18/2009,BLAW3311,5.0,2.0,N/A,N/A,N/A,N/A,,0,0,"Good teacher. Tells you exactly what is expected of you, answers questions well, and managed to make a potentially dry class somewhat interesting."
Billi  Seale,University of Texas at Arlington,Law department, Arlington, TX,1,4.9,N/A,1.7,,11,11/02/2009,BLAW3321,5.0,1.0,N/A,N/A,N/A,N/A,,0,0,She is Great. First of all she gives 5 test which seems crazy but it actually means if u get the grade u want on 4 of the test and turn in the hw your done with the class by the beginning of nov and can skip the 5th test. Tes super easy tells u everything u need to know question by question on review day. Gives answers to hw online b4 due. Easy A+
Billi  Seale,University of Texas at Arlington,Law department, Arlington, TX,1,4.9,N/A,1.7,,11,05/22/2009,BLAW3312,4.5,3.0,N/A,N/A,N/A,N/A,,0,0,WONDERFULL!!
Billi  Seale,University of Texas at Arlington,Law department, Arlington, TX,1,4.9,N/A,1.7,,11,05/07/2009,BLAW3311,4.5,1.0,N/A,N/A,N/A,N/A,,0,0,"her tests are from her notes, posted online don\'t need to come to class to pass. do need to come for the A. don\'t need textbook at all. entertaining and a great teacher to take!"
Billi  Seale,University of Texas at Arlington,Law department, Arlington, TX,1,4.9,N/A,1.7,,11,05/06/2009,BLAW3311,5.0,4.0,N/A,N/A,N/A,N/A,,0,0,"She explains everything as clearly as possible and is will to help you and give examples for you to understand.Makes blaw fun and interesting\r she has 5 multiple choice tests, she gives homework which is not required but helpful, She posts all her notes online, She does give the homework answers she goes over the test"
Billi  Seale,University of Texas at Arlington,Law department, Arlington, TX,1,4.9,N/A,1.7,,11,04/20/2009,BLAW3311,5.0,1.0,N/A,N/A,N/A,N/A,,0,0,"I TOOK HER FOR BLAW 1...AWESOME TEACHER WITH GREAT EXAMPLES AND KEEPS IT FUN AND INTERESTING... I HARDLY EVER WENT TO CLASS I JUST DID THE REVIEWS SHE POSTED ON WEBCT AND SHE POSTS ALL HER NOTES ON THERE 2 AND I GOT A HIGH B... GREAT PROF, GOOD PERSON, FUN CLASS... CANT WAIT TO TAKE BLAW 2 WITH HER"
Billi  Seale,University of Texas at Arlington,Law department, Arlington, TX,1,4.9,N/A,1.7,,11,02/27/2009,BLAW3310,4.5,3.0,N/A,N/A,N/A,N/A,,0,0,She made this class super interesting... i actually loved going to this class.. she is really funny and tells funny stories that help you understand the boring laws! love her!
