professor_name,school_name,department_name,local_name,state_name,year_since_first_review,star_rating,take_again,diff_index,tag_professor,num_student,post_date,name_onlines,student_star,student_difficult,attence,for_credits,would_take_agains,grades,stu_tags,help_useful,help_not_useful,comments
Dolores  Mena,San Jose State University,Counselor Education department, San Jose, CA,7,4.3,N/A,3.7,Gives good feedback (4)  Respected (1)  Inspirational (1)  Skip class? You won\'t pass. (1)  LECTURE HEAVY (1)  LOTS OF HOMEWORK (1)  ACCESSIBLE OUTSIDE CLASS (1),7,09/08/2016,EDCO287,5.0,4.0,Mandatory,Yes,Yes,A,INSPIRATIONAL  ACCESSIBLE OUTSIDE CLASS  GIVES GOOD FEEDBACK,0,0,"Dr. Mena was the best professor in the EDCO program at SJSU. She challenged her students and always gave great feedback. There was a lot of work in the course, but I learned a lot from her class. She made herself available to meet with students and responded to emails in a timely manner."
Dolores  Mena,San Jose State University,Counselor Education department, San Jose, CA,7,4.3,N/A,3.7,Gives good feedback (4)  Respected (1)  Inspirational (1)  Skip class? You won\'t pass. (1)  LECTURE HEAVY (1)  LOTS OF HOMEWORK (1)  ACCESSIBLE OUTSIDE CLASS (1),7,12/23/2015,EDCO221,4.5,4.0,Mandatory,Yes,Yes,A,GIVES GOOD FEEDBACK  LOTS OF HOMEWORK,0,0,"i would recommend students take Dr. Mena to all students who are ""nervous, scared, intimidated, concerned"" about writing their thesis. She breaks down the process in easy to follow, easy to do steps. She also offers excellent feedback that will help you make your thesis paper better. And she will EDIT IT FOR FREE!!!!"
Dolores  Mena,San Jose State University,Counselor Education department, San Jose, CA,7,4.3,N/A,3.7,Gives good feedback (4)  Respected (1)  Inspirational (1)  Skip class? You won\'t pass. (1)  LECTURE HEAVY (1)  LOTS OF HOMEWORK (1)  ACCESSIBLE OUTSIDE CLASS (1),7,10/29/2015,EDCO221,4.0,4.0,Mandatory,Yes,N/A,A,LECTURE HEAVY  GIVES GOOD FEEDBACK  SKIP CLASS? YOU WON\'T PASS.,2,1,"I am not a fan, yes she is helpful & organized but she is kind of a micromanager. Her spirit as an individual is great, but 221 she mainly took up the entire class time lecturing about god knows what because she is so dry I zoned out, but she successfully peaked my anxiety & stress level for my thesis. She does babysit you through it if you need it"
Dolores  Mena,San Jose State University,Counselor Education department, San Jose, CA,7,4.3,N/A,3.7,Gives good feedback (4)  Respected (1)  Inspirational (1)  Skip class? You won\'t pass. (1)  LECTURE HEAVY (1)  LOTS OF HOMEWORK (1)  ACCESSIBLE OUTSIDE CLASS (1),7,06/10/2015,THESIS,3.0,3.0,Mandatory,Yes,N/A,A,RESPECTED  GIVES GOOD FEEDBACK,2,3,"She\'s a passionate teacher, but she spends countless hours lecturing about information that was irrelevant. We all work and don\'t have leisure time to listen to her go on and on. She\'s not experienced in the field, but she is experienced in research. She\'s my least favorite professor in the program."
Dolores  Mena,San Jose State University,Counselor Education department, San Jose, CA,7,4.3,N/A,3.7,Gives good feedback (4)  Respected (1)  Inspirational (1)  Skip class? You won\'t pass. (1)  LECTURE HEAVY (1)  LOTS OF HOMEWORK (1)  ACCESSIBLE OUTSIDE CLASS (1),7,01/15/2015,EDCO221,5.0,2.0,Mandatory,Yes,N/A,A,,2,0,"Dr. Mena is so passionate, caring, and knowledgeable. Her dedication rubs off on the students. I appreciate how accessible she is as well."
Dolores  Mena,San Jose State University,Counselor Education department, San Jose, CA,7,4.3,N/A,3.7,Gives good feedback (4)  Respected (1)  Inspirational (1)  Skip class? You won\'t pass. (1)  LECTURE HEAVY (1)  LOTS OF HOMEWORK (1)  ACCESSIBLE OUTSIDE CLASS (1),7,08/16/2014,EDCO221,5.0,5.0,Mandatory,N/A,N/A,B-,,1,0,She is amazing. She is extremely helpful and organized. I wish I tried harder in her class. And she is the most beautiful professor I\'ve ever met.
Dolores  Mena,San Jose State University,Counselor Education department, San Jose, CA,7,4.3,N/A,3.7,Gives good feedback (4)  Respected (1)  Inspirational (1)  Skip class? You won\'t pass. (1)  LECTURE HEAVY (1)  LOTS OF HOMEWORK (1)  ACCESSIBLE OUTSIDE CLASS (1),7,01/26/2009,EDCO287,3.5,4.0,N/A,N/A,N/A,N/A,,2,0,"What a nightmare. The intersession class was long tedious and not useful. The instructor lectures on and on with information not relevant to the assignment you need to turn in. There was no adjustment in course requirements from the 6 week course to the 2 week course. It\'s required, so there isn\'t much you can do. You win some you lose some:("
