professor_name,school_name,department_name,local_name,state_name,year_since_first_review,star_rating,take_again,diff_index,tag_professor,num_student,post_date,name_onlines,student_star,student_difficult,attence,for_credits,would_take_agains,grades,stu_tags,help_useful,help_not_useful,comments
Harold  Broderick,St. John\'s University - Staten Island,Criminal Justice department, Staten Island, NY,7,5.0,N/A,2.0,Caring (2)  Respected (1)  Inspirational (1)  Participation matters (1)  Gives good feedback (1),4,11/03/2017,CRJ3000,5.0,1.0,Mandatory,Yes,Yes,A,CARING  RESPECTED  INSPIRATIONAL,0,0,Professor Broderick was my favorite professor because he is just so nice to everyone and his lectures are so interesting. I highly recommend you take his courses because you will enjoy them
Harold  Broderick,St. John\'s University - Staten Island,Criminal Justice department, Staten Island, NY,7,5.0,N/A,2.0,Caring (2)  Respected (1)  Inspirational (1)  Participation matters (1)  Gives good feedback (1),4,03/24/2016,CRJ4105,5.0,1.0,Not Mandatory,Yes,N/A,A+,CARING  GIVES GOOD FEEDBACK  PARTICIPATION MATTERS,0,0,"One of the many kind and helpful professors at St. John\'s. He\'s also a Dean and has gone above and beyond to help his students. Don\'t show up to class and you won\'t pass. Gives vey minimal assignments, reading, always shows clips in class, and loves people who participate."
Harold  Broderick,St. John\'s University - Staten Island,Criminal Justice department, Staten Island, NY,7,5.0,N/A,2.0,Caring (2)  Respected (1)  Inspirational (1)  Participation matters (1)  Gives good feedback (1),4,05/13/2014,CRJ4104,5.0,3.0,N/A,N/A,N/A,N/A,,0,0,"Took him for international crime. Very interesting class. Gives a midterm, a final, and about five homework paper assignments. Can use the notes on exams, which are multiple choice and essay. Fair grader and interesting powerpoints. Would recommend."
Harold  Broderick,St. John\'s University - Staten Island,Criminal Justice department, Staten Island, NY,7,5.0,N/A,2.0,Caring (2)  Respected (1)  Inspirational (1)  Participation matters (1)  Gives good feedback (1),4,11/12/2010,CRJ3000,5.0,3.0,N/A,N/A,N/A,N/A,,0,0,Dean Broderick is an amazing professor. He is willing to help his students in any way.
