professor_name,school_name,department_name,local_name,state_name,year_since_first_review,star_rating,take_again,diff_index,tag_professor,num_student,post_date,name_onlines,student_star,student_difficult,attence,for_credits,would_take_agains,grades,stu_tags,help_useful,help_not_useful,comments
Kathy  Niebur,Dakota County Technical College,Computer Science department, Rosemount, MN,8,4.8,N/A,2.0,Gives good feedback (4)  Respected (3)  Inspirational (2)  Clear grading criteria (1),11,05/26/2017,OFFC1230,5.0,4.0,Mandatory,Yes,Yes,A,RESPECTED  INSPIRATIONAL  GIVES GOOD FEEDBACK,0,0,she care about her student and she share her personal life with student to inspire. She is hard working teach .
Kathy  Niebur,Dakota County Technical College,Computer Science department, Rosemount, MN,8,4.8,N/A,2.0,Gives good feedback (4)  Respected (3)  Inspirational (2)  Clear grading criteria (1),11,04/30/2017,COML1400,5.0,2.0,Mandatory,Yes,Yes,A,RESPECTED  INSPIRATIONAL  GIVES GOOD FEEDBACK,0,0,Amazing teacher!
Kathy  Niebur,Dakota County Technical College,Computer Science department, Rosemount, MN,8,4.8,N/A,2.0,Gives good feedback (4)  Respected (3)  Inspirational (2)  Clear grading criteria (1),11,01/11/2017,COMP1100,5.0,2.0,Mandatory,Yes,Yes,A,RESPECTED  CLEAR GRADING CRITERIA  GIVES GOOD FEEDBACK,3,0,Very talented teacher. You never get confused in her class !!
Kathy  Niebur,Dakota County Technical College,Computer Science department, Rosemount, MN,8,4.8,N/A,2.0,Gives good feedback (4)  Respected (3)  Inspirational (2)  Clear grading criteria (1),11,08/25/2016,A,5.0,1.0,Not Mandatory,Yes,Yes,N/A,GIVES GOOD FEEDBACK,0,0,Super easy going laid back teacher.
Kathy  Niebur,Dakota County Technical College,Computer Science department, Rosemount, MN,8,4.8,N/A,2.0,Gives good feedback (4)  Respected (3)  Inspirational (2)  Clear grading criteria (1),11,12/19/2013,BUISCOMM,5.0,1.0,Mandatory,N/A,N/A,A,,0,0,She is a great teacher of the course and uses a lot of personal experience to help guide students into making a resume and business etiquette. the speeches are self explained and overall great class. Only problem i had with her was the getting to class 1-2 min before the class begun i thought that was unprofessional and sometimes would be late.
Kathy  Niebur,Dakota County Technical College,Computer Science department, Rosemount, MN,8,4.8,N/A,2.0,Gives good feedback (4)  Respected (3)  Inspirational (2)  Clear grading criteria (1),11,04/11/2012,COMP1100,5.0,1.0,N/A,N/A,N/A,N/A,,1,0,"Extremely helpful, she knows the book and the lesson well. She is very well prepared before a lesson, and if she encounters trouble, she will explain what she\'s doing and how she troubleshooted it. Very nice person, I would recommend her for an easy class where you learn a lot."
Kathy  Niebur,Dakota County Technical College,Computer Science department, Rosemount, MN,8,4.8,N/A,2.0,Gives good feedback (4)  Respected (3)  Inspirational (2)  Clear grading criteria (1),11,10/18/2011,COML1400,4.5,2.0,N/A,N/A,N/A,N/A,,1,0,Kathy is very helpful.
Kathy  Niebur,Dakota County Technical College,Computer Science department, Rosemount, MN,8,4.8,N/A,2.0,Gives good feedback (4)  Respected (3)  Inspirational (2)  Clear grading criteria (1),11,10/09/2009,COMPUINTR,4.5,3.0,N/A,N/A,N/A,N/A,,1,0,"I took her online classes, and she was very helpful."
Kathy  Niebur,Dakota County Technical College,Computer Science department, Rosemount, MN,8,4.8,N/A,2.0,Gives good feedback (4)  Respected (3)  Inspirational (2)  Clear grading criteria (1),11,07/09/2009,OFFC1230,5.0,2.0,N/A,N/A,N/A,N/A,,0,0,"Kathy is a great teacher. Online classes can\'t be the most fun to teach, and teaches a zillion of them and still responds to questions, etc. in a very timely manner."
Kathy  Niebur,Dakota County Technical College,Computer Science department, Rosemount, MN,8,4.8,N/A,2.0,Gives good feedback (4)  Respected (3)  Inspirational (2)  Clear grading criteria (1),11,07/09/2009,COML1400,5.0,2.0,N/A,N/A,N/A,N/A,,1,0,Extremely nice and helpful instructor.
Kathy  Niebur,Dakota County Technical College,Computer Science department, Rosemount, MN,8,4.8,N/A,2.0,Gives good feedback (4)  Respected (3)  Inspirational (2)  Clear grading criteria (1),11,01/26/2009,COML1400,5.0,2.0,N/A,N/A,N/A,N/A,,1,0,"Very pleasant and thorough teacher, lots of extra credit available, easy \'A\' just by getting work done on time!"
