professor_name,school_name,department_name,local_name,state_name,year_since_first_review,star_rating,take_again,diff_index,tag_professor,num_student,post_date,name_onlines,student_star,student_difficult,attence,for_credits,would_take_agains,grades,stu_tags,help_useful,help_not_useful,comments
Pamela  Karch,San Francisco State University,Communication department, San Francisco, CA,2,4.1,N/A,2.4,,11,12/01/2011,COMM150,4.5,1.0,N/A,N/A,N/A,N/A,,0,0,"Pamela is such a lovely, friendly, and a very nice professor. I love how she acts like one of the students. I had her for comm150 last sem,and i managed to get out of her class with an A =). Ive always hated speech but her class is super easy. Attendance is not mandatory but there are unannounced quizzes. Mostly group work. Recommended prof! =)"
Pamela  Karch,San Francisco State University,Communication department, San Francisco, CA,2,4.1,N/A,2.4,,11,08/03/2011,COMM150,4.0,2.0,N/A,N/A,N/A,N/A,,0,0,She\'s pretty straightforward. Her class is easy if you read the textbook. Her quizzes are unannounced but she\'s an easy grader.
Pamela  Karch,San Francisco State University,Communication department, San Francisco, CA,2,4.1,N/A,2.4,,11,05/11/2011,COMM150,4.5,2.0,N/A,N/A,N/A,N/A,,0,0,"Karch is a very nice professor, she tries really hard to make learning as fun as possible. You do not really need to attend class, but the quizzes she gives are unannounced. Her lectures are straight out of the book, if you read, I would say an A is guaranteed. She grades really easily, she gives everyone a B+ to an A for all her assignments"
Pamela  Karch,San Francisco State University,Communication department, San Francisco, CA,2,4.1,N/A,2.4,,11,03/20/2011,COMM150,2.5,5.0,N/A,N/A,N/A,N/A,,0,0,Don\'t believe these other reviews! Many will dislike this class because she turned a college level class into a elementary school disciplined class. She is not an easy A. If you receive her please drop as soon as possible and sign up for another Comm.
Pamela  Karch,San Francisco State University,Communication department, San Francisco, CA,2,4.1,N/A,2.4,,11,01/09/2010,COMM150,4.0,2.0,N/A,N/A,N/A,N/A,,0,0,"Pamela is very silly but very cute. Her class reminded me of middle school because any opportunity she found to incorporate arts in crafts into her lesson plan should would jump on it. Attendance is mandatory, -20 points every time you aren\'t present. If you read the chapters on which the quizzes are based, you\'ll get an A"
Pamela  Karch,San Francisco State University,Communication department, San Francisco, CA,2,4.1,N/A,2.4,,11,01/05/2010,COMM150,4.5,1.0,N/A,N/A,N/A,N/A,,0,0,Amazing teacher and attractive. I didn\'t have any trouble in this class. Her reading quizzes are nothing if you read the chapters. She even lets you know what pages to read.
Pamela  Karch,San Francisco State University,Communication department, San Francisco, CA,2,4.1,N/A,2.4,,11,01/04/2010,COMM150,3.5,3.0,N/A,N/A,N/A,N/A,,0,0,"She is a really pretty and nice professor. This class isn\'t an easy A , but you will like it !"
Pamela  Karch,San Francisco State University,Communication department, San Francisco, CA,2,4.1,N/A,2.4,,11,12/17/2009,COMM150,3.0,1.0,N/A,N/A,N/A,N/A,,0,0,"Shes a sweetheart but she cant teach at all. She doesn\'t know how to engage the class and i felt like i was back in 5th grade drawing my name on a card and drawing my ""favorite things"" on it."
Pamela  Karch,San Francisco State University,Communication department, San Francisco, CA,2,4.1,N/A,2.4,,11,12/11/2009,COMM150,5.0,2.0,N/A,N/A,N/A,N/A,,0,0,"One of the best teacher\'s i\'ve had. She is EXACTLY what a teacher should be. She actually cares about teaching and her students. She made my most dreaded class really interesting and enjoyable. If you can get in her class, I really suggest it."
Pamela  Karch,San Francisco State University,Communication department, San Francisco, CA,2,4.1,N/A,2.4,,11,09/17/2009,COMM150,5.0,4.0,N/A,N/A,N/A,N/A,,0,0,Stone cold fox! It\'s ridiculous. But she is a really good teacher too!
Pamela  Karch,San Francisco State University,Communication department, San Francisco, CA,2,4.1,N/A,2.4,,11,01/27/2009,COMM150,5.0,3.0,N/A,N/A,N/A,N/A,,0,0,"Pamela is an awesome teacher. She\'s really fun and engaging. She\'s also very helpful. All in all, she\'s excellent. I would recommend everyone to take her class."
