professor_name,school_name,department_name,local_name,state_name,year_since_first_review,star_rating,take_again,diff_index,tag_professor,num_student,post_date,name_onlines,student_star,student_difficult,attence,for_credits,would_take_agains,grades,stu_tags,help_useful,help_not_useful,comments
Naphtalie  O\'Conner,Lehman College,Chemistry department, Bronx, NY,7,3.2,N/A,2.9,TEST HEAVY (1)  Gives good feedback (1)  LECTURE HEAVY (1),16,10/15/2016,CHE120,4.0,3.0,Not Mandatory,Yes,Yes,B+,GIVES GOOD FEEDBACK  TEST HEAVY  LECTURE HEAVY,0,0,I had him for chem 120. It was an easy class but you have to read the text book and make sure you come to class. Most of the test stuff comes from lecture and some from the book. He won\'t throw any irrelevant materials on the exams.
Naphtalie  O\'Conner,Lehman College,Chemistry department, Bronx, NY,7,3.2,N/A,2.9,TEST HEAVY (1)  Gives good feedback (1)  LECTURE HEAVY (1),16,09/04/2013,CHEM,3.5,5.0,N/A,N/A,N/A,N/A,,1,0,Organic 2 is NOT a simple subject and this teacher did not make it any better. He is very difficult and his grading is very hard. He takes of 5 points for simple mistakes. He is very hard and you have to work extremely hard to get an A. If you are not good with chemistry and need a good grade DO NOT take him because he won\'t make it easy for you.
Naphtalie  O\'Conner,Lehman College,Chemistry department, Bronx, NY,7,3.2,N/A,2.9,TEST HEAVY (1)  Gives good feedback (1)  LECTURE HEAVY (1),16,12/28/2012,CHE235,5.0,1.0,N/A,N/A,N/A,N/A,,0,0,IF you need to take a lab class take it with him. He is very helpful and there was a lab final that was very similar to the labs we wrote up! Take him to get a good grade :D
Naphtalie  O\'Conner,Lehman College,Chemistry department, Bronx, NY,7,3.2,N/A,2.9,TEST HEAVY (1)  Gives good feedback (1)  LECTURE HEAVY (1),16,12/28/2012,CHE234,4.0,3.0,N/A,N/A,N/A,N/A,,0,0,I must say out of all the organic chem professors he is the best. Gangian is harder then him and he does not curve. O\'Connor cares about his students and wants us to succeed. If you need to take organic chem take O\'Connor. There are no surprises his sample exam is similar to the actual exam. Study hard and you will succeed
Naphtalie  O\'Conner,Lehman College,Chemistry department, Bronx, NY,7,3.2,N/A,2.9,TEST HEAVY (1)  Gives good feedback (1)  LECTURE HEAVY (1),16,12/10/2012,CHE115,4.5,1.0,N/A,N/A,N/A,N/A,,0,0,"This was his first time teaching general chemistry lab, but he was pretty good. His quizzes were almost give aways compared to the other lab classes. He is helpful to an extent but I suggest you know your stuff before you go into class."
Naphtalie  O\'Conner,Lehman College,Chemistry department, Bronx, NY,7,3.2,N/A,2.9,TEST HEAVY (1)  Gives good feedback (1)  LECTURE HEAVY (1),16,06/20/2012,CHE232,1.0,4.0,N/A,N/A,N/A,N/A,,1,3,"do not take him! not even for the lab! worse teacher at lehman, wonder who hired him? he knows nothing and thinks he is funny."
Naphtalie  O\'Conner,Lehman College,Chemistry department, Bronx, NY,7,3.2,N/A,2.9,TEST HEAVY (1)  Gives good feedback (1)  LECTURE HEAVY (1),16,06/12/2012,CHE232,1.0,5.0,N/A,N/A,N/A,N/A,,1,1,"Worst professor ever!!! Never answer questions.Don\'t respond to emails. useless, unprofessional. DO NOT TAKE HIM. Average grade d- . Sample test NOTHING like the exam."
Naphtalie  O\'Conner,Lehman College,Chemistry department, Bronx, NY,7,3.2,N/A,2.9,TEST HEAVY (1)  Gives good feedback (1)  LECTURE HEAVY (1),16,06/12/2012,CHE232,1.0,5.0,N/A,N/A,N/A,N/A,,2,0,"GIVE SLIDES AT THE BEGINNING OF CLASS SO YOU DONT NEED TO GO TO CLASS ALL HE DOES IS READ THEM OVER! NEVER ANSWERS QUESTIONS, TWO TEST AND A FINAL, HALF THE CLASS DROPPED! WASTE OF TIME AND GRADE, I LEARNED MORE ON YOUTUBE THAN HIM! NEEDS ANOTHER JOB!"
Naphtalie  O\'Conner,Lehman College,Chemistry department, Bronx, NY,7,3.2,N/A,2.9,TEST HEAVY (1)  Gives good feedback (1)  LECTURE HEAVY (1),16,05/20/2011,CHO232,4.0,4.0,N/A,N/A,N/A,N/A,,1,0,"You need to do the suggested problems. -For the lecture, study his notes, go over the book for clarification. Do problems. Don\'t listen to the horror stories abut orgo. Don\'t even make friends in this class, they will make you paranoid. I can sit down with you and circle every powerpoint slide that was based on an exam question. He is fair."
Naphtalie  O\'Conner,Lehman College,Chemistry department, Bronx, NY,7,3.2,N/A,2.9,TEST HEAVY (1)  Gives good feedback (1)  LECTURE HEAVY (1),16,05/11/2011,CHE232,2.0,4.0,N/A,N/A,N/A,N/A,,2,0,"This professor is knowledgeable of his area content, however, his tests are tricky and the point are not distributed evenly on the test. His notes are really watered down, so that if you depend on his notes alone, you are bound to fail. His lab on the other hand is not bad at all. I will only recommend him for his lab. A ""no"" for his lecture."
Naphtalie  O\'Conner,Lehman College,Chemistry department, Bronx, NY,7,3.2,N/A,2.9,TEST HEAVY (1)  Gives good feedback (1)  LECTURE HEAVY (1),16,12/18/2009,ORGO234,4.5,1.0,N/A,N/A,N/A,N/A,,0,0,"He\'s a new professor and he\'s getting use to the whole teaching thing. His exams are very clear, no tricks. He goes over everything on his exams during lecture and he\'s very helpful during office hours. Hes a cool person outside class but when it comes to grades hes strictly ur professor alone; hes fair."
Naphtalie  O\'Conner,Lehman College,Chemistry department, Bronx, NY,7,3.2,N/A,2.9,TEST HEAVY (1)  Gives good feedback (1)  LECTURE HEAVY (1),16,12/04/2009,CHEM232,4.5,2.0,N/A,N/A,N/A,N/A,,0,1,"Overall great professor and has a strong interest in having his students do well. Like an orgo class, if you don\'t keep up with this stuff, you\'ll be left out to dry. It\'s not an easy A, but it\'s not impossible either. You just have to put in the time."
Naphtalie  O\'Conner,Lehman College,Chemistry department, Bronx, NY,7,3.2,N/A,2.9,TEST HEAVY (1)  Gives good feedback (1)  LECTURE HEAVY (1),16,07/06/2009,CHEM233,2.0,1.0,N/A,N/A,N/A,N/A,,0,0,i had him for the lab and he is so easy!!!!u just follow the format for ur report and u\'ll get that A!!!!doesn\'t care much for the calculation....i recommned him for the lab!!!!
Naphtalie  O\'Conner,Lehman College,Chemistry department, Bronx, NY,7,3.2,N/A,2.9,TEST HEAVY (1)  Gives good feedback (1)  LECTURE HEAVY (1),16,04/19/2009,ORGOCHEM,5.0,1.0,N/A,N/A,N/A,N/A,,0,0,"read over the notes everything is there, doesnt care much for textbook, no tricks on exams. love him love the class"
Naphtalie  O\'Conner,Lehman College,Chemistry department, Bronx, NY,7,3.2,N/A,2.9,TEST HEAVY (1)  Gives good feedback (1)  LECTURE HEAVY (1),16,04/03/2009,CHEM235,4.0,1.0,N/A,N/A,N/A,N/A,,0,0,"his homework problems show up exacly on the exams, and attendance is a huge part of your grade. if you come to lab, do the hw and show you care, you\'ll get an A, i did :)"
Naphtalie  O\'Conner,Lehman College,Chemistry department, Bronx, NY,7,3.2,N/A,2.9,TEST HEAVY (1)  Gives good feedback (1)  LECTURE HEAVY (1),16,01/27/2009,CHEM232,1.0,5.0,N/A,N/A,N/A,N/A,,0,0,As an Organic chem prof he\'s a failure...you think he is cool and fun to talk to but not a good educator. His review sheets are not helpful because the real exams are much harder. Half of the student either failed or got D in his class. I would strongly recommend no to take his class. His Labs are stressful than ever.
