professor_name,school_name,department_name,local_name,state_name,year_since_first_review,star_rating,take_again,diff_index,tag_professor,num_student,post_date,name_onlines,student_star,student_difficult,attence,for_credits,would_take_agains,grades,stu_tags,help_useful,help_not_useful,comments
Dave  Karanen,University of Minnesota Duluth,Engineering department, Duluth, MN,2,2.2,N/A,4.0,,5,04/28/2011,IE1225,1.5,5.0,N/A,N/A,N/A,N/A,,0,0,"Karanen is the perfect model of a downright awful teacher. He\'s vague in explanations majority of the time, swears at students, and expects you to know everything he knows after a 25 minute demo in lab. Never hands back exams, and his grading guidelines for homework are non-existent. He is frequently absent, and his enthusiasm is abysmal at best."
Dave  Karanen,University of Minnesota Duluth,Engineering department, Duluth, MN,2,2.2,N/A,4.0,,5,11/28/2010,IE1225,2.5,5.0,N/A,N/A,N/A,N/A,,0,0,"Same things as other users, he\'s hard because he expects you to memorise things that he tells you once, and sometimes he doesn\'t even tell you something but thinks he did (happend a lot). He does curve a lot at the very least. Unfortunelty right now there is no other option, you have to take this class with him if you\'re ME or IE major"
Dave  Karanen,University of Minnesota Duluth,Engineering department, Duluth, MN,2,2.2,N/A,4.0,,5,12/26/2009,IE1225,2.5,4.0,N/A,N/A,N/A,N/A,,0,0,"Very tough teacher. Goes over everything once, and if you ask later about material, he will not explain it. Expects everyone to already know everything and just throws you into labs."
Dave  Karanen,University of Minnesota Duluth,Engineering department, Duluth, MN,2,2.2,N/A,4.0,,5,10/28/2009,DESIG1,3.5,2.0,N/A,N/A,N/A,N/A,,0,0,No Comments
Dave  Karanen,University of Minnesota Duluth,Engineering department, Duluth, MN,2,2.2,N/A,4.0,,5,05/15/2009,IE1225,1.0,4.0,N/A,N/A,N/A,N/A,,0,0,He expects that because your a majoring in engineering that he shouldn\'t have to teach you anything. He goes over topics once in class for ten minutes and if you don\'t take notes word for word you won\'t have a clue what do and then when you ask for help he gets mad that you didn\'t understand his 10 minute rant. Don\'t take him or this class!
