professor_name,school_name,department_name,local_name,state_name,year_since_first_review,star_rating,take_again,diff_index,tag_professor,num_student,post_date,name_onlines,student_star,student_difficult,attence,for_credits,would_take_agains,grades,stu_tags,help_useful,help_not_useful,comments
Adam  Cogbill,University of Massachusetts,English department, Amherst, MA,3,4.5,N/A,3.0,,5,04/19/2012,CW112,5.0,1.0,N/A,N/A,N/A,N/A,,0,0,Incredibly enthusiastic. Very nice guy willing to work with you to make sure you can do your very best. I loved attending this class.
Adam  Cogbill,University of Massachusetts,English department, Amherst, MA,3,4.5,N/A,3.0,,5,11/15/2011,ENGL112,4.5,2.0,N/A,N/A,N/A,N/A,,0,0,"Very easy to talk to, super fun class. Adam is fantastic, super helpful. Easy easy class as long as you hand in your work, the class practically writes the papers for you."
Adam  Cogbill,University of Massachusetts,English department, Amherst, MA,3,4.5,N/A,3.0,,5,12/14/2009,ENG112,3.0,4.0,N/A,N/A,N/A,N/A,,0,0,"He makes the class really fun! Always has something interesting and is pretty casual with the class. He makes you feel like you\'re pals. However, he definitely needs to perfect his teaching skills in the way that he is very vague, doesn\'t tell you exactly what is expected on papers. He missed some appointments and is sometimes scatterbrained."
Adam  Cogbill,University of Massachusetts,English department, Amherst, MA,3,4.5,N/A,3.0,,5,05/17/2009,ENGLW112,5.0,4.0,N/A,N/A,N/A,N/A,,0,0,"Cogbill is great, a lot of fun, but has high expectations. I hate English and I loved this class. Just do your work though.."
Adam  Cogbill,University of Massachusetts,English department, Amherst, MA,3,4.5,N/A,3.0,,5,05/16/2009,ENGLI112,5.0,4.0,N/A,N/A,N/A,N/A,,0,0,No Comments
