professor_name,school_name,department_name,local_name,state_name,year_since_first_review,star_rating,take_again,diff_index,tag_professor,num_student,post_date,name_onlines,student_star,student_difficult,attence,for_credits,would_take_agains,grades,stu_tags,help_useful,help_not_useful,comments
Sally  Parker,California State University Chico,Political Science department, Chico, CA,3,2.5,N/A,3.2,,5,04/11/2012,POLS456,4.0,3.0,N/A,N/A,N/A,N/A,,0,0,"Sally is one of my favorite professors, I\'m not sure what was going on in 2009, but she is MUCH improved in 2012. Helpful, funny, clear and passionate...about this class ayway."
Sally  Parker,California State University Chico,Political Science department, Chico, CA,3,2.5,N/A,3.2,,5,11/09/2010,POLS455,4.5,4.0,N/A,N/A,N/A,N/A,,0,0,"fun in class group assignments, attendance is important for participation assignments, very useful if pursuing a legal/paralegal career, extremely welcoming personality, always available in her office hours, incorporates her professional experience as a labor law attorney"
Sally  Parker,California State University Chico,Political Science department, Chico, CA,3,2.5,N/A,3.2,,5,10/28/2009,POLS464,1.5,4.0,N/A,N/A,N/A,N/A,,0,0,"Bad Professor, she jumps around in her lectures and is very unclear on what she wants you to know."
Sally  Parker,California State University Chico,Political Science department, Chico, CA,3,2.5,N/A,3.2,,5,08/13/2009,POLSALL,1.0,1.0,N/A,N/A,N/A,N/A,,0,0,She is a horrible professor. Really nice and easy to talk to but she is not a very good professor. We got through 1/4 of the things that we where supposed to. Each class (if she was there) was a wast of time!!!!
Sally  Parker,California State University Chico,Political Science department, Chico, CA,3,2.5,N/A,3.2,,5,05/01/2009,POLS455,1.5,4.0,N/A,N/A,N/A,N/A,,0,0,"she is terrible! her slides are doubles and are in different folders, she returns papers back that you need 5 weeks later, if she shows up to class( I know she has an illness) then great but she is scattered in lecture, but dont expect her to add extra office hours for her absense or keep her reg ones.And whatever you thought was clear think again"
