professor_name,school_name,department_name,local_name,state_name,year_since_first_review,star_rating,take_again,diff_index,tag_professor,num_student,post_date,name_onlines,student_star,student_difficult,attence,for_credits,would_take_agains,grades,stu_tags,help_useful,help_not_useful,comments
Ling  Liu,University of Wisconsin - Eau Claire,Finance department, Eau Claire, WI,7,3.5,N/A,2.9,LOTS OF HOMEWORK (2)  TEST HEAVY (1)  Tough Grader (1)  GRADED BY FEW THINGS (1)  Caring (1)  Skip class? You won\'t pass. (1)  ACCESSIBLE OUTSIDE CLASS (1),22,01/26/2017,ACCT312,4.0,4.0,Mandatory,Yes,Yes,B-,GRADED BY FEW THINGS  ACCESSIBLE OUTSIDE CLASS  TEST HEAVY,0,1,"I\'m the guy who had to take both ACCT 201 & 202 twice, so when I heard that I had to take ACCT 312 I was very nervous. Ling Liu was the most helpful accounting teacher I\'ve ever had. She goes a little fast because there\'s a lot of info to cover but she always waits for questions after teaching. Ask questions! Few HW assignments, Exam heavy grader."
Ling  Liu,University of Wisconsin - Eau Claire,Finance department, Eau Claire, WI,7,3.5,N/A,2.9,LOTS OF HOMEWORK (2)  TEST HEAVY (1)  Tough Grader (1)  GRADED BY FEW THINGS (1)  Caring (1)  Skip class? You won\'t pass. (1)  ACCESSIBLE OUTSIDE CLASS (1),22,11/19/2015,ACCT201,3.5,4.0,Not Mandatory,Yes,Yes,B+,SKIP CLASS? YOU WON\'T PASS.  LOTS OF HOMEWORK,0,1,She is a very cute and nice professor. Probably my favorite professor so far. She gives homework but it really only helps your grade.
Ling  Liu,University of Wisconsin - Eau Claire,Finance department, Eau Claire, WI,7,3.5,N/A,2.9,LOTS OF HOMEWORK (2)  TEST HEAVY (1)  Tough Grader (1)  GRADED BY FEW THINGS (1)  Caring (1)  Skip class? You won\'t pass. (1)  ACCESSIBLE OUTSIDE CLASS (1),22,04/29/2015,ACCT312,3.0,3.0,Mandatory,Yes,N/A,N/A,TOUGH GRADER  LOTS OF HOMEWORK  CARING,1,0,I experienced a language barrier during this class. The professor is very knowledgeable but I had difficulty understanding her. She was always willing to help clear up any questions but you have to be willing to make the time to go see her or ask questions in class.
Ling  Liu,University of Wisconsin - Eau Claire,Finance department, Eau Claire, WI,7,3.5,N/A,2.9,LOTS OF HOMEWORK (2)  TEST HEAVY (1)  Tough Grader (1)  GRADED BY FEW THINGS (1)  Caring (1)  Skip class? You won\'t pass. (1)  ACCESSIBLE OUTSIDE CLASS (1),22,12/14/2013,ACCT312,4.5,3.0,Not Mandatory,N/A,N/A,N/A,,1,0,"Dr.Liu is very helpful. If you don\'t understand her accent, just get used to it."
Ling  Liu,University of Wisconsin - Eau Claire,Finance department, Eau Claire, WI,7,3.5,N/A,2.9,LOTS OF HOMEWORK (2)  TEST HEAVY (1)  Tough Grader (1)  GRADED BY FEW THINGS (1)  Caring (1)  Skip class? You won\'t pass. (1)  ACCESSIBLE OUTSIDE CLASS (1),22,12/09/2013,ACCT201,3.5,2.0,N/A,N/A,N/A,N/A,,1,1,Accounting comes easy to me for starters so this class wasn\'t hard. Professor is more than willing to help students and is very helpful when you ask questions. Personally I never listened to lectures or took notes and just read the book and taught myself how to do the assignments. Lectures sometimes seemed directionless. Overall good class.
Ling  Liu,University of Wisconsin - Eau Claire,Finance department, Eau Claire, WI,7,3.5,N/A,2.9,LOTS OF HOMEWORK (2)  TEST HEAVY (1)  Tough Grader (1)  GRADED BY FEW THINGS (1)  Caring (1)  Skip class? You won\'t pass. (1)  ACCESSIBLE OUTSIDE CLASS (1),22,12/02/2013,ACCT312,4.5,3.0,N/A,N/A,N/A,N/A,,0,1,Accounting is not easy but she\'s always willing to help. Take notes and save in-class exercises.
Ling  Liu,University of Wisconsin - Eau Claire,Finance department, Eau Claire, WI,7,3.5,N/A,2.9,LOTS OF HOMEWORK (2)  TEST HEAVY (1)  Tough Grader (1)  GRADED BY FEW THINGS (1)  Caring (1)  Skip class? You won\'t pass. (1)  ACCESSIBLE OUTSIDE CLASS (1),22,01/27/2013,ACCT201,3.5,4.0,N/A,N/A,N/A,N/A,,1,0,"she was very helpful when I came to her office, but I am not quite understand what she\'s talking."
Ling  Liu,University of Wisconsin - Eau Claire,Finance department, Eau Claire, WI,7,3.5,N/A,2.9,LOTS OF HOMEWORK (2)  TEST HEAVY (1)  Tough Grader (1)  GRADED BY FEW THINGS (1)  Caring (1)  Skip class? You won\'t pass. (1)  ACCESSIBLE OUTSIDE CLASS (1),22,01/03/2013,ACCT201,3.5,3.0,N/A,N/A,N/A,N/A,,0,0,"Accounting is a hard class to begin with-and from what I\'ve heard from other students, Ling is one of the best professors here at UWEC in the subject.She\'s more than willing to help out during office hours, & in class she makes sure everyone understands the material before moving on.This is a hard class-be ready to work for your grade."
Ling  Liu,University of Wisconsin - Eau Claire,Finance department, Eau Claire, WI,7,3.5,N/A,2.9,LOTS OF HOMEWORK (2)  TEST HEAVY (1)  Tough Grader (1)  GRADED BY FEW THINGS (1)  Caring (1)  Skip class? You won\'t pass. (1)  ACCESSIBLE OUTSIDE CLASS (1),22,12/12/2012,ACC201,3.5,2.0,N/A,N/A,N/A,N/A,,0,0,"Really helpful professor. A little hard to understand at first, but you get used to it. Read the book and you\'ll do well."
Ling  Liu,University of Wisconsin - Eau Claire,Finance department, Eau Claire, WI,7,3.5,N/A,2.9,LOTS OF HOMEWORK (2)  TEST HEAVY (1)  Tough Grader (1)  GRADED BY FEW THINGS (1)  Caring (1)  Skip class? You won\'t pass. (1)  ACCESSIBLE OUTSIDE CLASS (1),22,09/11/2012,ACCT201,2.0,3.0,N/A,N/A,N/A,N/A,,0,0,"Interesting materials, boring professor. She can\'t even answer questions, and when she tries to it explains nothing!"
Ling  Liu,University of Wisconsin - Eau Claire,Finance department, Eau Claire, WI,7,3.5,N/A,2.9,LOTS OF HOMEWORK (2)  TEST HEAVY (1)  Tough Grader (1)  GRADED BY FEW THINGS (1)  Caring (1)  Skip class? You won\'t pass. (1)  ACCESSIBLE OUTSIDE CLASS (1),22,03/05/2012,ACCT202,3.5,2.0,N/A,N/A,N/A,N/A,,0,0,"It\'s an accounting class, so not bad professor overall. Quite hard to understand at first. Had a pop quiz/in-class hw that quite a few people missed including me that couldn\'t be made up...Get ready to hear ""Am I Right?"" or ""Right?"" quite a bit."
Ling  Liu,University of Wisconsin - Eau Claire,Finance department, Eau Claire, WI,7,3.5,N/A,2.9,LOTS OF HOMEWORK (2)  TEST HEAVY (1)  Tough Grader (1)  GRADED BY FEW THINGS (1)  Caring (1)  Skip class? You won\'t pass. (1)  ACCESSIBLE OUTSIDE CLASS (1),22,02/22/2012,ACCT201,4.0,3.0,N/A,N/A,N/A,N/A,,0,0,"Take Liu for accounting 201. Anyone who cannot understand her needs to work listening better, and she is always willing to repeat herself or help if you don\'t understand something. Teaches by example but in this class that is the most helpful way, and she wants you to do well. Homework is pretty easy, study for the tests and you should be alright."
Ling  Liu,University of Wisconsin - Eau Claire,Finance department, Eau Claire, WI,7,3.5,N/A,2.9,LOTS OF HOMEWORK (2)  TEST HEAVY (1)  Tough Grader (1)  GRADED BY FEW THINGS (1)  Caring (1)  Skip class? You won\'t pass. (1)  ACCESSIBLE OUTSIDE CLASS (1),22,02/01/2012,ACCT201,4.0,2.0,N/A,N/A,N/A,N/A,,0,0,"I thought she did a good job teaching. Examples in class, homework problems, and test problems are all similar. I didn\'t have a problem understanding her."
Ling  Liu,University of Wisconsin - Eau Claire,Finance department, Eau Claire, WI,7,3.5,N/A,2.9,LOTS OF HOMEWORK (2)  TEST HEAVY (1)  Tough Grader (1)  GRADED BY FEW THINGS (1)  Caring (1)  Skip class? You won\'t pass. (1)  ACCESSIBLE OUTSIDE CLASS (1),22,01/17/2012,ACCT201,4.5,1.0,N/A,N/A,N/A,N/A,,0,0,"She\'s not bad. Class was a cakewalk. I really didn\'t do the reading, just took notes in class and studied the ppts she supplied. Can be a little hard to understand, but truly an intelligent and caring person. Tests were pretty easy, basically right off the homework/quizzes. Some of the hw was a little lengthy though."
Ling  Liu,University of Wisconsin - Eau Claire,Finance department, Eau Claire, WI,7,3.5,N/A,2.9,LOTS OF HOMEWORK (2)  TEST HEAVY (1)  Tough Grader (1)  GRADED BY FEW THINGS (1)  Caring (1)  Skip class? You won\'t pass. (1)  ACCESSIBLE OUTSIDE CLASS (1),22,12/20/2011,ACCT201,3.5,2.0,N/A,N/A,N/A,N/A,,0,0,"Accounting takes some work no matter who your professor is. Liu is a good professor that really wants you to do well in her class. Homework is very easy and helps your grade a lot. Really have to study for tests, but your grade reflects how much you study. I had no problem understanding her, and enjoyed her class."
Ling  Liu,University of Wisconsin - Eau Claire,Finance department, Eau Claire, WI,7,3.5,N/A,2.9,LOTS OF HOMEWORK (2)  TEST HEAVY (1)  Tough Grader (1)  GRADED BY FEW THINGS (1)  Caring (1)  Skip class? You won\'t pass. (1)  ACCESSIBLE OUTSIDE CLASS (1),22,12/08/2011,ACCT201,2.0,4.0,N/A,N/A,N/A,N/A,,0,0,Her grader grades homework assignment and grader made mistakes few times and she expects to know eveything by her example and randomly pick on students.
Ling  Liu,University of Wisconsin - Eau Claire,Finance department, Eau Claire, WI,7,3.5,N/A,2.9,LOTS OF HOMEWORK (2)  TEST HEAVY (1)  Tough Grader (1)  GRADED BY FEW THINGS (1)  Caring (1)  Skip class? You won\'t pass. (1)  ACCESSIBLE OUTSIDE CLASS (1),22,11/30/2011,ACCT201,3.0,2.0,N/A,N/A,N/A,N/A,,0,0,"Very easy class, I recommend taking it with her. She teaches will and tries to make all the students understand. Studied an average of 3ish hours for exams and easily got As. Her accent is only hard to understand the first week and then you will get used to it. Look over materials and course will be a breeze."
Ling  Liu,University of Wisconsin - Eau Claire,Finance department, Eau Claire, WI,7,3.5,N/A,2.9,LOTS OF HOMEWORK (2)  TEST HEAVY (1)  Tough Grader (1)  GRADED BY FEW THINGS (1)  Caring (1)  Skip class? You won\'t pass. (1)  ACCESSIBLE OUTSIDE CLASS (1),22,08/08/2011,ACCT201,3.0,3.0,N/A,N/A,N/A,N/A,,0,0,"Very nice lady, but hard to understand. She\'s very considerate about her accent and is always accepting of questions about what she said and always repeated things if we didn\'t understand, but I found it very frustrating at times when I WANT to learn what she\'s teaching but don\'t understand what she\'s saying."
Ling  Liu,University of Wisconsin - Eau Claire,Finance department, Eau Claire, WI,7,3.5,N/A,2.9,LOTS OF HOMEWORK (2)  TEST HEAVY (1)  Tough Grader (1)  GRADED BY FEW THINGS (1)  Caring (1)  Skip class? You won\'t pass. (1)  ACCESSIBLE OUTSIDE CLASS (1),22,06/06/2011,ACCT201,1.5,5.0,N/A,N/A,N/A,N/A,,0,0,"Worst class ever. Accounting is hard already and then to top it off she is really hard to understand. Avoid her if you can. She also doesn\'t really teach, she expects you to learn by examples. For the homework assignments, I literally just copied her example problem. Didn\'t learn anything."
Ling  Liu,University of Wisconsin - Eau Claire,Finance department, Eau Claire, WI,7,3.5,N/A,2.9,LOTS OF HOMEWORK (2)  TEST HEAVY (1)  Tough Grader (1)  GRADED BY FEW THINGS (1)  Caring (1)  Skip class? You won\'t pass. (1)  ACCESSIBLE OUTSIDE CLASS (1),22,12/12/2010,ACCT202,3.0,5.0,N/A,N/A,N/A,N/A,,0,0,"I just found her teaching extremely boring, and hard to follow. I studied for some of the test but I still struggled on the test."
