professor_name,school_name,department_name,local_name,state_name,year_since_first_review,star_rating,take_again,diff_index,tag_professor,num_student,post_date,name_onlines,student_star,student_difficult,attence,for_credits,would_take_agains,grades,stu_tags,help_useful,help_not_useful,comments
Yiyun  Huang,Ohlone College,Engineering department, Fremont, CA,4,3.9,N/A,3.3,,4,02/12/2013,ENGI130,4.5,3.0,N/A,N/A,N/A,N/A,,1,0,"She is an enthusiastic professor. She basically gives you 60% free for just attending class and do homework. The rest is yours! People don\'t do good in the class mostly because they don\'t take the class seriously. Remember, DO HOMEWORK!"
Yiyun  Huang,Ohlone College,Engineering department, Fremont, CA,4,3.9,N/A,3.3,,4,04/14/2010,ENGI130,2.5,2.0,N/A,N/A,N/A,N/A,,1,0,She knows the material very well but she can\'t teach at all. Her quizzes are easy and straight forward enough if she give you enough time to do them. You need to go to her class about 15 minutes early in order to actually finish the quiz. That sucks for people that have consecutive classes. Talk about fair and equal competition.
Yiyun  Huang,Ohlone College,Engineering department, Fremont, CA,4,3.9,N/A,3.3,,4,05/21/2009,ENGI130,3.5,5.0,N/A,N/A,N/A,N/A,,2,0,"Extremely hard to get B or A in class, but it is easy to pass. She\'s helpful on labs, lectures are pretty hard to understand."
Yiyun  Huang,Ohlone College,Engineering department, Fremont, CA,4,3.9,N/A,3.3,,4,05/02/2009,ENGI130,5.0,3.0,N/A,N/A,N/A,N/A,,1,0,Ms. Huang is a very thorough instructor and extremely knowledgeable in the subject matter. Her lectures are very clear and concise. She makes complex subjects understandable and clear. I highly recommend this instructor for all students.
