professor_name,school_name,department_name,local_name,state_name,year_since_first_review,star_rating,take_again,diff_index,tag_professor,num_student,post_date,name_onlines,student_star,student_difficult,attence,for_credits,would_take_agains,grades,stu_tags,help_useful,help_not_useful,comments
Daniel J.  Celentano,Naugatuck Valley Community College,English department, Waterbury, CT,0,4.0,N/A,3.1,,8,12/18/2009,ENG101,4.5,1.0,N/A,N/A,N/A,N/A,,0,0,"Dan was awesome. Definitely buy the workbook bc he based all of his hw assignments from it & you have to answer the books questions but didn\'t use the grammar one much, he tells you to reference it at times in class & if you don\'t have it no big deal bc its ""for your use"". Go to class bc you only have 2 free absences before it starts to count."
Daniel J.  Celentano,Naugatuck Valley Community College,English department, Waterbury, CT,0,4.0,N/A,3.1,,8,06/14/2009,ENG101,5.0,3.0,N/A,N/A,N/A,N/A,,0,0,Awesome teacher--he was very helpful and took the time to explain what he was looking for in his assignments. He may have treated students like children b/c they acted like it....I thought he was great.
Daniel J.  Celentano,Naugatuck Valley Community College,English department, Waterbury, CT,0,4.0,N/A,3.1,,8,06/02/2009,ENG101,4.0,2.0,N/A,N/A,N/A,N/A,,0,0,"Good teacher, he was helpful if you needed it, but we moved quick enough so as not to make anyone bored. Recommended."
Daniel J.  Celentano,Naugatuck Valley Community College,English department, Waterbury, CT,0,4.0,N/A,3.1,,8,04/24/2009,ENG101,4.0,4.0,N/A,N/A,N/A,N/A,,0,0,i enjoy his class and learned a lot from him
Daniel J.  Celentano,Naugatuck Valley Community College,English department, Waterbury, CT,0,4.0,N/A,3.1,,8,04/15/2009,ENG101,4.5,4.0,N/A,N/A,N/A,N/A,,0,0,He is a good guy. People may feel they are treated like children. That could be that they act like children and must be treated that way. COME TO CLASS PEOPLE.
Daniel J.  Celentano,Naugatuck Valley Community College,English department, Waterbury, CT,0,4.0,N/A,3.1,,8,04/15/2009,ENG101,4.5,3.0,N/A,N/A,N/A,N/A,,0,0,No Comments
Daniel J.  Celentano,Naugatuck Valley Community College,English department, Waterbury, CT,0,4.0,N/A,3.1,,8,03/24/2009,ENG101,2.0,5.0,N/A,N/A,N/A,N/A,,0,0,This professor treats us as if we were children and not adults. He is a very hard grader and does not take into consideration your opinions.
Daniel J.  Celentano,Naugatuck Valley Community College,English department, Waterbury, CT,0,4.0,N/A,3.1,,8,01/27/2009,ENG101,3.5,3.0,N/A,N/A,N/A,N/A,,0,0,"He also teaches H.S students which means he brings some of his teachings from there. By that, I mean he treats everyone like a child and also has everyone read they\'re essays in front of the class. I never understood why."
