professor_name,school_name,department_name,local_name,state_name,year_since_first_review,star_rating,take_again,diff_index,tag_professor,num_student,post_date,name_onlines,student_star,student_difficult,attence,for_credits,would_take_agains,grades,stu_tags,help_useful,help_not_useful,comments
Debbie  Damiani,Berks Technical Institute,Medicine department, Wyomissing, PA,5,3.3,N/A,2.0,,5,08/12/2014,MA102,4.5,2.0,Mandatory,N/A,N/A,A,,0,0,awesome teacher and really hot to boot!
Debbie  Damiani,Berks Technical Institute,Medicine department, Wyomissing, PA,5,3.3,N/A,2.0,,5,05/19/2014,MA11144,2.0,3.0,N/A,N/A,N/A,N/A,,0,0,"Not that good of a professor. Her study guides were way off from the tests, so many students failed due to it. Wish I would have had another professor. I barely got an A."
Debbie  Damiani,Berks Technical Institute,Medicine department, Wyomissing, PA,5,3.3,N/A,2.0,,5,09/04/2013,ANATOMYMA120,5.0,1.0,N/A,N/A,N/A,N/A,,0,0,She was awesome really explained and gave a clear picture of anatomy.
Debbie  Damiani,Berks Technical Institute,Medicine department, Wyomissing, PA,5,3.3,N/A,2.0,,5,04/26/2012,MAN,4.0,3.0,N/A,N/A,N/A,N/A,,0,0,"Ms. D is extremely helpful, just be a respectful student and there are no issues."
Debbie  Damiani,Berks Technical Institute,Medicine department, Wyomissing, PA,5,3.3,N/A,2.0,,5,11/12/2009,NANA,1.0,1.0,N/A,N/A,N/A,N/A,,0,0,The epitome of hypocrisy.
