professor_name,school_name,department_name,local_name,state_name,year_since_first_review,star_rating,take_again,diff_index,tag_professor,num_student,post_date,name_onlines,student_star,student_difficult,attence,for_credits,would_take_agains,grades,stu_tags,help_useful,help_not_useful,comments
Hana  Khalil,St. John\'s University,Chemistry department, Jamaica, NY,3,2.5,N/A,3.0,,13,05/15/2012,CHE1120,4.5,1.0,N/A,N/A,N/A,N/A,,1,0,She is a wonderful professor. I love her. she worked hard with us. she all helped all the time and encourage everyone to work harder.
Hana  Khalil,St. John\'s University,Chemistry department, Jamaica, NY,3,2.5,N/A,3.0,,13,06/01/2010,CHE1220,3.5,3.0,N/A,N/A,N/A,N/A,,1,0,"Shes really nice and wants to help her students as much as possible. Her exams are ok. She wants her students to understand chemistry. Most people dont understand her but if you dont, than just drop the class. Read the textbook, do as many problems as you can and you should be fine."
Hana  Khalil,St. John\'s University,Chemistry department, Jamaica, NY,3,2.5,N/A,3.0,,13,04/18/2010,CHEM2,1.0,3.0,N/A,N/A,N/A,N/A,,0,1,"STAY AWAY FROM THIS PROFESSOR!!! seh does not help, will not curve grades, and does not post any lectures up ! not only that but she barely speaks english and is impossible to understand . STAY AWAY if you care about your gpa."
Hana  Khalil,St. John\'s University,Chemistry department, Jamaica, NY,3,2.5,N/A,3.0,,13,02/10/2010,ORGO3,5.0,1.0,N/A,N/A,N/A,N/A,,1,0,Shes the best really wants to help!! just show up for class!!! I love her!!! she rockssssssss!!!!
Hana  Khalil,St. John\'s University,Chemistry department, Jamaica, NY,3,2.5,N/A,3.0,,13,01/20/2010,CHEM1220,2.0,3.0,N/A,N/A,N/A,N/A,,0,1,"if you speak english drop this class. I sat in a few classes and when i figured that i will never understand her, i switch for a different professor"
Hana  Khalil,St. John\'s University,Chemistry department, Jamaica, NY,3,2.5,N/A,3.0,,13,05/22/2009,CHEM1120,3.0,2.0,N/A,N/A,N/A,N/A,,0,0,"She is an okay teacher. She tries to help her students as much as she can, if you need help talk to her. I mostly taught myself in that class and at the end I received an A. I would recommend her she is not a hard teacher and an easy grader."
Hana  Khalil,St. John\'s University,Chemistry department, Jamaica, NY,3,2.5,N/A,3.0,,13,05/20/2009,CHE1120,1.5,3.0,N/A,N/A,N/A,N/A,,0,1,"I took this proff. for GenChem/Orgo. I only went to four classes (three were exam days), but i hear she preferences those who attend class. I got a 68, 84, 64 on my exams, and I think a 70 on the final. I ended up getting a B in the class, pretty nice curve. She gives extra questions/lets you show work for credit also. I\'d say take her over brown."
Hana  Khalil,St. John\'s University,Chemistry department, Jamaica, NY,3,2.5,N/A,3.0,,13,05/14/2009,CHEM1120,3.0,3.0,N/A,N/A,N/A,N/A,,0,0,Orgo is what you put into it. I don\'t think that the professor makes a difference. language barrier is tough so plan on learning a lot on your own. Tests are ok. Listen to what she says the lecture before the test. She appreciates in-class particiaption and seeing you often. This may help your grade in the end. However she does not take attendance
Hana  Khalil,St. John\'s University,Chemistry department, Jamaica, NY,3,2.5,N/A,3.0,,13,05/14/2009,CHE1120,4.0,2.0,N/A,N/A,N/A,N/A,,1,0,"Dont listen to these ppl.... she wants everyone to do good. she curves all tests...someone who got 9/28 questions right on the test got a 90 for showing work. participate, make sure she knows ur name."
Hana  Khalil,St. John\'s University,Chemistry department, Jamaica, NY,3,2.5,N/A,3.0,,13,05/10/2009,CHEMORGO,1.0,4.0,N/A,N/A,N/A,N/A,,0,1,Speaks her own language. Very poor english. SHE WILL CONFUSE YOU! Her tests are usually based of of Browns exams. HORRIBLE TEACHER. DOESNT KNOW WHAT SHE IS TALKIN ABOUT
Hana  Khalil,St. John\'s University,Chemistry department, Jamaica, NY,3,2.5,N/A,3.0,,13,04/29/2009,CHE1122,1.5,4.0,N/A,N/A,N/A,N/A,,0,1,Recitation wont help! She just freaks out alot.. ALOT .. ask her for take home tests shell do it or just avoid it
Hana  Khalil,St. John\'s University,Chemistry department, Jamaica, NY,3,2.5,N/A,3.0,,13,04/14/2009,CHE1122,1.5,5.0,N/A,N/A,N/A,N/A,,0,1,"Totally useless. Doesn\'t explain anything to you. The information she tells you is inaccurate half the time. Enjoys playing tricks on you, resulting in lower quiz grades. Avoid her recitation, it will NOT help you at all."
Hana  Khalil,St. John\'s University,Chemistry department, Jamaica, NY,3,2.5,N/A,3.0,,13,02/17/2009,RECITCHEM,1.0,5.0,N/A,N/A,N/A,N/A,,0,1,Horrible. the end.
