professor_name,school_name,department_name,local_name,state_name,year_since_first_review,star_rating,take_again,diff_index,tag_professor,num_student,post_date,name_onlines,student_star,student_difficult,attence,for_credits,would_take_agains,grades,stu_tags,help_useful,help_not_useful,comments
Brenna  Geffers,Temple University,Theater department, Philadelphia, PA,6,2.6,N/A,4.0,BEWARE OF POP QUIZZES (6)  Tough Grader (6)  Skip class? You won\'t pass. (4)  Participation matters (4)  GROUP PROJECTS (3),8,04/09/2015,SHAKESPEARE,1.0,5.0,Mandatory,Yes,N/A,A+,BEWARE OF POP QUIZZES  TOUGH GRADER  PARTICIPATION MATTERS,0,0,by far the most difficult worse professor for a gen ed class theres so much work. i dont mind the work but all of her work requires so much effort and deep thinking. it\'s a gen ed class we dont have time to devote 10 hours to do projects on pointless shakespeare stuff
Brenna  Geffers,Temple University,Theater department, Philadelphia, PA,6,2.6,N/A,4.0,BEWARE OF POP QUIZZES (6)  Tough Grader (6)  Skip class? You won\'t pass. (4)  Participation matters (4)  GROUP PROJECTS (3),8,12/10/2014,THTR3001001,3.5,4.0,Mandatory,Yes,N/A,B+,PARTICIPATION MATTERS  SKIP CLASS? YOU WON\'T PASS.  GROUP PROJECTS,0,0,"She\'s extremely knowledgeable in theater history. Likes to talk but is open to listen to what students have to say. LOVES to spark controversial convos. But on five separate occasions she didn\'t show for class, and either gave a 30-15 minute warning, or would email the class 4-6 minutes after class. That sucked. Good teacher but not professional."
Brenna  Geffers,Temple University,Theater department, Philadelphia, PA,6,2.6,N/A,4.0,BEWARE OF POP QUIZZES (6)  Tough Grader (6)  Skip class? You won\'t pass. (4)  Participation matters (4)  GROUP PROJECTS (3),8,11/18/2014,SHAKESFILM1,1.5,5.0,N/A,Yes,N/A,N/A,,1,0,she is awful- makes you watch the 2 hour film on your own time and gives a quiz EVERY SINGLE CLASS... so you cant miss ONE class? you have 2 VERY ANALYTICAL group projects that actually require a great deal of effort. all for a gen-ed class. RELAX no one actually cares about this- its a GEN-ED! oh and a 5 page SINGLE SPACED paper as a final.
Brenna  Geffers,Temple University,Theater department, Philadelphia, PA,6,2.6,N/A,4.0,BEWARE OF POP QUIZZES (6)  Tough Grader (6)  Skip class? You won\'t pass. (4)  Participation matters (4)  GROUP PROJECTS (3),8,11/18/2014,SHAKESFILM1,2.0,5.0,Mandatory,Yes,N/A,N/A,SKIP CLASS? YOU WON\'T PASS.  BEWARE OF POP QUIZZES  TOUGH GRADER,0,0,"this class was the worst- she gives a pop quiz every class, you have a group project which she demands everyone to be super creative in and she wants some serious film analyis and acts like everyone should understand shakespeare with NO problems- THIS IS A GEN-ED. chill out. oh and you have a 5 page SINGLE SPACED paper- all for a GEN ED"
Brenna  Geffers,Temple University,Theater department, Philadelphia, PA,6,2.6,N/A,4.0,BEWARE OF POP QUIZZES (6)  Tough Grader (6)  Skip class? You won\'t pass. (4)  Participation matters (4)  GROUP PROJECTS (3),8,11/17/2014,THTR3001,1.5,4.0,N/A,Yes,N/A,N/A,GROUP PROJECTS  BEWARE OF POP QUIZZES  TOUGH GRADER,1,0,"Very condescending in nature. If she doesn\'t like your work, you\'re totally at the mercy of her grading. She gives quizzes every week which can\'t be made up. She tries to be approachable, but talking to her constantly feels like being yelled at. If she doesn\'t like you, prepare to fail. You may not need a book, but the anguish isn\'t worth it."
Brenna  Geffers,Temple University,Theater department, Philadelphia, PA,6,2.6,N/A,4.0,BEWARE OF POP QUIZZES (6)  Tough Grader (6)  Skip class? You won\'t pass. (4)  Participation matters (4)  GROUP PROJECTS (3),8,10/23/2014,26017,1.5,5.0,Mandatory,Yes,N/A,Not,SKIP CLASS? YOU WON\'T PASS.  PARTICIPATION MATTERS  BEWARE OF POP QUIZZES,0,0,"I have a lot to say about this professor. I wouldnt recommend her. She never let\'s you miss class because she gives pop quizzes every class period (im not exaggerating, i wish i was). Miss a class, you won\'t passs. better be prepared to be smart or you will be looked down upon."
Brenna  Geffers,Temple University,Theater department, Philadelphia, PA,6,2.6,N/A,4.0,BEWARE OF POP QUIZZES (6)  Tough Grader (6)  Skip class? You won\'t pass. (4)  Participation matters (4)  GROUP PROJECTS (3),8,10/25/2009,THEA1003,5.0,2.0,N/A,N/A,N/A,N/A,,1,1,"Amazing teacher! Brenna is so open-minded, funny, talented, quirky, cool, and down to earth. This class actually made me feel enlightened and refreshed everyday because of her approach to teaching. She really cares about you and guides you through the material in a fun way. Can\'t say enough good things about her, take her if you get the chance!"
Brenna  Geffers,Temple University,Theater department, Philadelphia, PA,6,2.6,N/A,4.0,BEWARE OF POP QUIZZES (6)  Tough Grader (6)  Skip class? You won\'t pass. (4)  Participation matters (4)  GROUP PROJECTS (3),8,01/27/2009,THEAT2,4.5,2.0,N/A,N/A,N/A,N/A,,0,0,"She is a very kind, very interesting teacher. Since the class is about creativity, a lot is based on discussion. You are given broad assignments that are up to your own interpretation. This is a class, and a teacher, that is very worth taking."
