professor_name,school_name,department_name,local_name,state_name,year_since_first_review,star_rating,take_again,diff_index,tag_professor,num_student,post_date,name_onlines,student_star,student_difficult,attence,for_credits,would_take_agains,grades,stu_tags,help_useful,help_not_useful,comments
H. Kathleen  Vaughan,Arkansas State University - Beebe,Education department, Beebe, AR,4,4.4,N/A,3.1,Gives good feedback (2)  Participation matters (2)  LOTS OF HOMEWORK (1)  Skip class? You won\'t pass. (1),8,08/05/2015,EDU2023,4.0,3.0,Mandatory,Yes,N/A,A,GIVES GOOD FEEDBACK  PARTICIPATION MATTERS  LOTS OF HOMEWORK,0,0,This was my third class to take with Ms. Vaughan.. I love her! I took Intro to Teaching online. You have to do 30 hours of observation in one classroom as well as two service projects and other homework. If you haven\'t taken Ms. Vaughan in class I wouldn\'t recommend starting out taking her online. She is much better at explaining in person.
H. Kathleen  Vaughan,Arkansas State University - Beebe,Education department, Beebe, AR,4,4.4,N/A,3.1,Gives good feedback (2)  Participation matters (2)  LOTS OF HOMEWORK (1)  Skip class? You won\'t pass. (1),8,12/10/2014,ECH2013,3.5,4.0,Mandatory,Yes,N/A,B,SKIP CLASS? YOU WON\'T PASS.  PARTICIPATION MATTERS  GIVES GOOD FEEDBACK,0,0,Love Ms Vaughan! In this class you have to do 6 hrs of observations but if you ever need help she will help you! She used to be a kindergarten teacher and principal so she knows what she\'s talking about!
H. Kathleen  Vaughan,Arkansas State University - Beebe,Education department, Beebe, AR,4,4.4,N/A,3.1,Gives good feedback (2)  Participation matters (2)  LOTS OF HOMEWORK (1)  Skip class? You won\'t pass. (1),8,04/21/2014,ECH2013,4.0,2.0,Mandatory,N/A,N/A,A+,,0,0,"Super fantastic teacher. I\'ve had four classes with her. She does have favorites, but really she just expects you to do your work and follow her rules for observations. Homework is super easy. Observations just require you to go to the school, observe correctly, and present it. Have confidence! :)"
H. Kathleen  Vaughan,Arkansas State University - Beebe,Education department, Beebe, AR,4,4.4,N/A,3.1,Gives good feedback (2)  Participation matters (2)  LOTS OF HOMEWORK (1)  Skip class? You won\'t pass. (1),8,12/31/2012,ECH2013,5.0,1.0,N/A,N/A,N/A,N/A,,0,0,"I love Ms. Vaughan. She is very willing to work with her students outside of class, unlike most teachers at ASUB. If you can\'t afford a book, you better make friends with someone in your class so you can do homework and read in class. There\'s a lot of nonsense work, but what she teaches is relavent and you\'ll remember it!"
H. Kathleen  Vaughan,Arkansas State University - Beebe,Education department, Beebe, AR,4,4.4,N/A,3.1,Gives good feedback (2)  Participation matters (2)  LOTS OF HOMEWORK (1)  Skip class? You won\'t pass. (1),8,06/21/2012,EDU2023,5.0,3.0,N/A,N/A,N/A,N/A,,0,0,"So glad I had her as a teacher, I learned so much! :)"
H. Kathleen  Vaughan,Arkansas State University - Beebe,Education department, Beebe, AR,4,4.4,N/A,3.1,Gives good feedback (2)  Participation matters (2)  LOTS OF HOMEWORK (1)  Skip class? You won\'t pass. (1),8,06/14/2012,ECE1,4.5,4.0,N/A,N/A,N/A,N/A,,0,0,"Can\'t ask for a better teacher! She expects a lot from her students, but if you are serious about becoming a teacher, this is the class to take. You will learn a lot. She gives a ton of homework and you will have observations, so be ready to work. I would not suggest taking more than one of her classes at a time. You WILL need a book!"
H. Kathleen  Vaughan,Arkansas State University - Beebe,Education department, Beebe, AR,4,4.4,N/A,3.1,Gives good feedback (2)  Participation matters (2)  LOTS OF HOMEWORK (1)  Skip class? You won\'t pass. (1),8,11/04/2011,ECH2023,4.5,4.0,N/A,N/A,N/A,N/A,,0,0,"I have had Mrs. Vaughan for both child dev & survery of early childhood, she is an awesome woman with a big heart. she loves to teach-so be ready to learn! you must have the book to pass. she gives some busywork & observations. overall the class is fun & you really will learn if you take her. i even learned a life lesson or two..TAKE VAUGHAN!"
H. Kathleen  Vaughan,Arkansas State University - Beebe,Education department, Beebe, AR,4,4.4,N/A,3.1,Gives good feedback (2)  Participation matters (2)  LOTS OF HOMEWORK (1)  Skip class? You won\'t pass. (1),8,03/23/2011,ECHECH,4.5,4.0,N/A,N/A,N/A,N/A,,1,0,"Mrs. Vaughan is a VERY helpful teacher. Yes, she does expect a lot, but if you keep up with the work, there is no reason you shouldn\'t get an A or a B. I wouldn\'t recommend taking more than 1 or 2 of her classes per semester. She loves her job and her students, and she\'s very passionate about teaching! I don\'t regret taking her classes one bit."
