professor_name,school_name,department_name,local_name,state_name,year_since_first_review,star_rating,take_again,diff_index,tag_professor,num_student,post_date,name_onlines,student_star,student_difficult,attence,for_credits,would_take_agains,grades,stu_tags,help_useful,help_not_useful,comments
Gary  King,Louisiana State University,Biology department, Baton Rouge, LA,8.0,3.8,N/A,3.7,Participation matters (3)  Inspirational (2)  Respected (2)  Tough Grader (1)  Caring (1)  Amazing lectures (1)  Get ready to read (1),6,04/01/2017,BIOL4125,5.0,3.0,Mandatory,Yes,Yes,N/A,PARTICIPATION MATTERS  RESPECTED  INSPIRATIONAL,0,0,Great guy and very helpful if you see him in office hours. Very knowledgeable about microbes. Would take him again. Excellent t shirt choices.
Gary  King,Louisiana State University,Biology department, Baton Rouge, LA,8.0,3.8,N/A,3.7,Participation matters (3)  Inspirational (2)  Respected (2)  Tough Grader (1)  Caring (1)  Amazing lectures (1)  Get ready to read (1),6,01/06/2017,HNRS2000,5.0,2.0,Mandatory,Yes,Yes,A,CARING  PARTICIPATION MATTERS,1,0,GK was an amazing honors 2000 professor. He truly cares about the material and students in his class. He appreciates participation and wants all of his students to do well. Would definitely reccomend
Gary  King,Louisiana State University,Biology department, Baton Rouge, LA,8.0,3.8,N/A,3.7,Participation matters (3)  Inspirational (2)  Respected (2)  Tough Grader (1)  Caring (1)  Amazing lectures (1)  Get ready to read (1),6,01/10/2016,HNRS2000,2.5,3.0,Mandatory,Yes,N/A,A,TOUGH GRADER  PARTICIPATION MATTERS  GET READY TO READ,1,0,"WHY WAR: Though it was a difficult class, I did enjoy having him, enough to want to take him again. He\'s a super tough grader, but if you try hard and participate a lot, he will give you a fair grade in the end. He doesn\'t use moodle. There are tons of lectures which are boring. WARNING: lots of material in class doesn\'t pertain to the final."
Gary  King,Louisiana State University,Biology department, Baton Rouge, LA,8.0,3.8,N/A,3.7,Participation matters (3)  Inspirational (2)  Respected (2)  Tough Grader (1)  Caring (1)  Amazing lectures (1)  Get ready to read (1),6,11/12/2014,BIOL4123,4.5,4.0,Mandatory,Yes,N/A,Not,RESPECTED  INSPIRATIONAL  AMAZING LECTURES,2,0,"Best class ive had at LSU. By far the most knowledgeable,down to earth, and personal proffesor on campus."
Gary  King,Louisiana State University,Biology department, Baton Rouge, LA,8.0,3.8,N/A,3.7,Participation matters (3)  Inspirational (2)  Respected (2)  Tough Grader (1)  Caring (1)  Amazing lectures (1)  Get ready to read (1),6,03/02/2009,BIOL4125,5.0,5.0,N/A,N/A,N/A,N/A,,3,0,Best teacher ever!!
Gary  King,Louisiana State University,Biology department, Baton Rouge, LA,8.0,3.8,N/A,3.7,Participation matters (3)  Inspirational (2)  Respected (2)  Tough Grader (1)  Caring (1)  Amazing lectures (1)  Get ready to read (1),6,01/27/2009,BIOL4123,1.0,5.0,N/A,N/A,N/A,N/A,,0,2,"NO, NO, NO. impossible assignments, the most boring lectures, I learned absolutely nothing"
Gary  King,Louisiana State University,Biology department, Baton Rouge, LA,8.0,3.8,N/A,3.7,Participation matters (3)  Inspirational (2)  Respected (2)  Tough Grader (1)  Caring (1)  Amazing lectures (1)  Get ready to read (1),6,,\r\n \r\n,,,,,,,,0,0,
