professor_name,school_name,department_name,local_name,state_name,year_since_first_review,star_rating,take_again,diff_index,tag_professor,num_student,post_date,name_onlines,student_star,student_difficult,attence,for_credits,would_take_agains,grades,stu_tags,help_useful,help_not_useful,comments
Randi  Rezendes,Bridgewater State University,English department, Bridgewater, MA,9,4.5,N/A,1.6,EXTRA CREDIT (2)  Clear grading criteria (1)  Participation matters (1)  Tough Grader (1)  Gives good feedback (1)  Get ready to read (1)  Caring (1),18,05/09/2018,ENGL254,4.0,2.0,Not Mandatory,Yes,Yes,A,EXTRA CREDIT  GET READY TO READ  CARING,0,0,Professor Rezendes is a great professor. I would definitely take her again. She is an easy grader. You have to read a lot and have many homework assignments but they are easy.
Randi  Rezendes,Bridgewater State University,English department, Bridgewater, MA,9,4.5,N/A,1.6,EXTRA CREDIT (2)  Clear grading criteria (1)  Participation matters (1)  Tough Grader (1)  Gives good feedback (1)  Get ready to read (1)  Caring (1),18,04/23/2018,ENG254,1.0,4.0,Mandatory,Yes,No,N/A,EXTRA CREDIT  TOUGH GRADER  PARTICIPATION MATTERS,0,0,Awful class and awful class setup. The entire semester is based off reading long boring texts and there is an assignment due each class. The class is far too demanding for what it is.
Randi  Rezendes,Bridgewater State University,English department, Bridgewater, MA,9,4.5,N/A,1.6,EXTRA CREDIT (2)  Clear grading criteria (1)  Participation matters (1)  Tough Grader (1)  Gives good feedback (1)  Get ready to read (1)  Caring (1),18,12/09/2015,CSS10130W,4.5,2.0,Mandatory,Yes,N/A,Not,GIVES GOOD FEEDBACK  CLEAR GRADING CRITERIA,1,0,"I found this class to be very draining, but the material we touched upon was actually very useful in teaching about issues that I was worried about when starting college. She is a great professor that gets everything returned in a timely manner and easily connects with her students."
Randi  Rezendes,Bridgewater State University,English department, Bridgewater, MA,9,4.5,N/A,1.6,EXTRA CREDIT (2)  Clear grading criteria (1)  Participation matters (1)  Tough Grader (1)  Gives good feedback (1)  Get ready to read (1)  Caring (1),18,10/14/2014,CSS10131W,5.0,3.0,Mandatory,Yes,N/A,Not,,0,2,"I utterly despise this course, it is needlessly demanding, teaches absolutely nothing useful, and requires grueling hours of study and writing, and it is mandatory for all students regardless of academic focus or age. The only thing that makes this course even remotely bearable is Professor Rezendes. She is helpful, kind and patient."
Randi  Rezendes,Bridgewater State University,English department, Bridgewater, MA,9,4.5,N/A,1.6,EXTRA CREDIT (2)  Clear grading criteria (1)  Participation matters (1)  Tough Grader (1)  Gives good feedback (1)  Get ready to read (1)  Caring (1),18,12/16/2013,ENGL101,5.0,1.0,N/A,N/A,N/A,N/A,,2,0,"Very helpful. Best professor I have had at BSU. Tedious work at times, but it is easy and basic. 4 Papers, 2-3 weeks to complete each. Recommend her!"
Randi  Rezendes,Bridgewater State University,English department, Bridgewater, MA,9,4.5,N/A,1.6,EXTRA CREDIT (2)  Clear grading criteria (1)  Participation matters (1)  Tough Grader (1)  Gives good feedback (1)  Get ready to read (1)  Caring (1),18,12/04/2013,ENGL011,5.0,3.0,Mandatory,N/A,N/A,N/A,,1,0,"She is an awesome professor! Really gets students involved in class discussions and is super helpful. She is pretty laid back and will generally accept late work, as long as she thinks you put in the effort. Easy homework assignments, a few essays, no midterm, and a take home final. She really taught me a lot about english!"
Randi  Rezendes,Bridgewater State University,English department, Bridgewater, MA,9,4.5,N/A,1.6,EXTRA CREDIT (2)  Clear grading criteria (1)  Participation matters (1)  Tough Grader (1)  Gives good feedback (1)  Get ready to read (1)  Caring (1),18,11/12/2013,ENGL102,4.5,1.0,Mandatory,N/A,N/A,N/A,,0,0,"She is a very nice teacher, and cancels class frequently which is a plus. Very easy class to pass."
Randi  Rezendes,Bridgewater State University,English department, Bridgewater, MA,9,4.5,N/A,1.6,EXTRA CREDIT (2)  Clear grading criteria (1)  Participation matters (1)  Tough Grader (1)  Gives good feedback (1)  Get ready to read (1)  Caring (1),18,04/19/2013,ENGL199,2.5,3.0,N/A,N/A,N/A,N/A,,0,0,She is a fair grader. Its 3 Papers and a final paper thats more artistic than anything. Really just show up and have an idea what the reading is and an opinion and you can pass this class.
Randi  Rezendes,Bridgewater State University,English department, Bridgewater, MA,9,4.5,N/A,1.6,EXTRA CREDIT (2)  Clear grading criteria (1)  Participation matters (1)  Tough Grader (1)  Gives good feedback (1)  Get ready to read (1)  Caring (1),18,12/10/2012,ENGL101,5.0,1.0,N/A,N/A,N/A,N/A,,0,0,"Awesome professor, you can tell how much she cares about her students just from the way she presents herself in the classroom. Only assignments you\'ll ever do are free writing prompts and 4 essays, plus a final reflection. Definitely take her if you want to actually enjoy going to an 8am and get an A."
Randi  Rezendes,Bridgewater State University,English department, Bridgewater, MA,9,4.5,N/A,1.6,EXTRA CREDIT (2)  Clear grading criteria (1)  Participation matters (1)  Tough Grader (1)  Gives good feedback (1)  Get ready to read (1)  Caring (1),18,11/08/2012,ENGL101,5.0,1.0,N/A,N/A,N/A,N/A,,0,0,"Very easy professor! She is always there to help you with any assignment. Doesn\'t make you participate in class, but she certainly encourages you to. No exams, just short writing prompts at the beginning of each class and four papers the whole semester. Take her if you actually want an A/want to learn!"
Randi  Rezendes,Bridgewater State University,English department, Bridgewater, MA,9,4.5,N/A,1.6,EXTRA CREDIT (2)  Clear grading criteria (1)  Participation matters (1)  Tough Grader (1)  Gives good feedback (1)  Get ready to read (1)  Caring (1),18,04/12/2012,ENG102,5.0,2.0,N/A,N/A,N/A,N/A,,0,0,She is very nice and helpful. Overall the class is good but she does require class participation and lectures frequently. Overall she\'s okay.
Randi  Rezendes,Bridgewater State University,English department, Bridgewater, MA,9,4.5,N/A,1.6,EXTRA CREDIT (2)  Clear grading criteria (1)  Participation matters (1)  Tough Grader (1)  Gives good feedback (1)  Get ready to read (1)  Caring (1),18,11/21/2011,ENG199,4.5,1.0,N/A,N/A,N/A,N/A,,0,0,Really nice lady who\'s enthusiastic without going over the top and shoving it down your throat. She\'s perfectly fine with you disliking her class. Always willing to help and is easy if you do the work. Very open to opinions. Very tranquil person.
Randi  Rezendes,Bridgewater State University,English department, Bridgewater, MA,9,4.5,N/A,1.6,EXTRA CREDIT (2)  Clear grading criteria (1)  Participation matters (1)  Tough Grader (1)  Gives good feedback (1)  Get ready to read (1)  Caring (1),18,11/21/2011,ENG199,5.0,1.0,N/A,N/A,N/A,N/A,,0,0,"Had her for a science fiction seminar. She encourages participation, but she\'s a great teacher!"
Randi  Rezendes,Bridgewater State University,English department, Bridgewater, MA,9,4.5,N/A,1.6,EXTRA CREDIT (2)  Clear grading criteria (1)  Participation matters (1)  Tough Grader (1)  Gives good feedback (1)  Get ready to read (1)  Caring (1),18,11/30/2009,ENG101,5.0,1.0,N/A,N/A,N/A,N/A,,0,0,"She\'s a great teacher! Love her, i\'m trying so hard to get in to her writing 2 class,lol. She\'s so cool"
Randi  Rezendes,Bridgewater State University,English department, Bridgewater, MA,9,4.5,N/A,1.6,EXTRA CREDIT (2)  Clear grading criteria (1)  Participation matters (1)  Tough Grader (1)  Gives good feedback (1)  Get ready to read (1)  Caring (1),18,11/19/2009,ENG101,5.0,1.0,N/A,N/A,N/A,N/A,,0,0,"Amazing teacher, makes me want to attend class. I want to take her class for Writing 2, but her class time doesn\'t fit my schedule. She is very helpful, doesn\'t make it necessary to speak in class, but tries her hardest to get you involved. She grades fairly, just do the work & hand it in when it\'s due and you\'ll have an A. Great person, too."
Randi  Rezendes,Bridgewater State University,English department, Bridgewater, MA,9,4.5,N/A,1.6,EXTRA CREDIT (2)  Clear grading criteria (1)  Participation matters (1)  Tough Grader (1)  Gives good feedback (1)  Get ready to read (1)  Caring (1),18,08/22/2009,ENG101,5.0,1.0,N/A,N/A,N/A,N/A,,1,0,"Loved her,time went by really fast.Very attentive to her students. Essays are clear and straight forward. Always willing to help if you have any questions and she gives you plenty of time to do the essays. First draft are needed to see if you can improve always glad to give feed back. If you do the work its an easy A just put in the effort.Take her"
Randi  Rezendes,Bridgewater State University,English department, Bridgewater, MA,9,4.5,N/A,1.6,EXTRA CREDIT (2)  Clear grading criteria (1)  Participation matters (1)  Tough Grader (1)  Gives good feedback (1)  Get ready to read (1)  Caring (1),18,05/06/2009,ENGL101,5.0,1.0,N/A,N/A,N/A,N/A,,0,0,"She\'s a great teacher extremely nice, very easy. Not much work and essays are easy. She allows 3-5 absences and class flies by. I recommend her for writing one."
Randi  Rezendes,Bridgewater State University,English department, Bridgewater, MA,9,4.5,N/A,1.6,EXTRA CREDIT (2)  Clear grading criteria (1)  Participation matters (1)  Tough Grader (1)  Gives good feedback (1)  Get ready to read (1)  Caring (1),18,04/23/2009,ENGLENGL,4.5,1.0,N/A,N/A,N/A,N/A,,0,0,"She was really easy for writing one. Classes weren\'t bad at all and time flew by. We had a lot of time for writing assignments and they weren\'t that long either. No final for the class, very helpful and gave extra credit. She is cool and I\'m Facebook friends with her. Take her for an easy A. (And yes, you do learn from her also. PS she likes cats.)"
