professor_name,school_name,department_name,local_name,state_name,year_since_first_review,star_rating,take_again,diff_index,tag_professor,num_student,post_date,name_onlines,student_star,student_difficult,attence,for_credits,would_take_agains,grades,stu_tags,help_useful,help_not_useful,comments
Nancy  Walker,Tulsa Community College,Nursing department, Tulsa, OK,5,4.1,N/A,3.0,,6,04/20/2014,OB,5.0,3.0,Mandatory,N/A,N/A,A,,0,0,Nancy and Gayle are the best ever!
Nancy  Walker,Tulsa Community College,Nursing department, Tulsa, OK,5,4.1,N/A,3.0,,6,12/07/2010,NURS2423,5.0,1.0,N/A,N/A,N/A,N/A,,0,0,"I loved her class. She is nurturing to her students and has obvious passion for what she is teaching. She has been, by far, my favorite nursing instructor."
Nancy  Walker,Tulsa Community College,Nursing department, Tulsa, OK,5,4.1,N/A,3.0,,6,11/17/2009,NUR2423,5.0,4.0,N/A,N/A,N/A,N/A,,0,0,I enjoyed this instructor and thought that she was very detailed. She took the time to meet with you and go over any information that was not clear. I retained more in this class than I have in any of my other classes.
Nancy  Walker,Tulsa Community College,Nursing department, Tulsa, OK,5,4.1,N/A,3.0,,6,04/25/2009,NUROB,4.5,2.0,N/A,N/A,N/A,N/A,,0,0,"Very Much Enjoy Nancy\'s class. She\'s straight forward, and informative. Not sure why someone would say ""reads from the book"" - if so, she changed! she gives great lectures - and yes, you do need to watch the online lectures! I\'d take her every semester if I could!"
Nancy  Walker,Tulsa Community College,Nursing department, Tulsa, OK,5,4.1,N/A,3.0,,6,02/26/2009,NUR2426,4.0,3.0,N/A,N/A,N/A,N/A,,0,0,"Nancy is a good instructor and it is obvious that OB is her world. I\'m in the bridge program. Her tests aren\'t bad, but you must watch the streaming videos to pass. She is willing to meet with you and help you if needed. Just watch the videos, work on your care plans and you will be fine!"
Nancy  Walker,Tulsa Community College,Nursing department, Tulsa, OK,5,4.1,N/A,3.0,,6,01/28/2009,NUR2423,1.0,5.0,N/A,N/A,N/A,N/A,,0,0,"I can?t believe TCC employ\'s this women. She just read from the book is unfamiliar with the material and rude to students. She changes her syllabus to fit her own needs. When you ask questions she makes you feel stupid and mocks students in class. She isn\'t clear when covering material. Never keeps office hours. Without a doubt, this woman was the"
