professor_name,school_name,department_name,local_name,state_name,year_since_first_review,star_rating,take_again,diff_index,tag_professor,num_student,post_date,name_onlines,student_star,student_difficult,attence,for_credits,would_take_agains,grades,stu_tags,help_useful,help_not_useful,comments
Brendan  Lalor,Castleton University,Philosophy department, Castleton, VT,5,3.1,N/A,2.4,,8,03/10/2014,C14SPPHI1040,5.0,2.0,Not Mandatory,N/A,N/A,N/A,,1,0,"Lalor is one of the best professors i\'ve ever had. he\'s knowledgeable, personable and just an all around nice guy. as long as you actually do the reading and try to become involved in the course, you\'ll do fine. he\'s always willing to help students and the readings are really insightful."
Brendan  Lalor,Castleton University,Philosophy department, Castleton, VT,5,3.1,N/A,2.4,,8,05/07/2012,PHI1010,4.0,2.0,N/A,N/A,N/A,N/A,,1,0,Fun teacher.. always upbeat.. personable guy! :)
Brendan  Lalor,Castleton University,Philosophy department, Castleton, VT,5,3.1,N/A,2.4,,8,09/17/2009,CPHIL1013,5.0,1.0,N/A,N/A,N/A,N/A,,0,2,So if I agree with him I don\'t have to work? Kewl beenz :0)
Brendan  Lalor,Castleton University,Philosophy department, Castleton, VT,5,3.1,N/A,2.4,,8,08/04/2009,PHIL3303,4.0,5.0,N/A,N/A,N/A,N/A,,0,0,"Took him when he was still teaching at University of Central OK. He\'s smart, he\'s passionate, he believes in social justice enough to put his money where his mouth is, not just words. You have to work if you disagree with him. Everyone would benefit from taking a course."
Brendan  Lalor,Castleton University,Philosophy department, Castleton, VT,5,3.1,N/A,2.4,,8,07/02/2009,PHIL1010,1.5,1.0,N/A,N/A,N/A,N/A,,0,0,Meh...he\'s alright. Write a halfway crappy song and you\'re in.
Brendan  Lalor,Castleton University,Philosophy department, Castleton, VT,5,3.1,N/A,2.4,,8,05/22/2009,PHIL1010,1.0,4.0,N/A,N/A,N/A,N/A,,0,0,"He is a nice guy, i\'ll give him that. but he doesn\'t give you any leverage if you don\'t understand the material. Atleast thats how it seemed to me. I felt like he only taught what he wanted the class to hear. I did not like his teaching methods."
Brendan  Lalor,Castleton University,Philosophy department, Castleton, VT,5,3.1,N/A,2.4,,8,05/10/2009,PHIL1010,3.5,3.0,N/A,N/A,N/A,N/A,,0,0,"I think that Professor Lalor is one of the nicest professors at our college. He is more than willing to help anyone in the class. Lalor doesn\'t put down other majors, he actually incorporates them into his lectures so everyone can understand. If he were closed minded would he encourage students to write their own songs to perform during class?"
Brendan  Lalor,Castleton University,Philosophy department, Castleton, VT,5,3.1,N/A,2.4,,8,01/27/2009,PHIL0123,1.0,1.0,N/A,N/A,N/A,N/A,,0,1,Hey!!! Look kids!!! A walking and talking cliche!!! Wow.
