professor_name,school_name,department_name,local_name,state_name,year_since_first_review,star_rating,take_again,diff_index,tag_professor,num_student,post_date,name_onlines,student_star,student_difficult,attence,for_credits,would_take_agains,grades,stu_tags,help_useful,help_not_useful,comments
Therese  Grisham,Columbia College Chicago,Film department, Chicago, IL,8,2.6,N/A,3.8,,4,12/22/2017,HUM160,1.0,4.0,N/A,Yes,No,N/A,,0,0,She didn\'t give any feedback for our work no grades were posted nor papers given back to see how you did or if you can learn for the mistakes you made.
Therese  Grisham,Columbia College Chicago,Film department, Chicago, IL,8,2.6,N/A,3.8,,4,06/24/2010,PHILFILM,4.5,3.0,N/A,N/A,N/A,N/A,,0,0,I don\'t understand the lukewarm reviews here. Disregard them. She is a great teacher and it\'s a very engaging class.
Therese  Grisham,Columbia College Chicago,Film department, Chicago, IL,8,2.6,N/A,3.8,,4,06/08/2009,HOC12,3.0,5.0,N/A,N/A,N/A,N/A,,0,0,"She knows her history very well and always has good suggestions for improving essays, but sometimes her comments are contradictictive and it\'s difficult to keep up with what she says during lecture because she has poor handwriting. I did, however, find the online notes and clips helpful."
Therese  Grisham,Columbia College Chicago,Film department, Chicago, IL,8,2.6,N/A,3.8,,4,01/27/2009,FILM1500,2.0,3.0,N/A,N/A,N/A,N/A,,0,0,"She changed the test format in the middle of the semester. The notes you print off line are worthless, and she talks too fast while including information not found in the book that will be on the test. With the term paper, each draft she finds stuff she didn\'t like about that she didn\'t include on the previous draft. After you can change it."
