professor_name,school_name,department_name,local_name,state_name,year_since_first_review,star_rating,take_again,diff_index,tag_professor,num_student,post_date,name_onlines,student_star,student_difficult,attence,for_credits,would_take_agains,grades,stu_tags,help_useful,help_not_useful,comments
William  Jenkins,Mercer University,Psychology department, Macon, GA,7,4.5,N/A,2.2,Respected (2)  Amazing lectures (2)  Skip class? You won\'t pass. (2)  ACCESSIBLE OUTSIDE CLASS (2)  Caring (2)  Clear grading criteria (1)  EXTRA CREDIT (1)  Tough Grader (1)  TEST HEAVY (1)  SO MANY PAPERS (1)  Gives good feedback (1)  LECTURE HEAVY (1)  Inspirational (1),17,12/23/2016,PSY101,5.0,3.0,Not Mandatory,Yes,Yes,N/A,ACCESSIBLE OUTSIDE CLASS  RESPECTED  LECTURE HEAVY,0,0,"Great experience, heavy lectures but relates subject material to example so that are easy to memorize. Willing to answer all questions and works with you. Often clarified info without having to be asked so you would understand. Only problem being three sources of notes that you had to memorize all of them in order to really succeed. Would take agai"
William  Jenkins,Mercer University,Psychology department, Macon, GA,7,4.5,N/A,2.2,Respected (2)  Amazing lectures (2)  Skip class? You won\'t pass. (2)  ACCESSIBLE OUTSIDE CLASS (2)  Caring (2)  Clear grading criteria (1)  EXTRA CREDIT (1)  Tough Grader (1)  TEST HEAVY (1)  SO MANY PAPERS (1)  Gives good feedback (1)  LECTURE HEAVY (1)  Inspirational (1),17,12/14/2016,PSY101,4.0,3.0,Not Mandatory,Yes,Yes,C,ACCESSIBLE OUTSIDE CLASS  CLEAR GRADING CRITERIA  SKIP CLASS? YOU WON\'T PASS.,0,0,You don\'t have to buy a textbook. He uses Openstax and his powerpoints follow the textbook.
William  Jenkins,Mercer University,Psychology department, Macon, GA,7,4.5,N/A,2.2,Respected (2)  Amazing lectures (2)  Skip class? You won\'t pass. (2)  ACCESSIBLE OUTSIDE CLASS (2)  Caring (2)  Clear grading criteria (1)  EXTRA CREDIT (1)  Tough Grader (1)  TEST HEAVY (1)  SO MANY PAPERS (1)  Gives good feedback (1)  LECTURE HEAVY (1)  Inspirational (1),17,12/13/2016,PSY212,3.0,4.0,Not Mandatory,Yes,Yes,C,TOUGH GRADER  TEST HEAVY  SKIP CLASS? YOU WON\'T PASS.,0,0,"Dr. Jenkins is a great professor and an easily approachable guy. However, his classes are pretty difficult so paying attention in class and following along in the books are a must in the class. His tests are easily the hardest among Psych classes I\'ve taken but he is always available for questions."
William  Jenkins,Mercer University,Psychology department, Macon, GA,7,4.5,N/A,2.2,Respected (2)  Amazing lectures (2)  Skip class? You won\'t pass. (2)  ACCESSIBLE OUTSIDE CLASS (2)  Caring (2)  Clear grading criteria (1)  EXTRA CREDIT (1)  Tough Grader (1)  TEST HEAVY (1)  SO MANY PAPERS (1)  Gives good feedback (1)  LECTURE HEAVY (1)  Inspirational (1),17,01/24/2016,INT101,5.0,2.0,Not Mandatory,Yes,N/A,A,INSPIRATIONAL  EXTRA CREDIT  SO MANY PAPERS,1,0,"Dr. Jenkins is a friendly, fairly easy teacher. For those planning to take him for INT 101 -- Be prepared to write papers. He does give a good amount of time for you to write them. 5-7 pages is the average paper length in his class. He\'s very tough on citations so make sure you\'ve got APA style down. The SIs will help you tremendously with papers!"
William  Jenkins,Mercer University,Psychology department, Macon, GA,7,4.5,N/A,2.2,Respected (2)  Amazing lectures (2)  Skip class? You won\'t pass. (2)  ACCESSIBLE OUTSIDE CLASS (2)  Caring (2)  Clear grading criteria (1)  EXTRA CREDIT (1)  Tough Grader (1)  TEST HEAVY (1)  SO MANY PAPERS (1)  Gives good feedback (1)  LECTURE HEAVY (1)  Inspirational (1),17,04/20/2015,PSY212,4.5,2.0,N/A,Yes,N/A,N/A,CARING  AMAZING LECTURES  RESPECTED,0,0,"Drugs and Behavior is a fantastic course and I would recommend anyone studying psychology to take it. Dr. Jenkins definitely knows the material and is passionate about it, and it is evident in his lectures. Class is optional, but skipping class will not do you any favors because the tests typically are lecture-heavy."
William  Jenkins,Mercer University,Psychology department, Macon, GA,7,4.5,N/A,2.2,Respected (2)  Amazing lectures (2)  Skip class? You won\'t pass. (2)  ACCESSIBLE OUTSIDE CLASS (2)  Caring (2)  Clear grading criteria (1)  EXTRA CREDIT (1)  Tough Grader (1)  TEST HEAVY (1)  SO MANY PAPERS (1)  Gives good feedback (1)  LECTURE HEAVY (1)  Inspirational (1),17,10/26/2014,PSY212,5.0,2.0,N/A,Yes,N/A,N/A,GIVES GOOD FEEDBACK  AMAZING LECTURES  CARING,0,1,"Drugs & Behavior is an excellent class. Bill is very passionate and very knowledgeable about drugs from an academic standpoint. He did his post-doc on drugs. His lectures are thorough, but you will still need to readskim the book for tests. He gives feedback quickly, and it is really useful feedback."
William  Jenkins,Mercer University,Psychology department, Macon, GA,7,4.5,N/A,2.2,Respected (2)  Amazing lectures (2)  Skip class? You won\'t pass. (2)  ACCESSIBLE OUTSIDE CLASS (2)  Caring (2)  Clear grading criteria (1)  EXTRA CREDIT (1)  Tough Grader (1)  TEST HEAVY (1)  SO MANY PAPERS (1)  Gives good feedback (1)  LECTURE HEAVY (1)  Inspirational (1),17,10/03/2012,INT014,4.5,4.0,N/A,N/A,N/A,N/A,,0,0,"One of my favorite freshman professors. His INT class is difficult, but definitely prepares you for scientific writing. Very helpful and friendly."
William  Jenkins,Mercer University,Psychology department, Macon, GA,7,4.5,N/A,2.2,Respected (2)  Amazing lectures (2)  Skip class? You won\'t pass. (2)  ACCESSIBLE OUTSIDE CLASS (2)  Caring (2)  Clear grading criteria (1)  EXTRA CREDIT (1)  Tough Grader (1)  TEST HEAVY (1)  SO MANY PAPERS (1)  Gives good feedback (1)  LECTURE HEAVY (1)  Inspirational (1),17,05/17/2011,PSY302,5.0,2.0,N/A,N/A,N/A,N/A,,0,1,"An approachable and laid-back teacher who is always well-prepared with both work and knowledge. Very reasonable. He was my teacher and mentor, and miss him now that I\'ve graduated. Pay attention in class and take his studying suggestions seriously and you\'ll do well!"
William  Jenkins,Mercer University,Psychology department, Macon, GA,7,4.5,N/A,2.2,Respected (2)  Amazing lectures (2)  Skip class? You won\'t pass. (2)  ACCESSIBLE OUTSIDE CLASS (2)  Caring (2)  Clear grading criteria (1)  EXTRA CREDIT (1)  Tough Grader (1)  TEST HEAVY (1)  SO MANY PAPERS (1)  Gives good feedback (1)  LECTURE HEAVY (1)  Inspirational (1),17,12/22/2010,PSYCH302,5.0,2.0,N/A,N/A,N/A,N/A,,0,0,"Bill is awesome! His class was sooo much fun! We would take the first 5 mins to talk about whatever is on our mind then get down to work! Very important to attend class and take good notes! If you do, you will do well on exams. Also, take good notes on the ""conceptual"" material, not just the math, because that will be the MC part of test."
William  Jenkins,Mercer University,Psychology department, Macon, GA,7,4.5,N/A,2.2,Respected (2)  Amazing lectures (2)  Skip class? You won\'t pass. (2)  ACCESSIBLE OUTSIDE CLASS (2)  Caring (2)  Clear grading criteria (1)  EXTRA CREDIT (1)  Tough Grader (1)  TEST HEAVY (1)  SO MANY PAPERS (1)  Gives good feedback (1)  LECTURE HEAVY (1)  Inspirational (1),17,08/24/2010,PSY101,4.0,2.0,N/A,N/A,N/A,N/A,,0,0,"Dr Jenkins was a great teacher. Although he taught from powerpoint presentations, he still managed to keep class interesting. Very passionate about psychology and teaching. Book is not needed, as long as you take good notes every lecture and pay attention to the video clips. It\'s probably the best 9 AM class i\'ll ever take."
William  Jenkins,Mercer University,Psychology department, Macon, GA,7,4.5,N/A,2.2,Respected (2)  Amazing lectures (2)  Skip class? You won\'t pass. (2)  ACCESSIBLE OUTSIDE CLASS (2)  Caring (2)  Clear grading criteria (1)  EXTRA CREDIT (1)  Tough Grader (1)  TEST HEAVY (1)  SO MANY PAPERS (1)  Gives good feedback (1)  LECTURE HEAVY (1)  Inspirational (1),17,07/22/2010,PSY101,4.0,1.0,N/A,N/A,N/A,N/A,,0,0,Great professor!! He is extremely laid back and feels his classes should be as well. Very open discussion format; nothing is off limits! Take him if you can!
William  Jenkins,Mercer University,Psychology department, Macon, GA,7,4.5,N/A,2.2,Respected (2)  Amazing lectures (2)  Skip class? You won\'t pass. (2)  ACCESSIBLE OUTSIDE CLASS (2)  Caring (2)  Clear grading criteria (1)  EXTRA CREDIT (1)  Tough Grader (1)  TEST HEAVY (1)  SO MANY PAPERS (1)  Gives good feedback (1)  LECTURE HEAVY (1)  Inspirational (1),17,05/06/2010,SCI101,3.5,1.0,N/A,N/A,N/A,N/A,,0,0,Dr. Bill was really easy going and laid back we made lots of jokes and he was right there making them with us. I liked how most of his class was in an open class discussion format. If I needed a class he taught I would look for him again. It was hard to study for because I didn\'t have any clue as to what he thought was important enough to test over
William  Jenkins,Mercer University,Psychology department, Macon, GA,7,4.5,N/A,2.2,Respected (2)  Amazing lectures (2)  Skip class? You won\'t pass. (2)  ACCESSIBLE OUTSIDE CLASS (2)  Caring (2)  Clear grading criteria (1)  EXTRA CREDIT (1)  Tough Grader (1)  TEST HEAVY (1)  SO MANY PAPERS (1)  Gives good feedback (1)  LECTURE HEAVY (1)  Inspirational (1),17,04/19/2010,PSY101,5.0,1.0,N/A,N/A,N/A,N/A,,0,1,AWSOME!By far the best professor here. Don\'t buy the textbook its pointless but do attend class even though its not mandatory. As long as you go to class and see him if you\'re having trouble you\'ll make an A
William  Jenkins,Mercer University,Psychology department, Macon, GA,7,4.5,N/A,2.2,Respected (2)  Amazing lectures (2)  Skip class? You won\'t pass. (2)  ACCESSIBLE OUTSIDE CLASS (2)  Caring (2)  Clear grading criteria (1)  EXTRA CREDIT (1)  Tough Grader (1)  TEST HEAVY (1)  SO MANY PAPERS (1)  Gives good feedback (1)  LECTURE HEAVY (1)  Inspirational (1),17,03/29/2010,PSY101,5.0,1.0,N/A,N/A,N/A,N/A,,0,0,Dr. Jenkins is a great teacher. This is a good class for both slackers and people who want to learn. He\'s easy and fair but will take the time to expalin any and every thing that you care to ask him about. He posts his lectures but some test questions (very few) come from in class discussions. You can pass even if you don\'t show up.
William  Jenkins,Mercer University,Psychology department, Macon, GA,7,4.5,N/A,2.2,Respected (2)  Amazing lectures (2)  Skip class? You won\'t pass. (2)  ACCESSIBLE OUTSIDE CLASS (2)  Caring (2)  Clear grading criteria (1)  EXTRA CREDIT (1)  Tough Grader (1)  TEST HEAVY (1)  SO MANY PAPERS (1)  Gives good feedback (1)  LECTURE HEAVY (1)  Inspirational (1),17,03/26/2010,PSY101,4.5,1.0,N/A,N/A,N/A,N/A,,0,0,"Easy teacher, but effective. Tests come from the lectures. You don\'t need to attend them, but they are really interesting because he is a funny lecturer. The book is used as a backup reference. He\'s a great, fair teacher."
William  Jenkins,Mercer University,Psychology department, Macon, GA,7,4.5,N/A,2.2,Respected (2)  Amazing lectures (2)  Skip class? You won\'t pass. (2)  ACCESSIBLE OUTSIDE CLASS (2)  Caring (2)  Clear grading criteria (1)  EXTRA CREDIT (1)  Tough Grader (1)  TEST HEAVY (1)  SO MANY PAPERS (1)  Gives good feedback (1)  LECTURE HEAVY (1)  Inspirational (1),17,11/11/2009,PSY101,4.0,2.0,N/A,N/A,N/A,N/A,,0,0,"i have him for intro to psych, he\'s a good teacher and the lectures are actually interesting. he doesn\'t take attendance which is nice because sometimes i don\'t feel like getting up for a 9:00 class. if you take good notes and study them, you\'ll do good on the tests. i recommend him."
William  Jenkins,Mercer University,Psychology department, Macon, GA,7,4.5,N/A,2.2,Respected (2)  Amazing lectures (2)  Skip class? You won\'t pass. (2)  ACCESSIBLE OUTSIDE CLASS (2)  Caring (2)  Clear grading criteria (1)  EXTRA CREDIT (1)  Tough Grader (1)  TEST HEAVY (1)  SO MANY PAPERS (1)  Gives good feedback (1)  LECTURE HEAVY (1)  Inspirational (1),17,10/29/2009,PSY101,5.0,3.0,N/A,N/A,N/A,N/A,,0,0,"Dr. Jenkin\'s is a wonderful professor, loves his subject. Tests aren\'t too difficult, all comes from his lectures, don\'t really need to purchase the book even. Would def. recommend him to anyone needing to take Intro to Psych, he makes it really fun and interesting!"
