professor_name,school_name,department_name,local_name,state_name,year_since_first_review,star_rating,take_again,diff_index,tag_professor,num_student,post_date,name_onlines,student_star,student_difficult,attence,for_credits,would_take_agains,grades,stu_tags,help_useful,help_not_useful,comments
Joanna  Koch,Elmhurst College,Business department, Elmhurst, IL,7,4.3,N/A,2.7,Hilarious (1)  Respected (1),10,01/13/2016,BUS250,4.5,3.0,N/A,Yes,N/A,N/A,HILARIOUS  RESPECTED,0,0,Great professor. Lectures made otherwise boring material somewhat interesting. Does a good job explaining and telling you what to study for each test. Even if you don\'t read it will be hard not to get a B. Really no negative things to say!
Joanna  Koch,Elmhurst College,Business department, Elmhurst, IL,7,4.3,N/A,2.7,Hilarious (1)  Respected (1),10,04/03/2013,BUS250,5.0,2.0,N/A,N/A,N/A,N/A,,0,0,Awesome Teacher! She made such a boring topic so interesting because she\'s so funny! She makes the class fun and I never dread going to it. It was generally very easy as long as you do a little studying for the tests but she will tell you what is exactly on the test. DEFF TAKE! EASY A IF YOU TRY!
Joanna  Koch,Elmhurst College,Business department, Elmhurst, IL,7,4.3,N/A,2.7,Hilarious (1)  Respected (1),10,02/02/2013,BUS250,5.0,2.0,N/A,N/A,N/A,N/A,,0,0,"She is a wonderful teacher! She makes learning a lot of fun! Make sure your on top of your stuff, but she is without a doubt one of the best teachers I have ever had!"
Joanna  Koch,Elmhurst College,Business department, Elmhurst, IL,7,4.3,N/A,2.7,Hilarious (1)  Respected (1),10,01/04/2013,BUS250,5.0,2.0,N/A,N/A,N/A,N/A,,1,0,"She is very clear about what she wants students to learn. The concepts and topics she focuses on are those that she knows from personal experience are important in the business world. She is very easy going with the students, but makes clear what she expects. She made a 3 hour class tolerable with her sense of humor and energy. Highly recommended!"
Joanna  Koch,Elmhurst College,Business department, Elmhurst, IL,7,4.3,N/A,2.7,Hilarious (1)  Respected (1),10,09/19/2012,BUS250,2.0,2.0,N/A,N/A,N/A,N/A,,0,1,Class was extremely hard to follow. She would frequently change the conversation to non-business related topics.
Joanna  Koch,Elmhurst College,Business department, Elmhurst, IL,7,4.3,N/A,2.7,Hilarious (1)  Respected (1),10,07/08/2012,BUS250,2.0,1.0,N/A,N/A,N/A,N/A,,0,0,"This class was easy. In honesty, it was too easy. I would dread going to this class. It was extremely boring. Class consisted of lecture (barely opened book in class). I felt like I barely learned anything useful. If you want an easy A or B take this class. If you actually want to learn something, take another professor."
Joanna  Koch,Elmhurst College,Business department, Elmhurst, IL,7,4.3,N/A,2.7,Hilarious (1)  Respected (1),10,04/02/2010,BUS250,4.5,3.0,N/A,N/A,N/A,N/A,,0,0,"the best class at this college, nobody can beat this prof +++"
Joanna  Koch,Elmhurst College,Business department, Elmhurst, IL,7,4.3,N/A,2.7,Hilarious (1)  Respected (1),10,06/23/2009,BUS250,5.0,4.0,N/A,N/A,N/A,N/A,,0,0,+++
Joanna  Koch,Elmhurst College,Business department, Elmhurst, IL,7,4.3,N/A,2.7,Hilarious (1)  Respected (1),10,06/14/2009,BUS250,4.5,4.0,N/A,N/A,N/A,N/A,,0,0,Cool teacher.
Joanna  Koch,Elmhurst College,Business department, Elmhurst, IL,7,4.3,N/A,2.7,Hilarious (1)  Respected (1),10,01/27/2009,BUS250,5.0,4.0,N/A,N/A,N/A,N/A,,0,0,No Comments
