professor_name,school_name,department_name,local_name,state_name,year_since_first_review,star_rating,take_again,diff_index,tag_professor,num_student,post_date,name_onlines,student_star,student_difficult,attence,for_credits,would_take_agains,grades,stu_tags,help_useful,help_not_useful,comments
Angela  Mollette,University of Maryland - Baltimore,Social Work department, Baltimore, MD,7,4.4,N/A,2.7,Caring (2)  Inspirational (1)  Get ready to read (1)  Respected (1)  Hilarious (1)  Gives good feedback (1),10,07/30/2016,SWCL722,5.0,3.0,N/A,Yes,Yes,N/A,GET READY TO READ  CARING  INSPIRATIONAL,0,0,"Loved the class. Lots of reading. Short homework assignments, two very small quizes (just important points), clear final paper. Her class was a pleasure!"
Angela  Mollette,University of Maryland - Baltimore,Social Work department, Baltimore, MD,7,4.4,N/A,2.7,Caring (2)  Inspirational (1)  Get ready to read (1)  Respected (1)  Hilarious (1)  Gives good feedback (1),10,11/12/2014,631,4.0,1.0,N/A,Yes,Yes,N/A,GIVES GOOD FEEDBACK  RESPECTED,0,0,She goes on tangents and gets off topic a lot but the class is cool and she makes it interesting.
Angela  Mollette,University of Maryland - Baltimore,Social Work department, Baltimore, MD,7,4.4,N/A,2.7,Caring (2)  Inspirational (1)  Get ready to read (1)  Respected (1)  Hilarious (1)  Gives good feedback (1),10,11/10/2014,630,5.0,3.0,Mandatory,Yes,Yes,Not,CARING  HILARIOUS,0,1,"Angela was super helpful and would often go off topic to answer students questions or give tips for our terrible placements. She had many different teaching strategies. She would lecture, do group activities, bring candy. She even suggested the whole class wear pj\'s to class one night. She would teach until 9, but time would fly."
Angela  Mollette,University of Maryland - Baltimore,Social Work department, Baltimore, MD,7,4.4,N/A,2.7,Caring (2)  Inspirational (1)  Get ready to read (1)  Respected (1)  Hilarious (1)  Gives good feedback (1),10,06/19/2013,SWCL722,5.0,4.0,N/A,N/A,N/A,N/A,,0,0,"Angela is fantastic! She is alive and full of energy. There was never a dull moment in this course. I anxiously looked forward to every class. She gave CBT a new meaning.Our last class was held after all papers and tests were completed and although attendance was not required, over 2/3 of the students came which was a true tribute to Angela!"
Angela  Mollette,University of Maryland - Baltimore,Social Work department, Baltimore, MD,7,4.4,N/A,2.7,Caring (2)  Inspirational (1)  Get ready to read (1)  Respected (1)  Hilarious (1)  Gives good feedback (1),10,10/23/2012,SWCL727,5.0,1.0,N/A,N/A,N/A,N/A,,0,0,"Angela is HILARIOUS! absolutely LOVE taking her class. She keeps everything very interesting, especially when she relates it to the real world. I look forward to this class every single week"
Angela  Mollette,University of Maryland - Baltimore,Social Work department, Baltimore, MD,7,4.4,N/A,2.7,Caring (2)  Inspirational (1)  Get ready to read (1)  Respected (1)  Hilarious (1)  Gives good feedback (1),10,06/16/2011,SWPRA0,5.0,1.0,N/A,N/A,N/A,N/A,,0,0,"Some may not like the casual and colloquial tone of this class and Prof but I loved it. Kept a night class entertaining, maintained attention. Only class so far where students have really gotten a good opportunity to process experiences in field/job. Although she acts kinda goofy she takes this work very seriously and that shows too. Recommend!"
Angela  Mollette,University of Maryland - Baltimore,Social Work department, Baltimore, MD,7,4.4,N/A,2.7,Caring (2)  Inspirational (1)  Get ready to read (1)  Respected (1)  Hilarious (1)  Gives good feedback (1),10,01/12/2011,SOWK630,5.0,1.0,N/A,N/A,N/A,N/A,,0,0,Angela does have a brash sense of humor but she won\'t hesitate to tone it down if it\'s offensive for you. She is very relaxed in class and keeps it as interesting as possible. Grades fairly and in a reasonable amount of time. I highly recommend her if you\'re not easily offended!
Angela  Mollette,University of Maryland - Baltimore,Social Work department, Baltimore, MD,7,4.4,N/A,2.7,Caring (2)  Inspirational (1)  Get ready to read (1)  Respected (1)  Hilarious (1)  Gives good feedback (1),10,07/30/2010,SWCL727,2.0,5.0,N/A,N/A,N/A,N/A,,0,0,"Crude, rough, rude. Unreasonable and inflexible. This professor needs to hone her social skills and learn some compassion. Who else docks someone points for absences related to the death of a close family member??? Can\'t recommend this professor."
Angela  Mollette,University of Maryland - Baltimore,Social Work department, Baltimore, MD,7,4.4,N/A,2.7,Caring (2)  Inspirational (1)  Get ready to read (1)  Respected (1)  Hilarious (1)  Gives good feedback (1),10,10/21/2009,SWCL727,4.5,4.0,N/A,N/A,N/A,N/A,,0,0,"Good class, uses the book (an autobiography) as if it is an open case which is helpful for concept application. She uses humor and personal experience to drive points home. Fair but tough with grades. Has class favorites."
Angela  Mollette,University of Maryland - Baltimore,Social Work department, Baltimore, MD,7,4.4,N/A,2.7,Caring (2)  Inspirational (1)  Get ready to read (1)  Respected (1)  Hilarious (1)  Gives good feedback (1),10,01/27/2009,SWCL727,3.5,4.0,N/A,N/A,N/A,N/A,,0,0,Very professional. Does not like test. Very knowledgeable. Difficult but fair grader. Use a lot of humor.
