professor_name,school_name,department_name,local_name,state_name,year_since_first_review,star_rating,take_again,diff_index,tag_professor,num_student,post_date,name_onlines,student_star,student_difficult,attence,for_credits,would_take_agains,grades,stu_tags,help_useful,help_not_useful,comments
Deveri  Kimbro,Idaho State University,English department, Pocatello, ID,1,3.8,N/A,2.8,,5,04/13/2010,ENG101,5.0,1.0,N/A,N/A,N/A,N/A,,0,0,Awesome instructor! Fun class and very helpful
Deveri  Kimbro,Idaho State University,English department, Pocatello, ID,1,3.8,N/A,2.8,,5,03/29/2010,ENGL102,4.0,3.0,N/A,N/A,N/A,N/A,,0,0,fun class with a good teacher. She makes you think!
Deveri  Kimbro,Idaho State University,English department, Pocatello, ID,1,3.8,N/A,2.8,,5,03/11/2010,ENGLI102,5.0,2.0,N/A,N/A,N/A,N/A,,0,0,Very fun class. Learned alot. She grades very fair and i always looked forward to going to her class.
Deveri  Kimbro,Idaho State University,English department, Pocatello, ID,1,3.8,N/A,2.8,,5,05/04/2009,ENG101,4.0,3.0,N/A,N/A,N/A,N/A,,0,0,Great Professor. Really gets the students involved and loves the subject. She leaves the course open to be creative with the matrial.
Deveri  Kimbro,Idaho State University,English department, Pocatello, ID,1,3.8,N/A,2.8,,5,01/26/2009,ENGL101,1.0,5.0,N/A,N/A,N/A,N/A,,0,0,No Comments
