professor_name,school_name,department_name,local_name,state_name,year_since_first_review,star_rating,take_again,diff_index,tag_professor,num_student,post_date,name_onlines,student_star,student_difficult,attence,for_credits,would_take_agains,grades,stu_tags,help_useful,help_not_useful,comments
John  Jurcevic,Baruch College,Mathematics department, New York, NY,1,4.8,N/A,2.1,,7,05/20/2010,MTH2207,4.5,3.0,N/A,N/A,N/A,N/A,,0,0,"Definately NOT an easy class to start off with, but Professor does try to help students. It would have been nice if he was more willing to help students outside of class though. Other than that the department final is horrible, but there is a curve."
John  Jurcevic,Baruch College,Mathematics department, New York, NY,1,4.8,N/A,2.1,,7,12/24/2009,MATH2207,5.0,1.0,N/A,N/A,N/A,N/A,,0,0,"The best calculus professor in Baruch. His explanations are very clear and easy. He makes hard material look easy. He will explain new material to you until you understand it. He gives 3 in-class tests that are based on final exams from previous semester and 10 quizes during the semester. Tests are challenging, but the quizes are very easy. You als"
John  Jurcevic,Baruch College,Mathematics department, New York, NY,1,4.8,N/A,2.1,,7,12/21/2009,CAL2207,5.0,4.0,N/A,N/A,N/A,N/A,,0,0,"He is a great professor!! He is funny, friendly and well dressed. The tests are hard, of course, but he does a great job explaining the complicated material. The book is not mandatory and is not used in class. Personally though I needed the book to study. It helped me do better on the tests."
John  Jurcevic,Baruch College,Mathematics department, New York, NY,1,4.8,N/A,2.1,,7,05/24/2009,MTH2003,4.0,3.0,N/A,N/A,N/A,N/A,,0,0,Prof Jurevcic is a cool guy. U basically MUST pass the math final and do your homeworks; and do the weekly quizzzes. My three test grades were 70 and below; and still got a C. He\'ll get u through it so for people coming out of MTH 1030 take him!
John  Jurcevic,Baruch College,Mathematics department, New York, NY,1,4.8,N/A,2.1,,7,05/14/2009,MTH2003,5.0,2.0,N/A,N/A,N/A,N/A,,0,0,He is very patient with you and answers all your questions in class and through emails. His tests are all based on the problems done in class.
John  Jurcevic,Baruch College,Mathematics department, New York, NY,1,4.8,N/A,2.1,,7,05/13/2009,MTH2003,5.0,1.0,N/A,N/A,N/A,N/A,,0,0,"Great professor. Teaches the material in a slow pace and explains it well. Answers HW questions daily. Quiz once a week and sometimes allows class to go over quizes with each other. HW/Quizes @ 8% each, 3 exams @ 17% each, Final @ 33%. Wish he taught MTH 2205 for the summer or fall semester!"
John  Jurcevic,Baruch College,Mathematics department, New York, NY,1,4.8,N/A,2.1,,7,01/26/2009,MTH2003,5.0,1.0,N/A,N/A,N/A,N/A,,0,0,This professor is the best. He goes out of his wayto help you. He responds to emails promptly. My first semester at Baruch was great because he was my professor. You cannot get any better then him i just hoped he taught 2205 would be first to sign up.
