professor_name,school_name,department_name,local_name,state_name,year_since_first_review,star_rating,take_again,diff_index,tag_professor,num_student,post_date,name_onlines,student_star,student_difficult,attence,for_credits,would_take_agains,grades,stu_tags,help_useful,help_not_useful,comments
Melanie C.  Baldwin,Wilmington University,Business department, New Castle, DE,1,4.6,N/A,3.0,,4,03/11/2010,MBA6300,4.0,4.0,N/A,N/A,N/A,N/A,,0,0,"Wasn\'t sure what to expect with this class, but Melanie is a very engaging instructor and her enthusiasm for this class topic is infectious. Really made me think ""out of the box"" in my business."
Melanie C.  Baldwin,Wilmington University,Business department, New Castle, DE,1,4.6,N/A,3.0,,4,11/21/2009,MGT6501,5.0,2.0,N/A,N/A,N/A,N/A,,0,0,"I had no interest in the class because it was a mostly theory but she made it so much fun. She was interesting, she had so many icebreakers and fun activities it was a different way of learning. I would recommend anyone to take a class with her."
Melanie C.  Baldwin,Wilmington University,Business department, New Castle, DE,1,4.6,N/A,3.0,,4,04/21/2009,MGT6501,5.0,3.0,N/A,N/A,N/A,N/A,,0,0,Very enthusiastic and witty - made learning content fun
Melanie C.  Baldwin,Wilmington University,Business department, New Castle, DE,1,4.6,N/A,3.0,,4,01/27/2009,MGT6501,4.5,3.0,N/A,N/A,N/A,N/A,,0,0,She was into creativity in writing and presentations. She cared about the students and assignments were managable. Largest project was a 10 pg paper in proper format. I would take another class from this instructor.
