professor_name,school_name,department_name,local_name,state_name,year_since_first_review,star_rating,take_again,diff_index,tag_professor,num_student,post_date,name_onlines,student_star,student_difficult,attence,for_credits,would_take_agains,grades,stu_tags,help_useful,help_not_useful,comments
Jana  Sladkova,University of Massachusetts,Psychology department, Lowell, MA,9,3.2,N/A,3.0,Tough Grader (2)  LOTS OF HOMEWORK (1)  Skip class? You won\'t pass. (1)  GRADED BY FEW THINGS (1)  GROUP PROJECTS (1)  Get ready to read (1),10,05/09/2018,RESEARCH3,1.0,3.0,Mandatory,Yes,No,N/A,GRADED BY FEW THINGS  GET READY TO READ,0,0,"You have no idea how bad this professor is. Literally on the very first day she told us ""I almost got fired for not understanding this course fully."" and she proved that to be true every single day of the semester. Has no idea what she\'s doing and there is zero guidance for the huge paper. DO NOT TAKE HER."
Jana  Sladkova,University of Massachusetts,Psychology department, Lowell, MA,9,3.2,N/A,3.0,Tough Grader (2)  LOTS OF HOMEWORK (1)  Skip class? You won\'t pass. (1)  GRADED BY FEW THINGS (1)  GROUP PROJECTS (1)  Get ready to read (1),10,03/21/2018,COMM101,1.0,4.0,Mandatory,Yes,No,B+,SKIP CLASS? YOU WON\'T PASS.  LOTS OF HOMEWORK  TOUGH GRADER,1,0,"Jana was my least favorite professor in college I ever had. She is extremely rude and makes you feel stupid A LOT. Do not call her ""professor"" because she will yell at you and it will not be fun. She laughs at you if you\'re wrong and makes you feel less than human when you do something like leave class early for an appointment. RUN THE OTHER WAY!"
Jana  Sladkova,University of Massachusetts,Psychology department, Lowell, MA,9,3.2,N/A,3.0,Tough Grader (2)  LOTS OF HOMEWORK (1)  Skip class? You won\'t pass. (1)  GRADED BY FEW THINGS (1)  GROUP PROJECTS (1)  Get ready to read (1),10,03/29/2017,PSYC3750,2.0,4.0,Mandatory,Yes,No,N/A,GROUP PROJECTS,0,0,"I would not recommend this professor for Research 3. She is extremely disorganized and even admitted to us that she does not fully understand the course. She is very dismissive, scatterbrained, and her grading system is off. She offers very little feedback, even though the work load is extremely heavy. This class is not worth the stress."
Jana  Sladkova,University of Massachusetts,Psychology department, Lowell, MA,9,3.2,N/A,3.0,Tough Grader (2)  LOTS OF HOMEWORK (1)  Skip class? You won\'t pass. (1)  GRADED BY FEW THINGS (1)  GROUP PROJECTS (1)  Get ready to read (1),10,08/05/2015,SOCIALINEQUAL,2.5,4.0,Mandatory,Yes,N/A,C+,TOUGH GRADER,1,0,"Very disappointed in this professor. Great subject and l learned a good amount, however, her grading was very unfair and offered little feedback, especially for group projects."
Jana  Sladkova,University of Massachusetts,Psychology department, Lowell, MA,9,3.2,N/A,3.0,Tough Grader (2)  LOTS OF HOMEWORK (1)  Skip class? You won\'t pass. (1)  GRADED BY FEW THINGS (1)  GROUP PROJECTS (1)  Get ready to read (1),10,05/11/2014,47473,3.5,2.0,Mandatory,N/A,N/A,A-,,0,0,"It was a full semester of brain washing. I liked the talking points, however, a professor shouldn\'t influence their students thinking, that should be left at church. She was also very rude and dismissive, not worth the work."
Jana  Sladkova,University of Massachusetts,Psychology department, Lowell, MA,9,3.2,N/A,3.0,Tough Grader (2)  LOTS OF HOMEWORK (1)  Skip class? You won\'t pass. (1)  GRADED BY FEW THINGS (1)  GROUP PROJECTS (1)  Get ready to read (1),10,12/12/2013,47473,5.0,3.0,N/A,N/A,N/A,N/A,,0,1,"This turned out to be one of my favorite classes thus far. Jana is an amazing communicator and enlightened me about society in a way I was unaware of. I recommend this class if you want to have a clearer view on different cultures. Some of the lectures were very moving.The material Jana used was mostly articles, which were excellent way to learn."
Jana  Sladkova,University of Massachusetts,Psychology department, Lowell, MA,9,3.2,N/A,3.0,Tough Grader (2)  LOTS OF HOMEWORK (1)  Skip class? You won\'t pass. (1)  GRADED BY FEW THINGS (1)  GROUP PROJECTS (1)  Get ready to read (1),10,05/05/2012,SEMINDIVE,5.0,1.0,N/A,N/A,N/A,N/A,,0,0,"I loved the class. I looked forward to going to it every single time. It was not boring at all. Try to do the readings before each class. They are actually interesting. Jana is an awesome professor. No exams, just some papers due, your choice topics. The final paper is time consuming, but you have plenty of time to work on it, and its done in group"
Jana  Sladkova,University of Massachusetts,Psychology department, Lowell, MA,9,3.2,N/A,3.0,Tough Grader (2)  LOTS OF HOMEWORK (1)  Skip class? You won\'t pass. (1)  GRADED BY FEW THINGS (1)  GROUP PROJECTS (1)  Get ready to read (1),10,05/01/2011,SEMSP,5.0,4.0,N/A,N/A,N/A,N/A,,0,0,"This is my second course with Jana and, as always, she has given me more knowledge than any other Professor. She\'s not horribly hard, but she expects you to read. Not difficult. A very insightful and kind Professor who enjoys others thoughts. Hands down best Professor I have taken at UML."
Jana  Sladkova,University of Massachusetts,Psychology department, Lowell, MA,9,3.2,N/A,3.0,Tough Grader (2)  LOTS OF HOMEWORK (1)  Skip class? You won\'t pass. (1)  GRADED BY FEW THINGS (1)  GROUP PROJECTS (1)  Get ready to read (1),10,03/29/2009,COMM1,3.0,3.0,N/A,N/A,N/A,N/A,,0,0,Community psych: There is a lot of group work and 2 oral class presentations.The presentations are critiqued by the prof and students via feedback sheets. Also some papers but you can submit revisions if you need to. If you dont enjoy public speaking or lots of group work I wouldn\'t recommend this class.
Jana  Sladkova,University of Massachusetts,Psychology department, Lowell, MA,9,3.2,N/A,3.0,Tough Grader (2)  LOTS OF HOMEWORK (1)  Skip class? You won\'t pass. (1)  GRADED BY FEW THINGS (1)  GROUP PROJECTS (1)  Get ready to read (1),10,01/26/2009,COMPSYC,3.5,2.0,N/A,N/A,N/A,N/A,,0,0,"If you don\'t like group work would not reccomend, every class involves breaking off into groups. Sometimes unclear, but is very flexible with grading. Grade consisted of group presentations and take home tests."
