professor_name,school_name,department_name,local_name,state_name,year_since_first_review,star_rating,take_again,diff_index,tag_professor,num_student,post_date,name_onlines,student_star,student_difficult,attence,for_credits,would_take_agains,grades,stu_tags,help_useful,help_not_useful,comments
Nancy  Swanson,Clemson University,English department, Clemson, SC,4,2.5,N/A,2.5,,13,03/22/2013,ENG314,2.5,5.0,N/A,N/A,N/A,N/A,,0,0,"She\'s makes things more complicated than necessary. She is a very hard grader. She whispers, so she is hard to understand in class. She doesn\'t understand that MSWord is NOT a graphic design program; it\'s for WORD processing (hints the name). The group project is ridiculous. This class took up too much of my time to only be a 3 hour credit."
Nancy  Swanson,Clemson University,English department, Clemson, SC,4,2.5,N/A,2.5,,13,04/30/2012,ENGL314,3.0,3.0,N/A,N/A,N/A,N/A,,0,0,Strict grading guideline. Her way or the highway. Cannot miss more than 2 classes or you have to talk to her about not knocking your grade down. Projects involve more creative writing then technical writing. Try as hard as possible to not have her for technical writing. As a person she is very nice and fun to be around.
Nancy  Swanson,Clemson University,English department, Clemson, SC,4,2.5,N/A,2.5,,13,12/11/2011,ENGL314,4.5,2.0,N/A,N/A,N/A,N/A,,0,0,"She was a very good teacher. Assignments are laid out in advance, in detail, on the syllabus, so its easy to get ahead. Attendance is required, but if you have a legitimate reason, she will work with you. The final project is more difficult, but fun. Would recommend to anyone."
Nancy  Swanson,Clemson University,English department, Clemson, SC,4,2.5,N/A,2.5,,13,05/05/2011,ENG314,1.0,3.0,N/A,N/A,N/A,N/A,,0,0,"This course should have been easy, but she refuses to give A\'s (which she defines as above a 95). Also, she is either incredibly spacey or comes into class high half the time."
Nancy  Swanson,Clemson University,English department, Clemson, SC,4,2.5,N/A,2.5,,13,01/05/2011,ENG215,1.0,4.0,N/A,N/A,N/A,N/A,,0,0,High School Teacher stuck in a time warp. More concerned with attendance and having students regurgitate her own ideas than teaching. The material is easy but she\'s one of those teachers who refuses to give A\'s. Make sure you do all the reading aswell
Nancy  Swanson,Clemson University,English department, Clemson, SC,4,2.5,N/A,2.5,,13,01/03/2011,ENGL215,5.0,1.0,N/A,N/A,N/A,N/A,,0,0,"I can\'t believe people are giving her bad ratings. Yeah she\'s disorganized but who cares? She IS interesting in class because she changes her tone, she IS a good teacher, and it\'s an easy A. I don\'t understand why anyone WOULDN\'T want to take her."
Nancy  Swanson,Clemson University,English department, Clemson, SC,4,2.5,N/A,2.5,,13,12/08/2010,ENG215,1.5,1.0,N/A,N/A,N/A,N/A,,0,0,"This was one of, if not the most boring class I\'ve ever taken. Her teaching style and disorganization are bad enough, but she has these phrases that she repeats when asking questions and it drives me nuts. She drags class on with her pointless stories and comments. If you ever have the chance to have her as a professor, don\'t take it."
Nancy  Swanson,Clemson University,English department, Clemson, SC,4,2.5,N/A,2.5,,13,10/10/2010,ENG215,2.0,2.0,N/A,N/A,N/A,N/A,,0,0,After I leave that class I want to bang my head against a wall repeatedly. Things seem to be either right or wrong with her and she tends to make things harder than they are. Just don\'t take this class or any class from her. Really. Don\'t.
Nancy  Swanson,Clemson University,English department, Clemson, SC,4,2.5,N/A,2.5,,13,05/01/2010,ENGL215,1.5,1.0,N/A,N/A,N/A,N/A,,0,0,AWFUL!!! Do not take her. She is very unorganized and does not ever tell people what she expects out of them on exams or papers... and I got an A
Nancy  Swanson,Clemson University,English department, Clemson, SC,4,2.5,N/A,2.5,,13,03/25/2010,ENGL212,5.0,3.0,N/A,N/A,N/A,N/A,,0,0,"Not nearly so bad as others claim; I thought she was great. Well organized class, and she was incredibly flexible and patient. Made literary analysis logical and accessible. You do have to put in the work to get the grade. Her grading system is rather ambiguous, but is fair in the long run over the many small assignments."
Nancy  Swanson,Clemson University,English department, Clemson, SC,4,2.5,N/A,2.5,,13,02/02/2010,ENGLI314,2.0,4.0,N/A,N/A,N/A,N/A,,0,0,"HORRIBLE! Dumb, makes everything harder than necessary, doesn\'t explain how she wants things done and grades on things that she never mentioned. Boring lady, you\'ll hear a lot about her life because she talks to much about it."
Nancy  Swanson,Clemson University,English department, Clemson, SC,4,2.5,N/A,2.5,,13,01/28/2010,ENG315,1.0,1.0,N/A,N/A,N/A,N/A,,0,0,My IQ drops 100 points every time I sit through class. Assignments are simple but she makes them difficult. My blood boils during class because I can\'t stand her and her constant blabber to such an extent. I am unsure how she get a job.
Nancy  Swanson,Clemson University,English department, Clemson, SC,4,2.5,N/A,2.5,,13,03/21/2009,ENG215,2.0,2.0,N/A,N/A,N/A,N/A,,0,0,AWFUL! Admitted to grading a quiz without even reading it. She does not teach. It is painful to sit through class. I enjoyed reading before this class but now I doubt i\'ll ever pick up a a book again. AWFUL AWFUL AWFUL!
