professor_name,school_name,department_name,local_name,state_name,year_since_first_review,star_rating,take_again,diff_index,tag_professor,num_student,post_date,name_onlines,student_star,student_difficult,attence,for_credits,would_take_agains,grades,stu_tags,help_useful,help_not_useful,comments
Shawn  Shavers-Sublett,Georgia State University Perimeter College - Decatur,Education department, Decatur, GA,8,4.3,N/A,1.6,SO MANY PAPERS (1)  Participation matters (1)  LOTS OF HOMEWORK (1),18,02/19/2017,SPD500,5.0,3.0,Mandatory,Yes,Yes,A,LOTS OF HOMEWORK  SO MANY PAPERS,0,0,This instructor will work with you if you let him know what is going on. Assignments can be redone for a better grade.
Shawn  Shavers-Sublett,Georgia State University Perimeter College - Decatur,Education department, Decatur, GA,8,4.3,N/A,1.6,SO MANY PAPERS (1)  Participation matters (1)  LOTS OF HOMEWORK (1),18,12/11/2014,SOCI1101,5.0,1.0,Not Mandatory,Yes,N/A,A+,PARTICIPATION MATTERS,0,0,Great teacher! Very easy class. I got a 97 without really trying. quizzes and tests are unlimited time. Please do yourself a favor and take her.
Shawn  Shavers-Sublett,Georgia State University Perimeter College - Decatur,Education department, Decatur, GA,8,4.3,N/A,1.6,SO MANY PAPERS (1)  Participation matters (1)  LOTS OF HOMEWORK (1),18,03/03/2014,SOCI1101,5.0,1.0,Not Mandatory,Yes,N/A,A+,,1,0,"12 Quizzes (10 Questions each), 2 Tests, 2 group projects, 11 Discussions, and a Final. REALLY easy and straight-forward class. Teacher responds quick and is helpful when needed. You don\'t really NEED the book but some questions do come strictly from it on tests and quizzes."
Shawn  Shavers-Sublett,Georgia State University Perimeter College - Decatur,Education department, Decatur, GA,8,4.3,N/A,1.6,SO MANY PAPERS (1)  Participation matters (1)  LOTS OF HOMEWORK (1),18,07/28/2013,SOCI1101,3.5,1.0,N/A,Yes,N/A,N/A,,1,0,"I took this course summer 13\' at GPC. This course was simply O.K. The material was somewhat interesting and the work was easy. I ended the semester with a 96, which is a 4.0 . I thought the teacher came off a little snobby when you tried to contact her about a problem but other than that, the course was good. Take if you want an easy A."
Shawn  Shavers-Sublett,Georgia State University Perimeter College - Decatur,Education department, Decatur, GA,8,4.3,N/A,1.6,SO MANY PAPERS (1)  Participation matters (1)  LOTS OF HOMEWORK (1),18,11/28/2012,EDUC2130,5.0,1.0,N/A,N/A,N/A,N/A,,0,0,Outstanding teacher! Everything about the class was great. I took her class online and she is extremely helpful. Responds to emails quickly. Isn\'t strict about due dates and assignment submission. This class is easy to pass if you read and check your email.
Shawn  Shavers-Sublett,Georgia State University Perimeter College - Decatur,Education department, Decatur, GA,8,4.3,N/A,1.6,SO MANY PAPERS (1)  Participation matters (1)  LOTS OF HOMEWORK (1),18,07/25/2012,EDUC2130,5.0,1.0,N/A,N/A,N/A,N/A,,0,0,"She is an awesome teacher. I took her class online. She was very helpful. She responds to email quickly. If you read what is required, you should pass the quizzes. One of the best EDUC teachers at GPC."
Shawn  Shavers-Sublett,Georgia State University Perimeter College - Decatur,Education department, Decatur, GA,8,4.3,N/A,1.6,SO MANY PAPERS (1)  Participation matters (1)  LOTS OF HOMEWORK (1),18,07/24/2012,SOCI1101,5.0,1.0,N/A,N/A,N/A,N/A,,0,0,Professor was quick to respond. Very easy class. I would def recommend this professor!
Shawn  Shavers-Sublett,Georgia State University Perimeter College - Decatur,Education department, Decatur, GA,8,4.3,N/A,1.6,SO MANY PAPERS (1)  Participation matters (1)  LOTS OF HOMEWORK (1),18,12/17/2011,SOCI1101,2.5,2.0,N/A,N/A,N/A,N/A,,0,0,"The class is a very easy class. It is very defined on what you have to do. When it comes to actually solving problems that is a completely different story. When conflict arises and you attempt to involve her nothing gets solved. The ppl who did nothing still get credit and she just basically tells you all to be ""nice"". Pray you get a good group."
Shawn  Shavers-Sublett,Georgia State University Perimeter College - Decatur,Education department, Decatur, GA,8,4.3,N/A,1.6,SO MANY PAPERS (1)  Participation matters (1)  LOTS OF HOMEWORK (1),18,11/20/2011,SOCI1101,5.0,2.0,N/A,N/A,N/A,N/A,,0,1,"Really liked this class and the professor; she made us think and comfortable to share our thoughts; I dread group projects and we had 2 but they turned out to be okay, got A\'s on both and I am an online student; definitely recommend this professor"
Shawn  Shavers-Sublett,Georgia State University Perimeter College - Decatur,Education department, Decatur, GA,8,4.3,N/A,1.6,SO MANY PAPERS (1)  Participation matters (1)  LOTS OF HOMEWORK (1),18,11/15/2011,SOCI1101,4.5,2.0,N/A,N/A,N/A,N/A,,0,0,ONLINE-Discussions are an easy 100 just follow instructions. Quizzes are fairly easy-always 1 trick question(go with gut). Loved the no time limit on quizzes or tests! All papers are group projects-blah! But made 100\'s on them! She\'s clear on assignments (emails info & planned slllabus)&always responds. Not hard to get an A if you make the effort.
Shawn  Shavers-Sublett,Georgia State University Perimeter College - Decatur,Education department, Decatur, GA,8,4.3,N/A,1.6,SO MANY PAPERS (1)  Participation matters (1)  LOTS OF HOMEWORK (1),18,06/17/2011,SOCI1101,5.0,1.0,N/A,N/A,N/A,N/A,,0,0,"Awesome teacher! I was nervous about taking this class in the summertime since it\'s a half term class so it\'s only a few weeks long. She definitely eliminated a lot of stuff for the summer so that you\'re not drowning in homework. A couple of discussions and quizzes a week, a test, a group project, and a final. Very easy online summer class!"
Shawn  Shavers-Sublett,Georgia State University Perimeter College - Decatur,Education department, Decatur, GA,8,4.3,N/A,1.6,SO MANY PAPERS (1)  Participation matters (1)  LOTS OF HOMEWORK (1),18,05/10/2011,SOCI101,4.0,2.0,N/A,N/A,N/A,N/A,,0,0,I love this teacher. She was very clear on the assignments and discussion questions. I took this class on-line and it was the best route to take. I advise anyone to take her on-line.
Shawn  Shavers-Sublett,Georgia State University Perimeter College - Decatur,Education department, Decatur, GA,8,4.3,N/A,1.6,SO MANY PAPERS (1)  Participation matters (1)  LOTS OF HOMEWORK (1),18,05/09/2011,SOCI1101,5.0,1.0,N/A,N/A,N/A,N/A,,0,0,Great teacher all around. Take her. You\'d be glad you did.
Shawn  Shavers-Sublett,Georgia State University Perimeter College - Decatur,Education department, Decatur, GA,8,4.3,N/A,1.6,SO MANY PAPERS (1)  Participation matters (1)  LOTS OF HOMEWORK (1),18,07/22/2010,EDUC2130,5.0,1.0,N/A,N/A,N/A,N/A,,0,0,"Great online class and teacher! She answers promptly, cares about your grade, and makes sure you get things done. Easy class, if you try!"
Shawn  Shavers-Sublett,Georgia State University Perimeter College - Decatur,Education department, Decatur, GA,8,4.3,N/A,1.6,SO MANY PAPERS (1)  Participation matters (1)  LOTS OF HOMEWORK (1),18,07/13/2009,EDUC2110,5.0,1.0,N/A,N/A,N/A,N/A,,0,0,great teacher
Shawn  Shavers-Sublett,Georgia State University Perimeter College - Decatur,Education department, Decatur, GA,8,4.3,N/A,1.6,SO MANY PAPERS (1)  Participation matters (1)  LOTS OF HOMEWORK (1),18,05/07/2009,EDUC1220,2.0,4.0,N/A,N/A,N/A,N/A,,0,0,She was really nice and cared that students got there work in. She will keep sending messages saying hey this was due. But the class is not an easy A. There is a bunch of assignments that aren\'t hard it\'s the discussions she won\'t give 100 for
Shawn  Shavers-Sublett,Georgia State University Perimeter College - Decatur,Education department, Decatur, GA,8,4.3,N/A,1.6,SO MANY PAPERS (1)  Participation matters (1)  LOTS OF HOMEWORK (1),18,03/28/2009,EDUC2110,1.0,3.0,N/A,N/A,N/A,N/A,,0,0,"How does this woman have a doctorate? I have taken about 15 online classes; this is by far the most confusing I have ever taken. The discussions are easy. The group project and other assign. probably would be easy if she taught us how to do them!! She hardly responds, and when she does they are USELESS responses. Who knows what grade I will get?"
Shawn  Shavers-Sublett,Georgia State University Perimeter College - Decatur,Education department, Decatur, GA,8,4.3,N/A,1.6,SO MANY PAPERS (1)  Participation matters (1)  LOTS OF HOMEWORK (1),18,01/27/2009,EDUC2110,4.5,1.0,N/A,N/A,N/A,N/A,,0,0,Loved the class. I would take it again. You have a time line when to turn in your work. Easy to keep up with. No test. One final that was so easy!!!
