professor_name,school_name,department_name,local_name,state_name,year_since_first_review,star_rating,take_again,diff_index,tag_professor,num_student,post_date,name_onlines,student_star,student_difficult,attence,for_credits,would_take_agains,grades,stu_tags,help_useful,help_not_useful,comments
Aaron  O\'Connell,United States Naval Academy,History department, Annapolis, MD,8,4.7,N/A,2.4,Gives good feedback (2)  Hilarious (1)  Clear grading criteria (1)  Tough Grader (1)  Participation matters (1),13,11/08/2017,UGS302,5.0,5.0,Mandatory,Yes,Yes,A-,TOUGH GRADER  GIVES GOOD FEEDBACK  PARTICIPATION MATTERS,0,0,"Professor O\'Connell is an extremely intelligent man who knows his stuff. His UGS class consisted of 3 essays, however he grades quite hard. You CANNOT bs this class at all. He will scrutinize every word in your writing assignments. So while getting an A is quite difficult, Professor O\'Connell truly teaches how to write at an advanced level."
Aaron  O\'Connell,United States Naval Academy,History department, Annapolis, MD,8,4.7,N/A,2.4,Gives good feedback (2)  Hilarious (1)  Clear grading criteria (1)  Tough Grader (1)  Participation matters (1),13,12/28/2014,HH104,4.0,3.0,N/A,Yes,N/A,N/A,GIVES GOOD FEEDBACK  HILARIOUS  CLEAR GRADING CRITERIA,0,1,"Professor O\'Connell does a great job of not just teaching the material, but a new way to think about things. He shows examples of ""kool-aid"" and challenges different opinions in a way that changed the way I look at some things."
Aaron  O\'Connell,United States Naval Academy,History department, Annapolis, MD,8,4.7,N/A,2.4,Gives good feedback (2)  Hilarious (1)  Clear grading criteria (1)  Tough Grader (1)  Participation matters (1),13,12/04/2013,HH104,5.0,2.0,N/A,N/A,N/A,N/A,,0,0,"Great teacher! He is super smart and very funny! If you have him make sure you participate, and go see him for EI on your papers if you do you should get an A."
Aaron  O\'Connell,United States Naval Academy,History department, Annapolis, MD,8,4.7,N/A,2.4,Gives good feedback (2)  Hilarious (1)  Clear grading criteria (1)  Tough Grader (1)  Participation matters (1),13,05/03/2013,HH114,5.0,1.0,N/A,N/A,N/A,N/A,,0,0,"Excellent teacher, I will totally will take another course with him. You learn, You actually enjoy history, You have fun, YOU CAN GET AN EASY A (but...you will have a lot of reading assignment and you will have to know the lessons in advance in order to participate in class)"
Aaron  O\'Connell,United States Naval Academy,History department, Annapolis, MD,8,4.7,N/A,2.4,Gives good feedback (2)  Hilarious (1)  Clear grading criteria (1)  Tough Grader (1)  Participation matters (1),13,04/29/2013,HH104,5.0,3.0,N/A,N/A,N/A,N/A,,0,0,"Great teacher. One of the best teachers ive ever had. Gives very interesting lectures. No problem staying awake. He is engaging. hard A, average B. Gives tons of reading for HW (dont have to do it, doesn\'t quiz if the class talks alot). Always willing to help. Your writing will improve in his class. I strongly recommend him."
Aaron  O\'Connell,United States Naval Academy,History department, Annapolis, MD,8,4.7,N/A,2.4,Gives good feedback (2)  Hilarious (1)  Clear grading criteria (1)  Tough Grader (1)  Participation matters (1),13,04/23/2013,HH104,5.0,3.0,N/A,N/A,N/A,N/A,,0,0,"GET HIM. Professor O\'Connell might be my favorite teacher I have had at any point in my education. He is incredibly smart, really funny, and his class is very engaging. He promotes a lot of classroom discussion and he gets you thinking about historical events in great depth. He makes naval history more interesting than I thought possible."
Aaron  O\'Connell,United States Naval Academy,History department, Annapolis, MD,8,4.7,N/A,2.4,Gives good feedback (2)  Hilarious (1)  Clear grading criteria (1)  Tough Grader (1)  Participation matters (1),13,12/23/2011,HH4001,4.0,2.0,N/A,N/A,N/A,N/A,,0,0,"One of the best teachers I\'ve had at the Academy so far. Engaging, funny, and smart. Really forces you to be a better, more thoughtful, and more analytical writer. Also brings in guests like officers and ambassadors to class."
Aaron  O\'Connell,United States Naval Academy,History department, Annapolis, MD,8,4.7,N/A,2.4,Gives good feedback (2)  Hilarious (1)  Clear grading criteria (1)  Tough Grader (1)  Participation matters (1),13,04/26/2010,HH4002,5.0,2.0,N/A,N/A,N/A,N/A,,0,0,Professor O\'Connell is probably the best history teacher you will find anywhere. He is more engaging and interactive than any other teacher I have had. He makes history very interesting and enjoyable to everyone. He is a smart man and will challenge you to think about things differently.Yale educated and an undercover Marine.
Aaron  O\'Connell,United States Naval Academy,History department, Annapolis, MD,8,4.7,N/A,2.4,Gives good feedback (2)  Hilarious (1)  Clear grading criteria (1)  Tough Grader (1)  Participation matters (1),13,12/11/2009,HH104,5.0,2.0,N/A,N/A,N/A,N/A,,0,0,"One of the greatest profs I\'ve ever had. Knows how to keep your attention, hard to fall asleep in class. I would definitely try to get him again."
Aaron  O\'Connell,United States Naval Academy,History department, Annapolis, MD,8,4.7,N/A,2.4,Gives good feedback (2)  Hilarious (1)  Clear grading criteria (1)  Tough Grader (1)  Participation matters (1),13,04/20/2009,HH104,4.0,3.0,N/A,N/A,N/A,N/A,,0,0,I absolutely loved this class even though I don\'t really care for history. He is a really cool guy and keeps your attention with discussions in class. An amazing teacher.
Aaron  O\'Connell,United States Naval Academy,History department, Annapolis, MD,8,4.7,N/A,2.4,Gives good feedback (2)  Hilarious (1)  Clear grading criteria (1)  Tough Grader (1)  Participation matters (1),13,02/13/2009,HH104,4.5,1.0,N/A,N/A,N/A,N/A,,0,0,Ok his pink tie over baby blue shirt combo is a little over the top. It definately detracted from the lesson and I dont think Marines should rate pink. That is all Sir.
Aaron  O\'Connell,United States Naval Academy,History department, Annapolis, MD,8,4.7,N/A,2.4,Gives good feedback (2)  Hilarious (1)  Clear grading criteria (1)  Tough Grader (1)  Participation matters (1),13,02/05/2009,HH104,4.5,2.0,N/A,N/A,N/A,N/A,,0,0,"Good teacher. I do not really like history, but, as I did not have a choice, it was probably the best I could have hoped for. He\'s a cool guy too."
Aaron  O\'Connell,United States Naval Academy,History department, Annapolis, MD,8,4.7,N/A,2.4,Gives good feedback (2)  Hilarious (1)  Clear grading criteria (1)  Tough Grader (1)  Participation matters (1),13,02/02/2009,HH3000,5.0,2.0,N/A,N/A,N/A,N/A,,0,0,"Seriously a great teacher. He\'s really smart. I think he likes the French a little too much for a marine, but I would be willing to bet he was a motivated marine. Go Navy!"
