professor_name,school_name,department_name,local_name,state_name,year_since_first_review,star_rating,take_again,diff_index,tag_professor,num_student,post_date,name_onlines,student_star,student_difficult,attence,for_credits,would_take_agains,grades,stu_tags,help_useful,help_not_useful,comments
William  Walker,Johnson County Community College,History department, Overland Park, KS,1,4.4,N/A,2.5,,6,05/28/2010,HIST126,5.0,4.0,N/A,N/A,N/A,N/A,,0,0,"Took Western Civ. II with him. IT WAS AWESOME! We had the best discussions in this class, it was like a philosophy club. Grades papers a little hard but the class is amazing overall."
William  Walker,Johnson County Community College,History department, Overland Park, KS,1,4.4,N/A,2.5,,6,03/12/2010,HIST141,5.0,1.0,N/A,N/A,N/A,N/A,,0,0,"Where do i start! I took his class fall 2009. Loved his class. Although it sounds scary because your grade mostly rests on the midterm and final paper, it was so much fun! I hated history before his class and he made it so easy to learn and kept me interested with his awesome stories!Def take him if you can!! Truly awesome teacher!"
William  Walker,Johnson County Community College,History department, Overland Park, KS,1,4.4,N/A,2.5,,6,01/13/2010,HIST126,5.0,3.0,N/A,N/A,N/A,N/A,,0,0,"Quite possibly the best professor I\'ve ever had. Very honest, fun, passionate about history. Made us laugh but more importantly made us THINK. Well-dressed! Well-spoken! A shame to see him go, JCCC doesn\'t know what they\'re missing. Nice person, opinionated, a little crazy (as all Ph.D\'s are)! Considered transferring schools to follow him."
William  Walker,Johnson County Community College,History department, Overland Park, KS,1,4.4,N/A,2.5,,6,11/24/2009,HIST126,4.0,2.0,N/A,N/A,N/A,N/A,,0,0,"Will is a great professor. He is passionate about History, although we had a midterm and final only , just reading the selections and participation in the discussions get you points also loves the get conservative republicans panties in a bunch!"
William  Walker,Johnson County Community College,History department, Overland Park, KS,1,4.4,N/A,2.5,,6,10/30/2009,HIST126,4.0,2.0,N/A,N/A,N/A,N/A,,0,0,Well thought out curriculum. Enjoyable discussions. Could\'ve used the information on--study groups???
William  Walker,Johnson County Community College,History department, Overland Park, KS,1,4.4,N/A,2.5,,6,01/27/2009,HIST101,3.5,3.0,N/A,N/A,N/A,N/A,,0,0,I really stressed about this class because Mr. Walker only gave a midterm and a final. He was very helpful and met with us for study groups before the midterm and final. A lot of people did flunk our midterm but he gave people the chance to do extra credit to bring the grades up to b\'s and c\'s. He\'s a pretty cool teacher and will help you out.
