professor_name,school_name,department_name,local_name,state_name,year_since_first_review,star_rating,take_again,diff_index,tag_professor,num_student,post_date,name_onlines,student_star,student_difficult,attence,for_credits,would_take_agains,grades,stu_tags,help_useful,help_not_useful,comments
Mark  Salinas,Chabot College,Not Specified department, Hayward, CA,4,3.5,N/A,3.8,LECTURE HEAVY (1)  Gives good feedback (1)  Respected (1),6,12/08/2014,HISTORY,3.5,3.0,Mandatory,Yes,N/A,Not,RESPECTED  LECTURE HEAVY  GIVES GOOD FEEDBACK,3,1,He only gives Green book tests and thats all your graded on including the 8hrs of community service that is required. He spends like 15 min at the beginning of the class talking about football and politics. He has only powerpoints which is ok. And he repeats alot of his points
Mark  Salinas,Chabot College,Not Specified department, Hayward, CA,4,3.5,N/A,3.8,LECTURE HEAVY (1)  Gives good feedback (1)  Respected (1),6,12/11/2013,HIS22,1.0,2.0,N/A,N/A,N/A,N/A,,1,0,HE should just be a politician and stop teaching.
Mark  Salinas,Chabot College,Not Specified department, Hayward, CA,4,3.5,N/A,3.8,LECTURE HEAVY (1)  Gives good feedback (1)  Respected (1),6,12/09/2013,HIST22,3.5,3.0,N/A,N/A,N/A,N/A,,1,0,your average teacher. lectures and gives 3 midterms based on books/lectures. mandatory 8 hours of community service. his class is really laid back but its hard to get an A because the only thing that makes up your grade is the midterms and final. miderms are kind of in depth...but its a cool class if you\'re okay with not getting an A.
Mark  Salinas,Chabot College,Not Specified department, Hayward, CA,4,3.5,N/A,3.8,LECTURE HEAVY (1)  Gives good feedback (1)  Respected (1),6,01/09/2012,HIST22,5.0,2.0,N/A,N/A,N/A,N/A,,1,0,"Good professor who has interesting things to say in his lectures. Takes sociological approach to teaching history. 2 midterms & final are all written examinations. Seems to grade them fairly easily. 8 hours of mandatory community service, which is easy b/c he always announces community service opportunities so you don\'t have to go find it yourself."
Mark  Salinas,Chabot College,Not Specified department, Hayward, CA,4,3.5,N/A,3.8,LECTURE HEAVY (1)  Gives good feedback (1)  Respected (1),6,06/04/2010,HIST22,4.5,2.0,N/A,N/A,N/A,N/A,,1,1,"Mr. Salinas is a cool dude and a top-notch instructor. He has a passion for Mexican-American History and does an excellent job of ""tying-in"" the history to what is going on today. I am glad I took this class, as I learned so much about the relationships between Spain, Mexico (Latin America) and the USA; and learned a little bit more about myself."
Mark  Salinas,Chabot College,Not Specified department, Hayward, CA,4,3.5,N/A,3.8,LECTURE HEAVY (1)  Gives good feedback (1)  Respected (1),6,05/14/2010,MEXAM22,3.5,1.0,N/A,N/A,N/A,N/A,,0,0,SO EASY!! 1 MIDTERM & FINAL WAS TO WATCH A MOVIE AND TURN IN VIA EMAIL! REST OF THE DAYS HE JUST BULLSHITS WITH THE SAME STUFF OVER & OVER.TAKES ADDENTENCE FOR THE 1ST MONTH.MANDATORY COMM. SERVICE.BUT HE IS SO BORING & SO EASY DISTRACTED SO DONT ASK ?S LOL. BUT OTHER WISE HE THE EASIEST PROFESSOR I SWEAR!
