professor_name,school_name,department_name,local_name,state_name,year_since_first_review,star_rating,take_again,diff_index,tag_professor,num_student,post_date,name_onlines,student_star,student_difficult,attence,for_credits,would_take_agains,grades,stu_tags,help_useful,help_not_useful,comments
Candie  Wilderman,Dickinson College,Social Science department, Carlisle, PA,2,3.4,N/A,1.8,,5,05/04/2011,ENVS101,3.5,5.0,N/A,N/A,N/A,N/A,,0,0,"Knowledgeable and extremely passionate about her interests but ultimately unavailable. Seems awesome for those to whom she\'s committed, but disappointing if you\'re on the outside looking in."
Candie  Wilderman,Dickinson College,Social Science department, Carlisle, PA,2,3.4,N/A,1.8,,5,04/04/2011,ENST335,4.5,4.0,N/A,N/A,N/A,N/A,,0,0,She is my adviser and she\'s awesome. One of the most passionate professors about what she does at the school. She is picky but she\'ll tend to write a lot of comments on your paper but still give you a good grade.
Candie  Wilderman,Dickinson College,Social Science department, Carlisle, PA,2,3.4,N/A,1.8,,5,10/17/2010,ENST131,3.0,4.0,N/A,N/A,N/A,N/A,,0,0,"she\'s a cool person and i really like her outside of the classroom. but her class is pretty hard, even for envi sci majors. subject matter is interesting though and you can tell she\'s passionate and knows everything. unclear about grading and demanding about small details"
Candie  Wilderman,Dickinson College,Social Science department, Carlisle, PA,2,3.4,N/A,1.8,,5,03/22/2009,ENV131,2.0,3.0,N/A,N/A,N/A,N/A,,0,0,No Comments
Candie  Wilderman,Dickinson College,Social Science department, Carlisle, PA,2,3.4,N/A,1.8,,5,01/26/2009,ENST131,4.0,5.0,N/A,N/A,N/A,N/A,,0,0,"I have a personal interest in Environmental Studies and I like the class. One problem with the class is that the lab assignments are vague and she is a hard grader. If you don\'t go to class, she\'ll notice and she\'ll treat you differently. Also, pretend that you\'re interested in the subject, or she won\'t be interested in you. Pay attention in class!"
