professor_name,school_name,department_name,local_name,state_name,year_since_first_review,star_rating,take_again,diff_index,tag_professor,num_student,post_date,name_onlines,student_star,student_difficult,attence,for_credits,would_take_agains,grades,stu_tags,help_useful,help_not_useful,comments
Larry  Stone,Dakota County Technical College,Mathematics department, Rosemount, MN,7,4.3,N/A,3.0,Respected (1)  Clear grading criteria (1)  Gives good feedback (1),4,10/31/2016,MATS1300,4.0,3.0,Not Mandatory,Yes,Yes,N/A,CLEAR GRADING CRITERIA  RESPECTED  GIVES GOOD FEEDBACK,0,0,He knows his stuff. Do the homework and you won\'t have a problem. His quizzes are group quizzes and there is only two exams (midterm and final).
Larry  Stone,Dakota County Technical College,Mathematics department, Rosemount, MN,7,4.3,N/A,3.0,Respected (1)  Clear grading criteria (1)  Gives good feedback (1),4,11/13/2012,MATS1300,4.0,4.0,N/A,N/A,N/A,N/A,,0,0,"Great prof. He knows math sideways, very helpful when you have ? He will challange you on the final, study like mad cause its really tough."
Larry  Stone,Dakota County Technical College,Mathematics department, Rosemount, MN,7,4.3,N/A,3.0,Respected (1)  Clear grading criteria (1)  Gives good feedback (1),4,07/08/2012,MATS1300,4.5,2.0,N/A,N/A,N/A,N/A,,0,0,knows his stuff in and out. go to class and pay attention and its not so bad. just study for the final or it will knock you down.
Larry  Stone,Dakota County Technical College,Mathematics department, Rosemount, MN,7,4.3,N/A,3.0,Respected (1)  Clear grading criteria (1)  Gives good feedback (1),4,12/05/2009,MATH1100,5.0,3.0,N/A,N/A,N/A,N/A,,0,0,No Comments
