professor_name,school_name,department_name,local_name,state_name,year_since_first_review,star_rating,take_again,diff_index,tag_professor,num_student,post_date,name_onlines,student_star,student_difficult,attence,for_credits,would_take_agains,grades,stu_tags,help_useful,help_not_useful,comments
Kristen  Gladish,Northwest Vista College,Music department, San Antonio, TX,5,5.0,N/A,1.0,,4,07/10/2014,1301002,5.0,1.0,N/A,Yes,N/A,N/A,,0,0,"Professor Gladish is the best professor I have had this semester. She is very clear, helpful and is very inspiring to make you want to succeed in this course. I learned so much about music and even learned how to create my own music score. I definitely recommend her."
Kristen  Gladish,Northwest Vista College,Music department, San Antonio, TX,5,5.0,N/A,1.0,,4,06/24/2010,MUS1301,5.0,1.0,N/A,N/A,N/A,N/A,,0,0,"SHE IS A FANTASTIC TEACHER! She\'s funny, understanding, and really has a passion for music as well as the students\' comprehension. I wish she would teach the upper level music theories. She puts everything on Blackboard so unless you\'re a slacker, this class is super easy AND understanding. I highly recommend her!"
Kristen  Gladish,Northwest Vista College,Music department, San Antonio, TX,5,5.0,N/A,1.0,,4,04/28/2010,MUS1301,5.0,1.0,N/A,N/A,N/A,N/A,,0,0,She Is Super Nice And Is Always Willing To Help When Needed! Take Her!
Kristen  Gladish,Northwest Vista College,Music department, San Antonio, TX,5,5.0,N/A,1.0,,4,11/04/2009,MSUI1301,5.0,1.0,N/A,N/A,N/A,N/A,,0,0,I took her for Music Fundamentals. I am currently in her class and my grade is seriously a 101.7. She gives tons of extra credit and is super helpful. I would definetly recommend taking her class for your fine arts credit.
