professor_name,school_name,department_name,local_name,state_name,year_since_first_review,star_rating,take_again,diff_index,tag_professor,num_student,post_date,name_onlines,student_star,student_difficult,attence,for_credits,would_take_agains,grades,stu_tags,help_useful,help_not_useful,comments
Alexandru  Roman,University at Albany (SUNY Albany),Economics department, Albany, NY,3,4.6,N/A,2.5,,18,05/25/2012,ECO360,5.0,2.0,N/A,N/A,N/A,N/A,,1,0,Great Professor!
Alexandru  Roman,University at Albany (SUNY Albany),Economics department, Albany, NY,3,4.6,N/A,2.5,,18,05/01/2011,ECO360,5.0,1.0,N/A,N/A,N/A,N/A,,1,0,One of the best.
Alexandru  Roman,University at Albany (SUNY Albany),Economics department, Albany, NY,3,4.6,N/A,2.5,,18,01/10/2011,ECO360,4.0,1.0,N/A,N/A,N/A,N/A,,1,0,This professor keeps you motivated and stimulates your interest but I don\'t think he\'s fair toward the best students in the class. He tends to give very easy exams and a second chance to students who don\'t do well in the midterm/final. It seems he cares more to be seen as a cool teacher than if you have actually learned something or not...
Alexandru  Roman,University at Albany (SUNY Albany),Economics department, Albany, NY,3,4.6,N/A,2.5,,18,05/14/2010,AECO111,3.5,2.0,N/A,N/A,N/A,N/A,,0,0,"Great Professor. Put my ECO 110 professor to shame... His accent isn\'t THAT bad compared to what other people have said (especially if you have listened to other UAlbany Econ professors. Got a guaranteed B, which later became a B+, on the final for answering a question in class. He want all his students to do very well. Big recommendation for him."
Alexandru  Roman,University at Albany (SUNY Albany),Economics department, Albany, NY,3,4.6,N/A,2.5,,18,05/12/2010,ECO111,4.5,1.0,N/A,N/A,N/A,N/A,,0,1,Awesome Teacher... Best Eco Teacher I have had to date... His accent isnt as hard as you think (especially if you have experienced other Suny Albany Econ profs. Got a guaranteed B on the final for answering a question in class. TAKE HIM!
Alexandru  Roman,University at Albany (SUNY Albany),Economics department, Albany, NY,3,4.6,N/A,2.5,,18,05/10/2010,AECO360,5.0,3.0,N/A,N/A,N/A,N/A,,0,0,Best Economics Professor I have ever had. He is able to make a really tough and confusing topic very easy to comprehend. He is also very helpful if you see him for extra help. Class is also very interactive and extremely interesting. I learned a lot in this class because he makes international economics fun and i didn\'t think i would ever say that.
Alexandru  Roman,University at Albany (SUNY Albany),Economics department, Albany, NY,3,4.6,N/A,2.5,,18,05/04/2010,ECON111,3.5,5.0,N/A,N/A,N/A,N/A,,0,0,"Tests are impossibly hard. He seems cool, tries to keep people engaged, asks questions in return he will give you an automatic A or B on exams. But, the questions are of course super hard. His accent is hard to understand. HW is hard. He lectures right from the book so its a chore to go to class. So Boring."
Alexandru  Roman,University at Albany (SUNY Albany),Economics department, Albany, NY,3,4.6,N/A,2.5,,18,04/24/2010,AECO111,5.0,3.0,N/A,N/A,N/A,N/A,,0,0,He\'s a good teacher that\'s very helpful. He tries to keep your attention by offering questions in class to give you good grades on tests if you pay attention you will know the answer. Try and take him if you can.
Alexandru  Roman,University at Albany (SUNY Albany),Economics department, Albany, NY,3,4.6,N/A,2.5,,18,04/15/2010,AECO111,4.0,2.0,N/A,N/A,N/A,N/A,,0,0,"Teachers very helpful, by far one of the best Economics professors to take. Class is relatively easy as long as you do the necessary work and pay attention. I\'d say at the chance, take him."
Alexandru  Roman,University at Albany (SUNY Albany),Economics department, Albany, NY,3,4.6,N/A,2.5,,18,04/15/2010,AECO111,5.0,2.0,N/A,N/A,N/A,N/A,,0,0,Probably the best/nicest teacher I ever had. He wants his students to do well and pay attention.
Alexandru  Roman,University at Albany (SUNY Albany),Economics department, Albany, NY,3,4.6,N/A,2.5,,18,03/21/2010,ECO111,5.0,2.0,N/A,N/A,N/A,N/A,,0,0,Best Economics Professor at UAlbany. And incredibly attractive.
Alexandru  Roman,University at Albany (SUNY Albany),Economics department, Albany, NY,3,4.6,N/A,2.5,,18,03/17/2010,AECO111,4.5,2.0,N/A,N/A,N/A,N/A,,0,0,He is such a nice teacher. He\'s very helpful and tries to make everyone understand the material as much as possible. definitely take eco111 with him
Alexandru  Roman,University at Albany (SUNY Albany),Economics department, Albany, NY,3,4.6,N/A,2.5,,18,03/12/2010,AECO360,5.0,3.0,N/A,N/A,N/A,N/A,,0,0,"this man rocks! very interesting classes, keeps it fresh and is very good at explaining things. he\'s extremely fair and is always helpful. just put the effort in and you will do well."
Alexandru  Roman,University at Albany (SUNY Albany),Economics department, Albany, NY,3,4.6,N/A,2.5,,18,02/02/2010,ECO111,5.0,3.0,N/A,N/A,N/A,N/A,,0,0,Very good professor. Strongly recommend.
Alexandru  Roman,University at Albany (SUNY Albany),Economics department, Albany, NY,3,4.6,N/A,2.5,,18,12/17/2009,ECO111,5.0,4.0,N/A,N/A,N/A,N/A,,0,0,"alex is great. he wants his students to do well and is willing to meet with you outside of class to go over the material. his classes are interesting and intriguing. he has great style and is very good looking. i suggest taking his class, there is a nice curve as well."
Alexandru  Roman,University at Albany (SUNY Albany),Economics department, Albany, NY,3,4.6,N/A,2.5,,18,12/11/2009,ECO101,5.0,4.0,N/A,N/A,N/A,N/A,,0,1,Very good professor
Alexandru  Roman,University at Albany (SUNY Albany),Economics department, Albany, NY,3,4.6,N/A,2.5,,18,11/01/2009,ECO101,5.0,2.0,N/A,N/A,N/A,N/A,,0,0,No Comments
Alexandru  Roman,University at Albany (SUNY Albany),Economics department, Albany, NY,3,4.6,N/A,2.5,,18,03/09/2009,ECO110,4.5,3.0,N/A,N/A,N/A,N/A,,0,0,Excellent professor. Fair grading and expectations. Participate in the class discussions and you will do well.
