professor_name,school_name,department_name,local_name,state_name,year_since_first_review,star_rating,take_again,diff_index,tag_professor,num_student,post_date,name_onlines,student_star,student_difficult,attence,for_credits,would_take_agains,grades,stu_tags,help_useful,help_not_useful,comments
Kevin  XU,Coastal Carolina University,Marine Sciences department, Conway, SC,1,3.5,N/A,2.0,,5,02/11/2010,MSCI111,4.5,3.0,N/A,N/A,N/A,N/A,,0,0,....
Kevin  XU,Coastal Carolina University,Marine Sciences department, Conway, SC,1,3.5,N/A,2.0,,5,01/14/2010,MSCI316,4.0,1.0,N/A,N/A,N/A,N/A,,0,0,"A great teacher to have if you\'re interested in the field (sedimentary geology). Knows most anything you could want to know, and is pretty good at explaining. The class was pretty easy, but I still feel like I learned a lot. Would gladly take another class with Kevin!"
Kevin  XU,Coastal Carolina University,Marine Sciences department, Conway, SC,1,3.5,N/A,2.0,,5,11/06/2009,MSCI111,4.0,2.0,N/A,N/A,N/A,N/A,,0,0,"I love Kevin! I had him for MSCI 111 and MSCI 112L, and I\'ll have him again for Marine Geo next semester! He is very willing to help, and he explains everything as clearly as he can. (His English is pretty easy to understand, people exaggerate.) I highly suggest him for classes and labs!"
Kevin  XU,Coastal Carolina University,Marine Sciences department, Conway, SC,1,3.5,N/A,2.0,,5,04/08/2009,MSCI111,1.5,3.0,N/A,N/A,N/A,N/A,,0,0,He can not speak very good English.Taught this class for the first time SP09. He does not cover all material and expects complete comprehension from reading a complicated text.
Kevin  XU,Coastal Carolina University,Marine Sciences department, Conway, SC,1,3.5,N/A,2.0,,5,01/27/2009,MSCI304,3.5,1.0,N/A,N/A,N/A,N/A,,0,0,"Kevin is a great new addition to Coastal\'s MSci department. He\'s young, enthusiastic, and definitely knows his stuff and enjoys teaching it. His english is the only thing that I could see someone nitpicking about, but it\'s definitely not as bad as some others I had (math dpt) Overall, a great teacher who I would certainly take another class with."
