professor_name,school_name,department_name,local_name,state_name,year_since_first_review,star_rating,take_again,diff_index,tag_professor,num_student,post_date,name_onlines,student_star,student_difficult,attence,for_credits,would_take_agains,grades,stu_tags,help_useful,help_not_useful,comments
Marial  Howell,Cuyamaca College,English department, El Cajon, CA,6,3.8,N/A,3.0,Inspirational (1)  Clear grading criteria (1)  Gives good feedback (1),4,05/26/2015,ENG120,5.0,2.0,Mandatory,N/A,N/A,N/A,CLEAR GRADING CRITERIA  INSPIRATIONAL  GIVES GOOD FEEDBACK,0,0,"She\'s a great teacher. If you don\'t understand British English, then you might have a problem. It is English, however."
Marial  Howell,Cuyamaca College,English department, El Cajon, CA,6,3.8,N/A,3.0,Inspirational (1)  Clear grading criteria (1)  Gives good feedback (1),4,11/20/2009,ENG110,4.0,3.0,N/A,N/A,N/A,N/A,,0,0,"great teacher, i would have definitely signed up for her class if she was teaching eng. 120. She might start off as a ""weird"" teacher at first but once you get used to her and what she expects from her students then you\'d love her. Ask for help if you need to, she is very helpful& cares about how well her students do."
Marial  Howell,Cuyamaca College,English department, El Cajon, CA,6,3.8,N/A,3.0,Inspirational (1)  Clear grading criteria (1)  Gives good feedback (1),4,09/09/2009,ENG110,1.5,5.0,N/A,N/A,N/A,N/A,,0,1,"Shes not that great of a teacher. I dropped out of the class in the first few weeks. She teaches English, yet she cant even use it properly herself. I wouldn\'t take her class ever."
Marial  Howell,Cuyamaca College,English department, El Cajon, CA,6,3.8,N/A,3.0,Inspirational (1)  Clear grading criteria (1)  Gives good feedback (1),4,08/14/2009,ENGL098,4.5,2.0,N/A,N/A,N/A,N/A,,0,0,"Many students didn\'t like Mrs. Howell, but they wouldn\'t shut up long enough to listen to her. She is an amazing writing coach. I am already signed up for her next level in the fall!"
