professor_name,school_name,department_name,local_name,state_name,year_since_first_review,star_rating,take_again,diff_index,tag_professor,num_student,post_date,name_onlines,student_star,student_difficult,attence,for_credits,would_take_agains,grades,stu_tags,help_useful,help_not_useful,comments
John  Kottmeyer,Samford University,Economics department, Birmingham, AL,9,3.5,N/A,1.7,LECTURE HEAVY (4)  Clear grading criteria (3)  EXTRA CREDIT (3)  LOTS OF HOMEWORK (1)  Tough Grader (1)  Caring (1)  Gives good feedback (1),10,04/20/2018,ECON201,3.0,2.0,Not Mandatory,Yes,Yes,A,CLEAR GRADING CRITERIA  LECTURE HEAVY,1,0,"Doesn\'t put grades on moodle, tests are a little difficult but are easily balanced out by the quizzes. A little dry lectures but is an incredibly better option than the other option for teachers."
John  Kottmeyer,Samford University,Economics department, Birmingham, AL,9,3.5,N/A,1.7,LECTURE HEAVY (4)  Clear grading criteria (3)  EXTRA CREDIT (3)  LOTS OF HOMEWORK (1)  Tough Grader (1)  Caring (1)  Gives good feedback (1),10,11/08/2017,ECON201,1.0,1.0,Mandatory,Yes,No,A,EXTRA CREDIT  TOUGH GRADER  LECTURE HEAVY,0,0,"Literally a walking talking corpse who acts like he is half asleep the entire time. In class I just read and take notes on the textbook because I can\'t follow what he is talking about, he is that boring. I don\'t understand why the school doesn\'t fire this guy. Yes he is an easy A but I would rather have at least a small challenge than him."
John  Kottmeyer,Samford University,Economics department, Birmingham, AL,9,3.5,N/A,1.7,LECTURE HEAVY (4)  Clear grading criteria (3)  EXTRA CREDIT (3)  LOTS OF HOMEWORK (1)  Tough Grader (1)  Caring (1)  Gives good feedback (1),10,05/04/2015,FINC422,3.0,1.0,N/A,Yes,N/A,N/A,LOTS OF HOMEWORK  LECTURE HEAVY  EXTRA CREDIT,0,0,"Kottmeyer might have the worst lecture strategy of any professor I\'ve ever had. It\'s as if his goal is to see how many students he can bore to death during class. His board markings, projector slides and repetitive oratories make you calculate daily how much money in tuition you are wasting. Yes, he is easy, but this is somehow never comforting"
John  Kottmeyer,Samford University,Economics department, Birmingham, AL,9,3.5,N/A,1.7,LECTURE HEAVY (4)  Clear grading criteria (3)  EXTRA CREDIT (3)  LOTS OF HOMEWORK (1)  Tough Grader (1)  Caring (1)  Gives good feedback (1),10,04/08/2015,MACRO101,5.0,1.0,N/A,Yes,N/A,N/A,CLEAR GRADING CRITERIA  CARING  GIVES GOOD FEEDBACK,0,0,"He\'s super easy, just pay attention in class. Notes optional he really just quotes the book so on days when I was totally checked out I would just read and know everything I needed to know. He tells you exactly what you need to know for every quiz and test."
John  Kottmeyer,Samford University,Economics department, Birmingham, AL,9,3.5,N/A,1.7,LECTURE HEAVY (4)  Clear grading criteria (3)  EXTRA CREDIT (3)  LOTS OF HOMEWORK (1)  Tough Grader (1)  Caring (1)  Gives good feedback (1),10,12/11/2014,UABFN101,5.0,1.0,Mandatory,Yes,N/A,A,EXTRA CREDIT  LECTURE HEAVY  CLEAR GRADING CRITERIA,0,0,"Took him at UAB, very easy, and understanding. Had surgery at the beginning of the semester and he was very helpful."
John  Kottmeyer,Samford University,Economics department, Birmingham, AL,9,3.5,N/A,1.7,LECTURE HEAVY (4)  Clear grading criteria (3)  EXTRA CREDIT (3)  LOTS OF HOMEWORK (1)  Tough Grader (1)  Caring (1)  Gives good feedback (1),10,08/07/2014,ECON201,3.5,1.0,N/A,N/A,N/A,N/A,,1,0,"Most boring class I\'ve ever taken, his lectures are the cure for insomnia. That being said, he is still a pretty good professor and wants students to understand the material. Many opportunities for extra credit and participation grades, it is possible to go into the final exam with a guaranteed A for the semester if you do all your work."
John  Kottmeyer,Samford University,Economics department, Birmingham, AL,9,3.5,N/A,1.7,LECTURE HEAVY (4)  Clear grading criteria (3)  EXTRA CREDIT (3)  LOTS OF HOMEWORK (1)  Tough Grader (1)  Caring (1)  Gives good feedback (1),10,12/19/2011,ECON201,4.0,2.0,N/A,N/A,N/A,N/A,,0,0,"Very helpful and kind to his students. Lectures are a little boring, but extra credit and willingness to answer all of his students\' questions make up for any negative quality."
John  Kottmeyer,Samford University,Economics department, Birmingham, AL,9,3.5,N/A,1.7,LECTURE HEAVY (4)  Clear grading criteria (3)  EXTRA CREDIT (3)  LOTS OF HOMEWORK (1)  Tough Grader (1)  Caring (1)  Gives good feedback (1),10,04/13/2011,ECON205,4.0,3.0,N/A,N/A,N/A,N/A,,1,0,Awesome teacher and guy in general! Wants everyone to succeed in the class and gives tons of extra credit opportunities. I would def. recommend him to everyone! im a business minor and his class has been the most beneficial to me so far.
John  Kottmeyer,Samford University,Economics department, Birmingham, AL,9,3.5,N/A,1.7,LECTURE HEAVY (4)  Clear grading criteria (3)  EXTRA CREDIT (3)  LOTS OF HOMEWORK (1)  Tough Grader (1)  Caring (1)  Gives good feedback (1),10,04/15/2010,ECON401,2.5,2.0,N/A,N/A,N/A,N/A,,0,0,Really nice guy. Knows his banking and econ. Not very exciting lecturer however. Very little book use and tons of extra credit. Very doable econ class whichever one you are taking. I recommend.
John  Kottmeyer,Samford University,Economics department, Birmingham, AL,9,3.5,N/A,1.7,LECTURE HEAVY (4)  Clear grading criteria (3)  EXTRA CREDIT (3)  LOTS OF HOMEWORK (1)  Tough Grader (1)  Caring (1)  Gives good feedback (1),10,10/20/2009,ECON201,4.0,3.0,N/A,N/A,N/A,N/A,,0,0,"i am currently in his economics class. if you dont pay attention you can get lost, but he wants everyone to do good and understand economics. super sweet/nice professor and gives so many extra credit opportunities. good stuff. and if you need help he is more than willing to explain. I would recommend taking him for sure."
