professor_name,school_name,department_name,local_name,state_name,year_since_first_review,star_rating,take_again,diff_index,tag_professor,num_student,post_date,name_onlines,student_star,student_difficult,attence,for_credits,would_take_agains,grades,stu_tags,help_useful,help_not_useful,comments
Stacia  Nelson,Lethbridge College,Physical Education department, Lethbridge, AB,7,1.4,N/A,3.8,Tough Grader (2)  GRADED BY FEW THINGS (1)  SO MANY PAPERS (1)  LECTURE HEAVY (1)  Get ready to read (1),11,01/13/2017,BIO1160,1.0,4.0,Mandatory,Yes,No,B+,LECTURE HEAVY  GRADED BY FEW THINGS  GET READY TO READ,2,0,"Stacia is constantly on a power trip. She gets defensive if you ask her questions, and only considers the material from an ""exercise physiologist"" perspective. The powerpoints and notes (and even the final!) were filled with spelling errors, and she spends too much time on basic concepts and expects you to figure out the difficult ones on your own."
Stacia  Nelson,Lethbridge College,Physical Education department, Lethbridge, AB,7,1.4,N/A,3.8,Tough Grader (2)  GRADED BY FEW THINGS (1)  SO MANY PAPERS (1)  LECTURE HEAVY (1)  Get ready to read (1),11,12/12/2016,PED2267,1.0,3.0,Not Mandatory,Yes,No,C+,SO MANY PAPERS  TOUGH GRADER,0,0,"Doesn\'t teach well, expects you to just know everything without any instructions."
Stacia  Nelson,Lethbridge College,Physical Education department, Lethbridge, AB,7,1.4,N/A,3.8,Tough Grader (2)  GRADED BY FEW THINGS (1)  SO MANY PAPERS (1)  LECTURE HEAVY (1)  Get ready to read (1),11,12/02/2015,PED2267,2.5,5.0,Mandatory,Yes,N/A,N/A,TOUGH GRADER,0,0,Takes forever to mark anything. Waited weeks for assignments to be graded.
Stacia  Nelson,Lethbridge College,Physical Education department, Lethbridge, AB,7,1.4,N/A,3.8,Tough Grader (2)  GRADED BY FEW THINGS (1)  SO MANY PAPERS (1)  LECTURE HEAVY (1)  Get ready to read (1),11,01/08/2014,PED2677,1.0,4.0,Mandatory,N/A,N/A,INC,,0,0,"The worst prof I have ever experienced. Rude, boring, bad attitude. I keep trying to give her a chance and she keeps proving me right - teaching is not for you. I have major trouble attending her class because of the level of disklike and un-enjoyment I experience. She has ruined my entire college experience to be honest."
Stacia  Nelson,Lethbridge College,Physical Education department, Lethbridge, AB,7,1.4,N/A,3.8,Tough Grader (2)  GRADED BY FEW THINGS (1)  SO MANY PAPERS (1)  LECTURE HEAVY (1)  Get ready to read (1),11,12/02/2013,PED2262,1.0,4.0,Not Mandatory,N/A,N/A,N/A,,1,0,"Terrible, attitude problems, no fun, makes things more difficult then they need to be, this program needs a strong role model and mentor .. Someone who practise what they preach.. Personally this prof ruined the whole experience for me"
Stacia  Nelson,Lethbridge College,Physical Education department, Lethbridge, AB,7,1.4,N/A,3.8,Tough Grader (2)  GRADED BY FEW THINGS (1)  SO MANY PAPERS (1)  LECTURE HEAVY (1)  Get ready to read (1),11,11/08/2013,PED1153,1.5,3.0,Mandatory,N/A,N/A,N/A,,0,0,"not helpful if you want to know how the equipment works, and work outs are confusing and not very useful for the final testing"
Stacia  Nelson,Lethbridge College,Physical Education department, Lethbridge, AB,7,1.4,N/A,3.8,Tough Grader (2)  GRADED BY FEW THINGS (1)  SO MANY PAPERS (1)  LECTURE HEAVY (1)  Get ready to read (1),11,11/08/2013,PED1153,1.0,4.0,Mandatory,N/A,N/A,N/A,,0,0,Class time is spent irrelevant to what the class is tested on. The assignments are also irrelevant to what is being taught.
Stacia  Nelson,Lethbridge College,Physical Education department, Lethbridge, AB,7,1.4,N/A,3.8,Tough Grader (2)  GRADED BY FEW THINGS (1)  SO MANY PAPERS (1)  LECTURE HEAVY (1)  Get ready to read (1),11,10/12/2011,PED259,2.0,3.0,N/A,N/A,N/A,N/A,,0,0,Major power trips and takes everything very serious.
Stacia  Nelson,Lethbridge College,Physical Education department, Lethbridge, AB,7,1.4,N/A,3.8,Tough Grader (2)  GRADED BY FEW THINGS (1)  SO MANY PAPERS (1)  LECTURE HEAVY (1)  Get ready to read (1),11,12/02/2010,PED262,2.0,5.0,N/A,N/A,N/A,N/A,,0,0,"Aweful teacher, goes on power trips, marks unfair...just HORRIBLE"
Stacia  Nelson,Lethbridge College,Physical Education department, Lethbridge, AB,7,1.4,N/A,3.8,Tough Grader (2)  GRADED BY FEW THINGS (1)  SO MANY PAPERS (1)  LECTURE HEAVY (1)  Get ready to read (1),11,08/06/2010,PED259,1.5,4.0,N/A,N/A,N/A,N/A,,0,0,terrible
Stacia  Nelson,Lethbridge College,Physical Education department, Lethbridge, AB,7,1.4,N/A,3.8,Tough Grader (2)  GRADED BY FEW THINGS (1)  SO MANY PAPERS (1)  LECTURE HEAVY (1)  Get ready to read (1),11,02/17/2010,PED259,1.0,3.0,N/A,N/A,N/A,N/A,,0,0,
