professor_name,school_name,department_name,local_name,state_name,year_since_first_review,star_rating,take_again,diff_index,tag_professor,num_student,post_date,name_onlines,student_star,student_difficult,attence,for_credits,would_take_agains,grades,stu_tags,help_useful,help_not_useful,comments
Sharon  Golstein,Towson University,Mass Communications department, Towson, MD,1,4.6,N/A,2.3,,6,04/23/2010,COMM131,4.0,3.0,N/A,N/A,N/A,N/A,,0,0,"Overall, pretty good class considering I dislike public speaking. She is a hard grader on the speeches and classwork..seems a little unfair at times. However, I\'d reccommend the class."
Sharon  Golstein,Towson University,Mass Communications department, Towson, MD,1,4.6,N/A,2.3,,6,12/28/2009,MCOM101,5.0,3.0,N/A,N/A,N/A,N/A,,0,0,"Take this class! She is to the point. She will get your work back to u n a timely fashion. She is a hard grader on journals, but she is overall ok on the grading. U will have open notes quizzes (thats a plus, three exams, individual career packet (10-15pg), and group assignment. Hectic at the end of the semester. Overall a wonderful class!"
Sharon  Golstein,Towson University,Mass Communications department, Towson, MD,1,4.6,N/A,2.3,,6,12/22/2009,COMM131,4.0,2.0,N/A,N/A,N/A,N/A,,0,0,"Very nice teacher. She grades speeches a little hard. Tests are very easy and she gives a great review before them which is helpful. Do not text in her class, you will be counted as absesnt even if u answered every question that day. Go to class for small classworks not taking is not necessary all the notes are in the book. buy the book it helps!"
Sharon  Golstein,Towson University,Mass Communications department, Towson, MD,1,4.6,N/A,2.3,,6,05/29/2009,MCOM101,5.0,1.0,N/A,N/A,N/A,N/A,,0,0,"Professor Golstein is very nice. Her class is conducted in a professional manner and she is very thorough and exact in her teaching, grading and explanations. It can become a bit tedious at times, but not too bad. The class is relatively easy, it is a 100 level class after all, but not that boring. Strongly recommend Golstein."
Sharon  Golstein,Towson University,Mass Communications department, Towson, MD,1,4.6,N/A,2.3,,6,05/23/2009,MCOM101,4.5,2.0,N/A,N/A,N/A,N/A,,0,0,Very nice teacher. I\'m not a mass comm major and I got a B. It was a little more than and basic 100 level class. The end of the semester there was an individual project which came out to about 10 page paper and along with it there was a group project. 3 exams 5 journal entries and about 9 quizzes and lowest grade gets dropped. Definitely take her.
Sharon  Golstein,Towson University,Mass Communications department, Towson, MD,1,4.6,N/A,2.3,,6,01/26/2009,COMM131,5.0,3.0,N/A,N/A,N/A,N/A,,0,0,she is so sweet! didnt really reveal anything about her personal life so i never got to know her that well but she is always there during her office hours and is very nice! she can be a tough grader when it comes to grading speeches but it is for the best. you do need the book for quizzes. i highly recommend her. she was a nice teacher to have
