professor_name,school_name,department_name,local_name,state_name,year_since_first_review,star_rating,take_again,diff_index,tag_professor,num_student,post_date,name_onlines,student_star,student_difficult,attence,for_credits,would_take_agains,grades,stu_tags,help_useful,help_not_useful,comments
Tom  Clavin,Suffolk County Community College,English department, Riverhead, NY,8,4.4,N/A,1.1,Respected (2)  Caring (1)  Inspirational (1)  Amazing lectures (1)  Hilarious (1)  Gives good feedback (1),11,09/06/2017,ENG101,5.0,1.0,N/A,Yes,Yes,A,GIVES GOOD FEEDBACK  RESPECTED  INSPIRATIONAL,0,0,"Amazing professor. In class time is spent hearing him read stories, but also gives great writing advice. By far my favorite English teacher out of all the years of middle/high school/college."
Tom  Clavin,Suffolk County Community College,English department, Riverhead, NY,8,4.4,N/A,1.1,Respected (2)  Caring (1)  Inspirational (1)  Amazing lectures (1)  Hilarious (1)  Gives good feedback (1),11,11/27/2016,ENG101,5.0,1.0,N/A,Yes,Yes,N/A,RESPECTED  CARING,1,0,"SUPER friendly guy. I forgot the first assignment and he let me email it to him the next day for full credit. Really laid back, my only issue is that the entire class he spends reading papers or Stephen King passages. That is in no way a deal breaker though, I wish all my professors were like him!"
Tom  Clavin,Suffolk County Community College,English department, Riverhead, NY,8,4.4,N/A,1.1,Respected (2)  Caring (1)  Inspirational (1)  Amazing lectures (1)  Hilarious (1)  Gives good feedback (1),11,11/19/2015,ENG101,5.0,2.0,N/A,Yes,Yes,A,HILARIOUS  AMAZING LECTURES,1,0,"Awesome Professor, he\'s really laid back and i actually had fun writing his papers because of the topics he picked. Definitely recommend"
Tom  Clavin,Suffolk County Community College,English department, Riverhead, NY,8,4.4,N/A,1.1,Respected (2)  Caring (1)  Inspirational (1)  Amazing lectures (1)  Hilarious (1)  Gives good feedback (1),11,07/02/2012,ENGEXP,5.0,1.0,N/A,N/A,N/A,N/A,,0,0,"Advanced Expository Writing class was one of the easiest best classes I\'ve ever taken! He is amazing and very helpful. It is one of the best classes you will ever take! Great personality, humorous, attendance not recorded."
Tom  Clavin,Suffolk County Community College,English department, Riverhead, NY,8,4.4,N/A,1.1,Respected (2)  Caring (1)  Inspirational (1)  Amazing lectures (1)  Hilarious (1)  Gives good feedback (1),11,05/02/2012,ENG380,4.5,1.0,N/A,N/A,N/A,N/A,,0,0,"Easiest college course I have taken. He is funny, down to earth, and a very easy grader. There is 1 assignment each week, but nothing that is too crazy. Most assignments are no longer than 200 words! If you\'re looking for an easy A then this is the class to take!"
Tom  Clavin,Suffolk County Community College,English department, Riverhead, NY,8,4.4,N/A,1.1,Respected (2)  Caring (1)  Inspirational (1)  Amazing lectures (1)  Hilarious (1)  Gives good feedback (1),11,04/21/2012,ENG101,1.5,1.0,N/A,N/A,N/A,N/A,,1,1,Boring teacher. I learned nothing like how to correct my errors on my papers. All he talked about was Stephen King. Easy work but useless.
Tom  Clavin,Suffolk County Community College,English department, Riverhead, NY,8,4.4,N/A,1.1,Respected (2)  Caring (1)  Inspirational (1)  Amazing lectures (1)  Hilarious (1)  Gives good feedback (1),11,05/20/2011,ENG101,5.0,1.0,N/A,N/A,N/A,N/A,,0,0,best teacher highly recomended.. down to earth n very understanding alsogreat grader..
Tom  Clavin,Suffolk County Community College,English department, Riverhead, NY,8,4.4,N/A,1.1,Respected (2)  Caring (1)  Inspirational (1)  Amazing lectures (1)  Hilarious (1)  Gives good feedback (1),11,03/18/2010,ENG101,4.0,1.0,N/A,N/A,N/A,N/A,,0,0,"Clavin is an easy teacher, no major assignments, no tests or finals...But he spends all class reading out of an promoting his book. The time that isn\'t spent like that is spent either reading from Stephan King or clearing his throat obnoxiously. Not bad if you want an easy grade, but annoying if you actually expected to be taught."
Tom  Clavin,Suffolk County Community College,English department, Riverhead, NY,8,4.4,N/A,1.1,Respected (2)  Caring (1)  Inspirational (1)  Amazing lectures (1)  Hilarious (1)  Gives good feedback (1),11,11/15/2009,ENG101,5.0,1.0,N/A,N/A,N/A,N/A,,0,0,"Easy teacher, easy class, very nice and funny guy. only assignment is one paper per week. no tests, quizzes, textbook or final. I highly recommend him."
Tom  Clavin,Suffolk County Community College,English department, Riverhead, NY,8,4.4,N/A,1.1,Respected (2)  Caring (1)  Inspirational (1)  Amazing lectures (1)  Hilarious (1)  Gives good feedback (1),11,05/08/2009,ENG101,4.5,1.0,N/A,N/A,N/A,N/A,,0,0,"great teacher! hes funny and a good person, he only makes you do 1 paper a week so he is very easy, and he is very easy on grading"
Tom  Clavin,Suffolk County Community College,English department, Riverhead, NY,8,4.4,N/A,1.1,Respected (2)  Caring (1)  Inspirational (1)  Amazing lectures (1)  Hilarious (1)  Gives good feedback (1),11,04/29/2009,ENG101,4.0,1.0,N/A,N/A,N/A,N/A,,0,0,Pretty cool teacher. He\'s a little funny. He has you right a page a week on the theme he gives you the week before. He grades easy and he\'s really sweet.
