professor_name,school_name,department_name,local_name,state_name,year_since_first_review,star_rating,take_again,diff_index,tag_professor,num_student,post_date,name_onlines,student_star,student_difficult,attence,for_credits,would_take_agains,grades,stu_tags,help_useful,help_not_useful,comments
Brenda  Arneson,Dakota County Technical College,Nursing department, Rosemount, MN,6,5.0,N/A,1.8,Respected (3)  Caring (2)  Gives good feedback (2)  LOTS OF HOMEWORK (1),6,05/24/2016,HEAL1150,5.0,2.0,Mandatory,Yes,Yes,A,RESPECTED  LOTS OF HOMEWORK,0,0,"I took Brenda\'s Medical Dosing/Calculations course. She is a no-nonsense down-to-business instructor, and I like that. She grades homework and tests right away, and is more than willing to help when you have questions. I wish more instructors were like her. Be sure to take advantage of the tutoring hours before class too, as this helps for exams."
Brenda  Arneson,Dakota County Technical College,Nursing department, Rosemount, MN,6,5.0,N/A,1.8,Respected (3)  Caring (2)  Gives good feedback (2)  LOTS OF HOMEWORK (1),6,05/10/2016,HEAL1150,5.0,1.0,Mandatory,Yes,N/A,A,CARING  GIVES GOOD FEEDBACK  RESPECTED,0,0,Brenda is great. She is approachable and makes you feel like you can be a nurse and will help you get there. I love my new role!
Brenda  Arneson,Dakota County Technical College,Nursing department, Rosemount, MN,6,5.0,N/A,1.8,Respected (3)  Caring (2)  Gives good feedback (2)  LOTS OF HOMEWORK (1),6,01/03/2016,HEAL1060,5.0,2.0,N/A,Yes,N/A,N/A,CARING  RESPECTED  GIVES GOOD FEEDBACK,0,0,She was the director of my nursing program and is likely the reason I felt so comfortable. I could approach her with pretty much any issue and she would advocate for you. I\'m gonna miss the program but I graduated and ready to start my nursing career!
Brenda  Arneson,Dakota County Technical College,Nursing department, Rosemount, MN,6,5.0,N/A,1.8,Respected (3)  Caring (2)  Gives good feedback (2)  LOTS OF HOMEWORK (1),6,03/21/2012,HEAL1150,5.0,3.0,N/A,N/A,N/A,N/A,,0,0,I also had Brenda for CNA and I really liked her.
Brenda  Arneson,Dakota County Technical College,Nursing department, Rosemount, MN,6,5.0,N/A,1.8,Respected (3)  Caring (2)  Gives good feedback (2)  LOTS OF HOMEWORK (1),6,11/29/2011,HEAL1060,5.0,1.0,N/A,N/A,N/A,N/A,,0,0,Brenda was awesome! All the material is made up by the State so can\'t really blame her for the tests or anything. She tries to make it as fun as possible. You HAVE to show up for class and do fairly well on chapter tests. But again these are the states standards for Nursing Assistants not hers. She was awesome though.
Brenda  Arneson,Dakota County Technical College,Nursing department, Rosemount, MN,6,5.0,N/A,1.8,Respected (3)  Caring (2)  Gives good feedback (2)  LOTS OF HOMEWORK (1),6,11/23/2010,HEAL1060,5.0,2.0,N/A,N/A,N/A,N/A,,0,0,"I took the Nursing Assistant course with Brenda, and really enjoyed it. She was knowledgeable, and had a lot of experience in the field and teaching. She made it a fun, fairly easy class while stressing the importance of attendance and the seriousness of learning."
